Title,Price,Product URL,Image URL
"Boult Crown Pro 2.01"" AMOLED, BT Calling, Working Crown, AOD, Zinc Alloy Frame, SpO2 Smartwatch  (Phantom Black Strap, Free Size)","₹1,699",https://www.flipkart.com/boult-crown-pro-2-01-amoled-bt-calling-working-crown-aod-zinc-alloy-frame-spo2-smartwatch/p/itm255b75b4e3d5f?pid=SMWH64GEGNMG4FBH&lid=LSTSMWH64GEGNMG4FBHYNRKDS&marketplace=FLIPKART&q=boult+smartwatches&store=ajy%2Fbuh&srno=s_1_40&otracker=search&otracker1=search&fm=organic&iid=4369ed2e-e735-46e2-a022-9d98c189b6ca.SMWH64GEGNMG4FBH.SEARCH&ppt=None&ppn=None&ssid=9v2kfg0npc0000001744461364589&qH=b4f68f830feeb2e3,https://rukminim2.flixcart.com/image/416/416/xif0q/smartwatch/p/i/j/-original-imah6zuahrgt3eyu.jpeg?q=70&crop=false
"Boult Striker Bluetooth Calling, Health Tracking, Zinc Alloy Frame, 100+ Sports Modes Smartwatch  (Blue Strap, Free Size)","₹1,299",https://www.flipkart.com/boult-striker-bluetooth-calling-health-tracking-zinc-alloy-frame-100-sports-modes-smartwatch/p/itm49721f9688564?pid=SMWGHSDHGHHCWZJB&lid=LSTSMWGHSDHGHHCWZJB4ZRI2E&marketplace=FLIPKART&q=boult+smartwatches&store=ajy%2Fbuh&srno=s_1_39&otracker=search&otracker1=search&fm=organic&iid=4369ed2e-e735-46e2-a022-9d98c189b6ca.SMWGHSDHGHHCWZJB.SEARCH&ppt=None&ppn=None&ssid=9v2kfg0npc0000001744461364589&qH=b4f68f830feeb2e3,https://rukminim2.flixcart.com/image/416/416/xif0q/smartwatch/n/e/1/-original-imagn45ffeeg7pfy.jpeg?q=70&crop=false
"Boult Mirage 1.39"" Screen, BT Calling, Working Crown, Zinc Alloy Frame, 500 Nits, Smartwatch  (Coal Black Strap, Free Size)","₹1,799",https://www.flipkart.com/boult-mirage-1-39-screen-bt-calling-working-crown-zinc-alloy-frame-500-nits-smartwatch/p/itmff8c70cb7cb10?pid=SMWGTDTXKFNTHJYX&lid=LSTSMWGTDTXKFNTHJYXVVFAL1&marketplace=FLIPKART&q=boult+smartwatches&store=ajy%2Fbuh&srno=s_1_38&otracker=search&otracker1=search&fm=organic&iid=en_Ouym4PDHyhJXdweNrO5lcs1CaQusOdw8fRw95Dbs8XlvPxba_7pdfs9txItNXVrY2aYAezRpj-lKC0Dl79Eid4QEIsITtCzc4bHaOMTqL08%3D&ppt=None&ppn=None&ssid=9v2kfg0npc0000001744461364589&qH=b4f68f830feeb2e3,https://rukminim2.flixcart.com/image/416/416/xif0q/smartwatch/s/b/i/-original-imagufrhupfbrqf6.jpeg?q=70&crop=false
"Boult Drift 2 BT calling, 1.85 HD Screen, Working Crown, Sturdy Metallic Frame, SpO2 Smartwatch  (Blue Strap, Free Size)","₹1,299",https://www.flipkart.com/boult-drift-2-bt-calling-1-85-hd-screen-working-crown-sturdy-metallic-frame-spo2-smartwatch/p/itm8390f97e2086c?pid=SMWGR767KHP8BNCG&lid=LSTSMWGR767KHP8BNCGYO7SMG&marketplace=FLIPKART&q=boult+smartwatches&store=ajy%2Fbuh&srno=s_1_37&otracker=search&otracker1=search&fm=organic&iid=en_Ouym4PDHyhJXdweNrO5lcs1CaQusOdw8fRw95Dbs8Xk-gT-7k2P43_1hP8WNumiWirL0SBzJ6ot_2O_e6vU94E4IsYyWu-Pj9cxFjFAoaLk%3D&ppt=None&ppn=None&ssid=9v2kfg0npc0000001744461364589&qH=b4f68f830feeb2e3,https://rukminim2.flixcart.com/image/416/416/xif0q/smartwatch/3/p/1/-original-imags32ygpzmjz2m.jpeg?q=70&crop=false
"Boult Crown Pro 2.01"" AMOLED, BT Calling, Working Crown, AOD, Zinc Alloy Frame, SpO2 Smartwatch  (Midnight Black Strap, Free Size)","₹1,799",https://www.flipkart.com/boult-crown-pro-2-01-amoled-bt-calling-working-crown-aod-zinc-alloy-frame-spo2-smartwatch/p/itmbc707bd6cd191?pid=SMWH64GEU5EHDKFS&lid=LSTSMWH64GEU5EHDKFSLKWG5V&marketplace=FLIPKART&q=boult+smartwatches&store=ajy%2Fbuh&srno=s_1_36&otracker=search&otracker1=search&fm=organic&iid=4369ed2e-e735-46e2-a022-9d98c189b6ca.SMWH64GEU5EHDKFS.SEARCH&ppt=None&ppn=None&ssid=9v2kfg0npc0000001744461364589&qH=b4f68f830feeb2e3,https://rukminim2.flixcart.com/image/416/416/xif0q/smartwatch/p/i/j/-original-imah6zuahrgt3eyu.jpeg?q=70&crop=false
"Boult Ridge BT Calling 1.8"" HD Display, Zinc Alloy Frame, 140+ Watch Faces, 500Nits Smartwatch  (Green Strap, Free Size)","₹1,099",https://www.flipkart.com/boult-ridge-bt-calling-1-8-hd-display-zinc-alloy-frame-140-watch-faces-500nits-smartwatch/p/itma14260dd5f725?pid=SMWGHQSVZ5RAAUX2&lid=LSTSMWGHQSVZ5RAAUX26GYGRQ&marketplace=FLIPKART&q=boult+smartwatches&store=ajy%2Fbuh&srno=s_1_35&otracker=search&otracker1=search&fm=organic&iid=4369ed2e-e735-46e2-a022-9d98c189b6ca.SMWGHQSVZ5RAAUX2.SEARCH&ppt=None&ppn=None&ssid=9v2kfg0npc0000001744461364589&qH=b4f68f830feeb2e3,https://rukminim2.flixcart.com/image/416/416/xif0q/smartwatch/g/k/l/-original-imagjug8tqqexqeu.jpeg?q=70&crop=false
"Boult Drift Max 2.01''HD Screen,BT Calling, Working Crown, Complete Health Track, IP68 Smartwatch  (Pure Black Strap, Free Size)","₹1,199",https://www.flipkart.com/boult-drift-max-2-01-hd-screen-bt-calling-working-crown-complete-health-track-ip68-smartwatch/p/itm714e3e018ced6?pid=SMWH6PTYRPC3N3NJ&lid=LSTSMWH6PTYRPC3N3NJOPQSPW&marketplace=FLIPKART&q=boult+smartwatches&store=ajy%2Fbuh&srno=s_1_34&otracker=search&otracker1=search&fm=organic&iid=4369ed2e-e735-46e2-a022-9d98c189b6ca.SMWH6PTYRPC3N3NJ.SEARCH&ppt=None&ppn=None&ssid=9v2kfg0npc0000001744461364589&qH=b4f68f830feeb2e3,https://rukminim2.flixcart.com/image/416/416/xif0q/smartwatch/f/o/9/-original-imah8qfwgx9mhedt.jpeg?q=70&crop=false
"Boult Rover Pro 1.43'' AMOLED, BT Calling, 565 Nits Brightness, Health Smartwatch  (Coal Black Strap, Free Size)","₹1,999",https://www.flipkart.com/boult-rover-pro-1-43-amoled-bt-calling-565-nits-brightness-health-smartwatch/p/itm2a3693a3e8adb?pid=SMWH8G59HQDYQZPD&lid=LSTSMWH8G59HQDYQZPDDEDWDQ&marketplace=FLIPKART&q=boult+smartwatches&store=ajy%2Fbuh&srno=s_1_33&otracker=search&otracker1=search&fm=organic&iid=4369ed2e-e735-46e2-a022-9d98c189b6ca.SMWH8G59HQDYQZPD.SEARCH&ppt=None&ppn=None&ssid=9v2kfg0npc0000001744461364589&qH=b4f68f830feeb2e3,https://rukminim2.flixcart.com/image/416/416/xif0q/smartwatch/t/r/s/-original-imah9k32hbmwmngb.jpeg?q=70&crop=false
"Boult Mirage 1.39"" Screen, BT Calling, Working Crown, Zinc Alloy Frame, 500 Nits, SpO2 Smartwatch  (Gold Strap, Free Size)","₹1,899",https://www.flipkart.com/boult-mirage-1-39-screen-bt-calling-working-crown-zinc-alloy-frame-500-nits-spo2-smartwatch/p/itm3b9a449510084?pid=SMWGTDTX2GRVVNF7&lid=LSTSMWGTDTX2GRVVNF7UYLHLZ&marketplace=FLIPKART&q=boult+smartwatches&store=ajy%2Fbuh&srno=s_1_32&otracker=search&otracker1=search&fm=organic&iid=en_Ouym4PDHyhJXdweNrO5lcs1CaQusOdw8fRw95Dbs8XlQwVdLX-vP4QApfiFCvNOz8Wis7MU0DzitvNY6vGfjKeI7uWi7bi3WLqk6JF-UYDE%3D&ppt=None&ppn=None&ssid=9v2kfg0npc0000001744461364589&qH=b4f68f830feeb2e3,https://rukminim2.flixcart.com/image/416/416/xif0q/smartwatch/y/o/j/-original-imagyu7a9jkgtqcx.jpeg?q=70&crop=false
"Boult Pyro Rotating Bezel, 1.43"" AMOLED, 600 Nits, BT Calling, Health Tracker, IP68 Smartwatch  (Gunmetal Strap, Free Size)","₹2,499",https://www.flipkart.com/boult-pyro-rotating-bezel-1-43-amoled-600-nits-bt-calling-health-tracker-ip68-smartwatch/p/itm46c0f1e52e252?pid=SMWH9HRQPEMPHGYF&lid=LSTSMWH9HRQPEMPHGYFHYWEBO&marketplace=FLIPKART&q=boult+smartwatches&store=ajy%2Fbuh&srno=s_1_31&otracker=search&otracker1=search&fm=organic&iid=en_Ouym4PDHyhJXdweNrO5lcs1CaQusOdw8fRw95Dbs8Xm4dAm1riaFtna0G8r0o86JeitXvh3ipGf4fQvbvAJqQfcUmN_6PwCReg_VTM4VLxo%3D&ppt=None&ppn=None&ssid=9v2kfg0npc0000001744461364589&qH=b4f68f830feeb2e3,https://rukminim2.flixcart.com/image/416/416/xif0q/smartwatch/f/k/i/-original-imah9t88fr4dfyq8.jpeg?q=70&crop=false
"Boult Sterling Pro 1.43"" AMOLED, Stainless Steel Metallic Body, BT Calling, Rugged Smartwatch  (Black Strap, Free Size)","₹1,799",https://www.flipkart.com/boult-sterling-pro-1-43-amoled-stainless-steel-metallic-body-bt-calling-rugged-smartwatch/p/itmd5465a850b2d9?pid=SMWGS9ZA2ZHYKYG2&lid=LSTSMWGS9ZA2ZHYKYG29XAYZ8&marketplace=FLIPKART&q=boult+smartwatches&store=ajy%2Fbuh&srno=s_1_30&otracker=search&otracker1=search&fm=organic&iid=4369ed2e-e735-46e2-a022-9d98c189b6ca.SMWGS9ZA2ZHYKYG2.SEARCH&ppt=None&ppn=None&ssid=9v2kfg0npc0000001744461364589&qH=b4f68f830feeb2e3,https://rukminim2.flixcart.com/image/416/416/xif0q/smartwatch/f/g/s/-original-imagz95fgbhqpjf7.jpeg?q=70&crop=false
"Boult Crown 1.95'' Screen, BT Calling, Working Crown, Zinc Alloy Frame, 900 Nits, SpO2 Smartwatch  (Blue Strap, Free Size)","₹1,399",https://www.flipkart.com/boult-crown-1-95-screen-bt-calling-working-crown-zinc-alloy-frame-900-nits-spo2-smartwatch/p/itm7dd33ff6ded91?pid=SMWGPHT4K4YDQUR6&lid=LSTSMWGPHT4K4YDQUR69J5BIR&marketplace=FLIPKART&q=boult+smartwatches&store=ajy%2Fbuh&srno=s_1_29&otracker=search&otracker1=search&fm=organic&iid=4369ed2e-e735-46e2-a022-9d98c189b6ca.SMWGPHT4K4YDQUR6.SEARCH&ppt=None&ppn=None&ssid=9v2kfg0npc0000001744461364589&qH=b4f68f830feeb2e3,https://rukminim2.flixcart.com/image/416/416/xif0q/smartwatch/p/h/0/-original-imah3j8rxgzwfkzz.jpeg?q=70&crop=false
"Boult Drift+ Bluetooth Calling, 1.85"" HD, 500 Nits Brightness, 150+ Watchfaces, SpO2 Smartwatch  (Peach fuzz Strap, Free Size)","₹1,199",https://www.flipkart.com/boult-drift-bluetooth-calling-1-85-hd-500-nits-brightness-150-watchfaces-spo2-smartwatch/p/itme171ba9906c5f?pid=SMWGZSX59YCAZRSX&lid=LSTSMWGZSX59YCAZRSXO7QMKO&marketplace=FLIPKART&q=boult+smartwatches&store=ajy%2Fbuh&srno=s_1_28&otracker=search&otracker1=search&fm=organic&iid=en_Ouym4PDHyhJXdweNrO5lcs1CaQusOdw8fRw95Dbs8Xllkmth3VRuJXQjlk2Isa2QHGS6vIrjRQ7HCAX-8wzdE2Vkv0XZFiOX7bbXdlao_f8%3D&ppt=None&ppn=None&ssid=9v2kfg0npc0000001744461364589&qH=b4f68f830feeb2e3,https://rukminim2.flixcart.com/image/416/416/xif0q/smartwatch/n/h/q/-original-imagzv6hnnyepyad.jpeg?q=70&crop=false
"Boult Crown 1.95'' Screen, BT Calling, Working Crown, Zinc Alloy Frame, 900 Nits, SpO2 Smartwatch  (Silver Strap, Free Size)","₹1,399",https://www.flipkart.com/boult-crown-1-95-screen-bt-calling-working-crown-zinc-alloy-frame-900-nits-spo2-smartwatch/p/itm3353eafa34e5f?pid=SMWGSVXARMNAUZEE&lid=LSTSMWGSVXARMNAUZEEL9JCD6&marketplace=FLIPKART&q=boult+smartwatches&store=ajy%2Fbuh&srno=s_1_27&otracker=search&otracker1=search&fm=organic&iid=en_Ouym4PDHyhJXdweNrO5lcs1CaQusOdw8fRw95Dbs8XklpPkwQhiyQ1mZNRwKsFzOCLav1Uvqu4EDV7kQi1WzNInfEY2D5bWfIUmTlXs_oiU%3D&ppt=None&ppn=None&ssid=9v2kfg0npc0000001744461364589&qH=b4f68f830feeb2e3,https://rukminim2.flixcart.com/image/416/416/xif0q/smartwatch/e/j/v/-original-imagyamp2hzvdfdy.jpeg?q=70&crop=false
"Boult Trail Pro 2.01''3D Curved Display, 600Nits, 250+ Watch Faces, Health Track, IP68 Smartwatch  (Jet Black Strap, Free Size)","₹1,899",https://www.flipkart.com/boult-trail-pro-2-01-3d-curved-display-600nits-250-watch-faces-health-track-ip68-smartwatch/p/itm316c457451d80?pid=SMWH82VTDGR5F5DH&lid=LSTSMWH82VTDGR5F5DHN07SJH&marketplace=FLIPKART&q=boult+smartwatches&store=ajy%2Fbuh&srno=s_1_26&otracker=search&otracker1=search&fm=organic&iid=4369ed2e-e735-46e2-a022-9d98c189b6ca.SMWH82VTDGR5F5DH.SEARCH&ppt=None&ppn=None&ssid=9v2kfg0npc0000001744461364589&qH=b4f68f830feeb2e3,https://rukminim2.flixcart.com/image/416/416/xif0q/smartwatch/7/j/s/-original-imah8nz3pptay2dd.jpeg?q=70&crop=false
"Boult CrownR Pro 1.43''HD AMOLED, BT Calling, Zinc Alloy Frame, IP67, SpO2 Tracking Smartwatch  (Silver Strap, Free Size)","₹2,199",https://www.flipkart.com/boult-crownr-pro-1-43-hd-amoled-bt-calling-zinc-alloy-frame-ip67-spo2-tracking-smartwatch/p/itm7ba6674fba3b4?pid=SMWGQ2R4BBCTHGPZ&lid=LSTSMWGQ2R4BBCTHGPZO3VPAL&marketplace=FLIPKART&q=boult+smartwatches&store=ajy%2Fbuh&srno=s_1_25&otracker=search&otracker1=search&fm=organic&iid=4369ed2e-e735-46e2-a022-9d98c189b6ca.SMWGQ2R4BBCTHGPZ.SEARCH&ppt=None&ppn=None&ssid=9v2kfg0npc0000001744461364589&qH=b4f68f830feeb2e3,https://rukminim2.flixcart.com/image/416/416/xif0q/smartwatch/c/e/d/-original-imagyu7946gxymfe.jpeg?q=70&crop=false
"Boult Sterling 1.52"" Rugged & Shock Proof Design, BT Calling, 700 Nits, Metallic Frame Smartwatch  (Carbon Copper Strap, Free Size)","₹1,299",https://www.flipkart.com/boult-sterling-1-52-rugged-shock-proof-design-bt-calling-700-nits-metallic-frame-smartwatch/p/itm7125b7fdd167a?pid=SMWGSXJ4XM237QPM&lid=LSTSMWGSXJ4XM237QPMPJSRZ0&marketplace=FLIPKART&q=boult+smartwatches&store=ajy%2Fbuh&srno=s_1_24&otracker=search&otracker1=search&fm=organic&iid=4369ed2e-e735-46e2-a022-9d98c189b6ca.SMWGSXJ4XM237QPM.SEARCH&ppt=None&ppn=None&ssid=9v2kfg0npc0000001744461364589&qH=b4f68f830feeb2e3,https://rukminim2.flixcart.com/image/416/416/xif0q/smartwatch/p/t/6/-original-imagzfhkpxzgbmhw.jpeg?q=70&crop=false
"Boult Rover Pro 1.43"" AMOLED, BT Calling, Health Tracker Smartwatch  (Regal Strap, Free Size)","₹1,899",https://www.flipkart.com/boult-rover-pro-1-43-amoled-bt-calling-health-tracker-smartwatch/p/itm495ef4c74a30e?pid=SMWGNQGTFYK2SNZG&lid=LSTSMWGNQGTFYK2SNZGPBYAPV&marketplace=FLIPKART&q=boult+smartwatches&store=ajy%2Fbuh&srno=s_1_23&otracker=search&otracker1=search&fm=organic&iid=4369ed2e-e735-46e2-a022-9d98c189b6ca.SMWGNQGTFYK2SNZG.SEARCH&ppt=None&ppn=None&ssid=9v2kfg0npc0000001744461364589&qH=b4f68f830feeb2e3,https://rukminim2.flixcart.com/image/416/416/xif0q/smartwatch/i/o/a/-original-imah9k328ggsvq9g.jpeg?q=70&crop=false
"Boult Drift+ Bluetooth Calling, 1.85"" HD, 500 Nits Brightness, 150+ Watchfaces, SpO2 Smartwatch  (Chrome Strap, Free Size)","₹1,299",https://www.flipkart.com/boult-drift-bluetooth-calling-1-85-hd-500-nits-brightness-150-watchfaces-spo2-smartwatch/p/itmf528cf1f79ec5?pid=SMWGZSX5JZHHHCWS&lid=LSTSMWGZSX5JZHHHCWSYOIZPQ&marketplace=FLIPKART&q=boult+smartwatches&store=ajy%2Fbuh&srno=s_1_22&otracker=search&otracker1=search&fm=organic&iid=en_Ouym4PDHyhJXdweNrO5lcs1CaQusOdw8fRw95Dbs8Xk6cTaRP50rmuMxl26ODb594c1sy1oU-04SpIqcDEqVJ-o15S0a61Wzzbg3qNOknKY%3D&ppt=None&ppn=None&ssid=9v2kfg0npc0000001744461364589&qH=b4f68f830feeb2e3,https://rukminim2.flixcart.com/image/416/416/xif0q/smartwatch/2/0/d/-original-imagzv6hcjmukgzt.jpeg?q=70&crop=false
"Boult CrownR Pro 1.43''HD AMOLED, BT Calling, Zinc Alloy Frame, IP67, SpO2 Tracking Smartwatch  (Jet Black Strap, Free Size)","₹2,199",https://www.flipkart.com/boult-crownr-pro-1-43-hd-amoled-bt-calling-zinc-alloy-frame-ip67-spo2-tracking-smartwatch/p/itm471c0855c0c44?pid=SMWGSVWZDVCRFH4C&lid=LSTSMWGSVWZDVCRFH4CFR3RV3&marketplace=FLIPKART&q=boult+smartwatches&store=ajy%2Fbuh&srno=s_1_21&otracker=search&otracker1=search&fm=organic&iid=en_Ouym4PDHyhJXdweNrO5lcs1CaQusOdw8fRw95Dbs8XmY2rwzw7gkhlmYtXqIc41okEOherx1Ukl2Bb0nMVE8skKsf8s6I2Oz2HOgbXTo_9U%3D&ppt=None&ppn=None&ssid=9v2kfg0npc0000001744461364589&qH=b4f68f830feeb2e3,https://rukminim2.flixcart.com/image/416/416/xif0q/smartwatch/h/0/t/-original-imagxp8vawtgnhyf.jpeg?q=70&crop=false
"Boult Drift+ Bluetooth Calling, 1.85"" HD, 500 Nits Brightness, 150+ Watchfaces, SpO2 Smartwatch  (Snow Leather Strap, Free Size)","₹1,099",https://www.flipkart.com/boult-drift-bluetooth-calling-1-85-hd-500-nits-brightness-150-watchfaces-spo2-smartwatch/p/itme7b66e7e9ec39?pid=SMWGMH4JCHJHHEEU&lid=LSTSMWGMH4JCHJHHEEUHY4QIJ&marketplace=FLIPKART&q=boult+smartwatches&store=ajy%2Fbuh&srno=s_1_20&otracker=search&otracker1=search&fm=organic&iid=4369ed2e-e735-46e2-a022-9d98c189b6ca.SMWGMH4JCHJHHEEU.SEARCH&ppt=None&ppn=None&ssid=9v2kfg0npc0000001744461364589&qH=b4f68f830feeb2e3,https://rukminim2.flixcart.com/image/416/416/xif0q/smartwatch/s/j/a/-original-imagz952pdgkgzsq.jpeg?q=70&crop=false
"Boult Drift+ Bluetooth Calling, 1.85"" HD, 500 Nits Brightness, 150+ Watchfaces, SpO2 Smartwatch  (Jet Black Strap, Free Size)","₹1,199",https://www.flipkart.com/boult-drift-bluetooth-calling-1-85-hd-500-nits-brightness-150-watchfaces-spo2-smartwatch/p/itm9aab07df7f268?pid=SMWGMH4JA69PG4TF&lid=LSTSMWGMH4JA69PG4TF75UAZN&marketplace=FLIPKART&q=boult+smartwatches&store=ajy%2Fbuh&spotlightTagId=default_BestsellerId_ajy%2Fbuh&srno=s_1_19&otracker=search&otracker1=search&fm=organic&iid=4369ed2e-e735-46e2-a022-9d98c189b6ca.SMWGMH4JA69PG4TF.SEARCH&ppt=None&ppn=None&ssid=9v2kfg0npc0000001744461364589&qH=b4f68f830feeb2e3,https://rukminim2.flixcart.com/image/416/416/xif0q/smartwatch/e/e/p/-original-imah8mtwtmmxa47x.jpeg?q=70&crop=false
"Boult Crown 1.95'' Screen, BT Calling, Working Crown, Zinc Alloy Frame, 900 Nits, SpO2 Smartwatch  (Yellow Strap, Free Size)","₹1,199",https://www.flipkart.com/boult-crown-1-95-screen-bt-calling-working-crown-zinc-alloy-frame-900-nits-spo2-smartwatch/p/itm64167ad731c6b?pid=SMWGPHT4GX7YKVAA&lid=LSTSMWGPHT4GX7YKVAAKJVEDB&marketplace=FLIPKART&q=boult+smartwatches&store=ajy%2Fbuh&srno=s_1_18&otracker=search&otracker1=search&fm=organic&iid=en_Ouym4PDHyhJXdweNrO5lcs1CaQusOdw8fRw95Dbs8XmX-ZtP58Um3q_5M7V5LwszApcWxoCznO1bKWosIJ-TZ4QEIsITtCzc4bHaOMTqL08%3D&ppt=None&ppn=None&ssid=9v2kfg0npc0000001744461364589&qH=b4f68f830feeb2e3,https://rukminim2.flixcart.com/image/416/416/xif0q/smartwatch/n/i/p/-original-imagxxfxz766y27p.jpeg?q=70&crop=false
"Boult CrownR Pro 1.43''HD AMOLED, BT Calling, Zinc Alloy Frame, IP67, SpO2 Tracking Smartwatch  (Black Strap, Free Size)","₹1,999",https://www.flipkart.com/boult-crownr-pro-1-43-hd-amoled-bt-calling-zinc-alloy-frame-ip67-spo2-tracking-smartwatch/p/itmf5f0707221ff6?pid=SMWGQ2R434FUUF29&lid=LSTSMWGQ2R434FUUF2973BPQX&marketplace=FLIPKART&q=boult+smartwatches&store=ajy%2Fbuh&srno=s_1_17&otracker=search&otracker1=search&fm=organic&iid=en_Ouym4PDHyhJXdweNrO5lcs1CaQusOdw8fRw95Dbs8XkntRbg1MULFFspnZTtL-5tmsSecsYCjFNEgpoHEfgWOGJMZAJirnjvZRqZ0WhE16A%3D&ppt=None&ppn=None&ssid=9v2kfg0npc0000001744461364589&qH=b4f68f830feeb2e3,https://rukminim2.flixcart.com/image/416/416/xif0q/smartwatch/i/h/0/-original-imagz95fv2engvhx.jpeg?q=70&crop=false
"Boult Crown 1.95'' Screen, BT Calling, Working Crown, Zinc Alloy Frame, 900 Nits, SpO2 Smartwatch  (Black Strap, Free Size)","₹1,199",https://www.flipkart.com/boult-crown-1-95-screen-bt-calling-working-crown-zinc-alloy-frame-900-nits-spo2-smartwatch/p/itm2adec3fa608bc?pid=SMWGPHT4EHHJEZZM&lid=LSTSMWGPHT4EHHJEZZMZFCOPY&marketplace=FLIPKART&q=boult+smartwatches&store=ajy%2Fbuh&srno=s_1_16&otracker=search&otracker1=search&fm=organic&iid=4369ed2e-e735-46e2-a022-9d98c189b6ca.SMWGPHT4EHHJEZZM.SEARCH&ppt=None&ppn=None&ssid=9v2kfg0npc0000001744461364589&qH=b4f68f830feeb2e3,https://rukminim2.flixcart.com/image/416/416/xif0q/smartwatch/n/h/h/-original-imah3j8rpsqwzjkz.jpeg?q=70&crop=false
"Boult Drift BT Calling HD Display, 140+ Watchfaces, Complete Health Monitoring Smartwatch  (Gunmetal Strap, Free Size)","₹1,299",https://www.flipkart.com/boult-drift-bt-calling-hd-display-140-watchfaces-complete-health-monitoring-smartwatch/p/itm2af89cdd68003?pid=SMWGZSX5FZHSHY2J&lid=LSTSMWGZSX5FZHSHY2JD6A8KK&marketplace=FLIPKART&q=boult+smartwatches&store=ajy%2Fbuh&srno=s_1_15&otracker=search&otracker1=search&fm=organic&iid=4369ed2e-e735-46e2-a022-9d98c189b6ca.SMWGZSX5FZHSHY2J.SEARCH&ppt=None&ppn=None&ssid=9v2kfg0npc0000001744461364589&qH=b4f68f830feeb2e3,https://rukminim2.flixcart.com/image/416/416/xif0q/smartwatch/6/h/9/-original-imagzv6kshnwjyym.jpeg?q=70&crop=false
"Boult Drift BT Calling HD Display, 140+ Watchfaces, Complete Health Monitoring Smartwatch  (Beige Strap, Free Size)","₹1,199",https://www.flipkart.com/boult-drift-bt-calling-hd-display-140-watchfaces-complete-health-monitoring-smartwatch/p/itmfb17bcbb4e204?pid=SMWGMHUGERGB5YXD&lid=LSTSMWGMHUGERGB5YXD5XBFU7&marketplace=FLIPKART&q=boult+smartwatches&store=ajy%2Fbuh&srno=s_1_14&otracker=search&otracker1=search&fm=organic&iid=4369ed2e-e735-46e2-a022-9d98c189b6ca.SMWGMHUGERGB5YXD.SEARCH&ppt=None&ppn=None&ssid=9v2kfg0npc0000001744461364589&qH=b4f68f830feeb2e3,https://rukminim2.flixcart.com/image/416/416/xif0q/smartwatch/t/f/b/-original-imah8mtvdugzm4yd.jpeg?q=70&crop=false
"Boult Drift BT Calling HD Display, 140+ Watchfaces, Complete Health Monitoring Smartwatch  (Peach Strap, Free Size)","₹1,199",https://www.flipkart.com/boult-drift-bt-calling-hd-display-140-watchfaces-complete-health-monitoring-smartwatch/p/itmac37e7f2f1e18?pid=SMWGZSX5XGH2WYMA&lid=LSTSMWGZSX5XGH2WYMAYCSPMX&marketplace=FLIPKART&q=boult+smartwatches&store=ajy%2Fbuh&srno=s_1_13&otracker=search&otracker1=search&fm=organic&iid=4369ed2e-e735-46e2-a022-9d98c189b6ca.SMWGZSX5XGH2WYMA.SEARCH&ppt=None&ppn=None&ssid=9v2kfg0npc0000001744461364589&qH=b4f68f830feeb2e3,https://rukminim2.flixcart.com/image/416/416/xif0q/smartwatch/z/q/r/-original-imah8mtwg2mckp23.jpeg?q=70&crop=false
"Boult Drift+ Bluetooth Calling, 1.85"" HD, 500 Nits Brightness, 150+ Watchfaces, Smartwatch  (Black Coffee Strap, Free Size)","₹1,099",https://www.flipkart.com/boult-drift-bluetooth-calling-1-85-hd-500-nits-brightness-150-watchfaces-smartwatch/p/itm299eb0c3ef1a6?pid=SMWGMH4J3PWYQTRH&lid=LSTSMWGMH4J3PWYQTRHXA01MF&marketplace=FLIPKART&q=boult+smartwatches&store=ajy%2Fbuh&srno=s_1_12&otracker=search&otracker1=search&fm=organic&iid=en_Ouym4PDHyhJXdweNrO5lcs1CaQusOdw8fRw95Dbs8XloT_MSdZzGDEOwDXBrHTeut4bJyxIygPwfmHVOpaeC8Uhz9c-MSIoFe8xMxkfU6dM%3D&ppt=None&ppn=None&ssid=9v2kfg0npc0000001744461364589&qH=b4f68f830feeb2e3,https://rukminim2.flixcart.com/image/416/416/xif0q/smartwatch/b/z/c/-original-imah8mtxng4azdhe.jpeg?q=70&crop=false
"Boult Trail 2.01"" 3D Curved HD Display, Working Crown, 190+ Watch Faces, Health Track Smartwatch  (Metal Black Strap, Free Size)","₹1,309",https://www.flipkart.com/boult-trail-2-01-3d-curved-hd-display-working-crown-190-watch-faces-health-track-smartwatch/p/itm54546185fe74b?pid=SMWHYJMVCWNEYX9F&lid=LSTSMWHYJMVCWNEYX9FD1E5AM&marketplace=FLIPKART&q=boult+smartwatches&store=ajy%2Fbuh&srno=s_1_11&otracker=search&otracker1=search&fm=organic&iid=en_Ouym4PDHyhJXdweNrO5lcs1CaQusOdw8fRw95Dbs8XntPOH7VvJYRdi-gkRBlzBHaajMH05cSw1TWgowKp4kLuvN4Mn-dv-pi277bRzMbnY%3D&ppt=None&ppn=None&ssid=9v2kfg0npc0000001744461364589&qH=b4f68f830feeb2e3,https://rukminim2.flixcart.com/image/416/416/xif0q/smartwatch/5/6/6/-original-imahakpywwme8bdf.jpeg?q=70&crop=false
"Boult Drift BT Calling HD Display, 140+ Watchfaces, Complete Health Monitoring Smartwatch  (Green Strap, Free Size)","₹1,099",https://www.flipkart.com/boult-drift-bt-calling-hd-display-140-watchfaces-complete-health-monitoring-smartwatch/p/itm8e3a483f91c22?pid=SMWGMHUGET5DCJ3C&lid=LSTSMWGMHUGET5DCJ3CEHZXG3&marketplace=FLIPKART&q=boult+smartwatches&store=ajy%2Fbuh&srno=s_1_10&otracker=search&otracker1=search&fm=organic&iid=4369ed2e-e735-46e2-a022-9d98c189b6ca.SMWGMHUGET5DCJ3C.SEARCH&ppt=None&ppn=None&ssid=9v2kfg0npc0000001744461364589&qH=b4f68f830feeb2e3,https://rukminim2.flixcart.com/image/416/416/xif0q/smartwatch/9/a/w/-original-imah8mtk5qagwhhz.jpeg?q=70&crop=false
"Boult Drift BT Calling 1.69"" HD Display, 140+ Watchfaces, Complete Health Monitoring Smartwatch  (Sand Black Strap, Free Size)","₹1,099",https://www.flipkart.com/boult-drift-bt-calling-1-69-hd-display-140-watchfaces-complete-health-monitoring-smartwatch/p/itmc86093ba5f54b?pid=SMWGMH4RUBYE7SHF&lid=LSTSMWGMH4RUBYE7SHFJEOYVO&marketplace=FLIPKART&q=boult+smartwatches&store=ajy%2Fbuh&spotlightTagId=default_BestsellerId_ajy%2Fbuh&srno=s_1_9&otracker=search&otracker1=search&fm=organic&iid=4369ed2e-e735-46e2-a022-9d98c189b6ca.SMWGMH4RUBYE7SHF.SEARCH&ppt=None&ppn=None&ssid=9v2kfg0npc0000001744461364589&qH=b4f68f830feeb2e3,https://rukminim2.flixcart.com/image/416/416/xif0q/smartwatch/d/v/o/-original-imagysbhces2vkrk.jpeg?q=70&crop=false
"Boult Drift BT Calling HD Display, 140+ Watchfaces, Complete Health Monitoring Smartwatch  (Black Strap, Free Size)","₹1,399",https://www.flipkart.com/boult-drift-bt-calling-hd-display-140-watchfaces-complete-health-monitoring-smartwatch/p/itm65522c52de29c?pid=SMWGF5GETH3AH6WG&lid=LSTSMWGF5GETH3AH6WGVIN7BI&marketplace=FLIPKART&q=boult+smartwatches&store=ajy%2Fbuh&srno=s_1_8&otracker=search&otracker1=search&fm=organic&iid=4369ed2e-e735-46e2-a022-9d98c189b6ca.SMWGF5GETH3AH6WG.SEARCH&ppt=None&ppn=None&ssid=9v2kfg0npc0000001744461364589&qH=b4f68f830feeb2e3,https://rukminim2.flixcart.com/image/416/416/xif0q/smartwatch/r/c/o/-original-imah8mtvefdghhgn.jpeg?q=70&crop=false
"Boult Trail 2.01"" 3D Curved HD Display, Working Crown, 190+ Watch Faces, Health Track Smartwatch  (Metal Blue Strap, Free Size)","₹1,499",https://www.flipkart.com/boult-trail-2-01-3d-curved-hd-display-working-crown-190-watch-faces-health-track-smartwatch/p/itm98e4fa5e1caed?pid=SMWHYJMV2EYTYNB4&lid=LSTSMWHYJMV2EYTYNB47URCDC&marketplace=FLIPKART&q=boult+smartwatches&store=ajy%2Fbuh&srno=s_1_7&otracker=search&otracker1=search&fm=organic&iid=4369ed2e-e735-46e2-a022-9d98c189b6ca.SMWHYJMV2EYTYNB4.SEARCH&ppt=None&ppn=None&ssid=9v2kfg0npc0000001744461364589&qH=b4f68f830feeb2e3,https://rukminim2.flixcart.com/image/416/416/xif0q/smartwatch/l/c/s/-original-imahakpygh7aas7e.jpeg?q=70&crop=false
"Boult Trail Pro 2.01''3D Curved Display, 600Nits, 250+ Watch Faces, Health Track, IP68 Smartwatch  (Black Strap, Free Size)","₹1,799",https://www.flipkart.com/boult-trail-pro-2-01-3d-curved-display-600nits-250-watch-faces-health-track-ip68-smartwatch/p/itm437d5e5150301?pid=SMWH82VTFFZTCZUV&lid=LSTSMWH82VTFFZTCZUVRZDDMW&marketplace=FLIPKART&q=boult+smartwatches&store=ajy%2Fbuh&srno=s_1_6&otracker=search&otracker1=search&fm=organic&iid=en_Ouym4PDHyhJXdweNrO5lcs1CaQusOdw8fRw95Dbs8XnadtSQDCvaVKGKTSkWdGg3BD-974PelBKxWM9Gg3GB4H3Gaq_wzx4HJysDmGalzMk%3D&ppt=None&ppn=None&ssid=9v2kfg0npc0000001744461364589&qH=b4f68f830feeb2e3,https://rukminim2.flixcart.com/image/416/416/xif0q/smartwatch/l/d/s/-original-imah8nz4fh3j3hm9.jpeg?q=70&crop=false
"Boult Trail 2.01"" 3D Curved HD Display, Working Crown, 190+ Watch Faces, Health Track Smartwatch  (Rose Gold Strap, Free Size)","₹1,499",https://www.flipkart.com/boult-trail-2-01-3d-curved-hd-display-working-crown-190-watch-faces-health-track-smartwatch/p/itm8c08831c19c36?pid=SMWH8VMTADRTFRNX&lid=LSTSMWH8VMTADRTFRNXJ3MPV6&marketplace=FLIPKART&q=boult+smartwatches&store=ajy%2Fbuh&srno=s_1_5&otracker=search&otracker1=search&fm=organic&iid=4369ed2e-e735-46e2-a022-9d98c189b6ca.SMWH8VMTADRTFRNX.SEARCH&ppt=None&ppn=None&ssid=9v2kfg0npc0000001744461364589&qH=b4f68f830feeb2e3,https://rukminim2.flixcart.com/image/416/416/xif0q/smartwatch/h/q/o/-original-imahakp33uxd7sgh.jpeg?q=70&crop=false
"Boult Trail 2.01"" 3D Curved HD Display, Working Crown, 190+ Watch Faces, Health Track Smartwatch  (Jade Green Strap, Free Size)","₹1,399",https://www.flipkart.com/boult-trail-2-01-3d-curved-hd-display-working-crown-190-watch-faces-health-track-smartwatch/p/itm69268aeb3e215?pid=SMWHYJMVCQB29Y66&lid=LSTSMWHYJMVCQB29Y6671LUJZ&marketplace=FLIPKART&q=boult+smartwatches&store=ajy%2Fbuh&srno=s_1_4&otracker=search&otracker1=search&fm=organic&iid=4369ed2e-e735-46e2-a022-9d98c189b6ca.SMWHYJMVCQB29Y66.SEARCH&ppt=None&ppn=None&ssid=9v2kfg0npc0000001744461364589&qH=b4f68f830feeb2e3,https://rukminim2.flixcart.com/image/416/416/xif0q/smartwatch/l/z/v/-original-imahyxqdgfwwsdgz.jpeg?q=70&crop=false
"Boult Trail 2.01"" 3D Curved HD Display, Working Crown, 190+ Watch Faces, Health Track Smartwatch  (Raven Black Strap, Free Size)","₹1,299",https://www.flipkart.com/boult-trail-2-01-3d-curved-hd-display-working-crown-190-watch-faces-health-track-smartwatch/p/itmc277c13bc2117?pid=SMWHYJMV4E826X6W&lid=LSTSMWHYJMV4E826X6WTAK24Y&marketplace=FLIPKART&q=boult+smartwatches&store=ajy%2Fbuh&srno=s_1_3&otracker=search&otracker1=search&fm=organic&iid=4369ed2e-e735-46e2-a022-9d98c189b6ca.SMWHYJMV4E826X6W.SEARCH&ppt=None&ppn=None&ssid=9v2kfg0npc0000001744461364589&qH=b4f68f830feeb2e3,https://rukminim2.flixcart.com/image/416/416/xif0q/smartwatch/i/7/k/-original-imahyxqdcgnesyyd.jpeg?q=70&crop=false
"Boult Drift BT Calling HD Display, 140+ Watchfaces, Complete Health Monitoring Smartwatch  (Blue Strap, Free Size)","₹1,199",https://www.flipkart.com/boult-drift-bt-calling-hd-display-140-watchfaces-complete-health-monitoring-smartwatch/p/itmab445c382f01c?pid=SMWGF5GEAJZHTPWP&lid=LSTSMWGF5GEAJZHTPWPVVW8KH&marketplace=FLIPKART&q=boult+smartwatches&store=ajy%2Fbuh&srno=s_1_2&otracker=search&otracker1=search&fm=organic&iid=en_Ouym4PDHyhJXdweNrO5lcs1CaQusOdw8fRw95Dbs8XmiEo7qyvo8OaX-NuswHV0vki63bTggpAbZoV_51W3gaw%3D%3D&ppt=None&ppn=None&ssid=9v2kfg0npc0000001744461364589&qH=b4f68f830feeb2e3,https://rukminim2.flixcart.com/image/416/416/xif0q/smartwatch/t/q/r/-original-imah8mtwwvywfhdd.jpeg?q=70&crop=false
"Boult Crown 1.95'' Screen, BT Calling, Working Crown, Zinc Alloy Frame, 900 Nits, SpO2 Smartwatch  (Orange Strap, Free Size)","₹1,199",https://www.flipkart.com/boult-crown-1-95-screen-bt-calling-working-crown-zinc-alloy-frame-900-nits-spo2-smartwatch/p/itme4d41a7681606?pid=SMWGPHT4WMGGHGGC&lid=LSTSMWGPHT4WMGGHGGC7NH1PB&marketplace=FLIPKART&q=boult+smartwatches&store=ajy%2Fbuh&srno=s_1_1&otracker=search&otracker1=search&fm=organic&iid=en_Ouym4PDHyhJXdweNrO5lcs1CaQusOdw8fRw95Dbs8XllwdnnUOON981yq9PAC9HpOOs0bsdg35zZwGYoJ_DyLA%3D%3D&ppt=None&ppn=None&ssid=9v2kfg0npc0000001744461364589&qH=b4f68f830feeb2e3,https://rukminim2.flixcart.com/image/416/416/xif0q/smartwatch/w/f/m/-original-imagrf4gvgfjj8jf.jpeg?q=70&crop=false
"Fastrack Revoltt FS2Pro-1.96''|Super AMOLED Curved|Premium Glossy Metal|1000 Nits|Fashion Smartwatch  (Rose Gold Strap, Free Size)","₹3,499",https://www.flipkart.com/fastrack-revoltt-fs2pro-1-96-super-amoled-curved-premium-glossy-metal-1000-nits-fashion-smartwatch/p/itmd717caf891858?pid=SMWH44FUJKKG7CVH&lid=LSTSMWH44FUJKKG7CVHJEDZFN&marketplace=FLIPKART&q=fastrack+smartwatches&store=ajy%2Fbuh&srno=s_1_40&otracker=search&otracker1=search&fm=organic&iid=bc72db09-f48a-4181-a52b-6c73724ced80.SMWH44FUJKKG7CVH.SEARCH&ppt=None&ppn=None&ssid=ugxkddcdow0000001744461107695&qH=5ee8669593272364,https://rukminim2.flixcart.com/image/416/416/xif0q/smartwatch/n/g/5/-original-imah4nbwbzktp5u3.jpeg?q=70&crop=false
"Fastrack Revolt X-1.83'|Blazing Fast UI|Single Sync BT Calling|Calculator|In-built games Smartwatch  (Blue Strap, Free Size)","₹1,399",https://www.flipkart.com/fastrack-revolt-x-1-83-blazing-fast-ui-single-sync-bt-calling-calculator-in-built-games-smartwatch/p/itmdb841f25744e8?pid=SMWH3PYKMYW72HZT&lid=LSTSMWH3PYKMYW72HZTZKJZ0L&marketplace=FLIPKART&q=fastrack+smartwatches&store=ajy%2Fbuh&srno=s_1_39&otracker=search&otracker1=search&fm=organic&iid=bc72db09-f48a-4181-a52b-6c73724ced80.SMWH3PYKMYW72HZT.SEARCH&ppt=None&ppn=None&ssid=ugxkddcdow0000001744461107695&qH=5ee8669593272364,https://rukminim2.flixcart.com/image/416/416/xif0q/smartwatch/r/y/a/-original-imah63b2shev5hdf.jpeg?q=70&crop=false
"Noise Vision 3 with 1.96"" AMOLED display with Thin Bezel, Metallic Build Smartwatch  (Black Strap, Regular)","₹2,299",https://www.flipkart.com/noise-vision-3-1-96-amoled-display-thin-bezel-metallic-build-smartwatch/p/itm1524878dc07a5?pid=SMWGPB58FBHUVY3X&lid=LSTSMWGPB58FBHUVY3XQHC38H&marketplace=FLIPKART&q=fastrack+smartwatches&store=ajy%2Fbuh&srno=s_1_38&otracker=search&otracker1=search&fm=organic&iid=en_udDkUuPmfA5o28fwrj90SpVj1SM7zP-42SCOwfh_nHdv_iZXO6aaxqPj9-kBecs1AXKxuRhEd4nJyeJ9Xvj6KU4IsYyWu-Pj9cxFjFAoaLk%3D&ppt=None&ppn=None&ssid=ugxkddcdow0000001744461107695&qH=5ee8669593272364,https://rukminim2.flixcart.com/image/416/416/xif0q/smartwatch/q/p/4/-original-imahf758t864ffaq.jpeg?q=70&crop=false
"Noise Vortex Plus, 1.46'' AMOLED Display, BT Calling, Sleek Metal Finish Smartwatch  (Blue Strap, Regular)","₹1,999",https://www.flipkart.com/noise-vortex-plus-1-46-amoled-display-bt-calling-sleek-metal-finish-smartwatch/p/itm2b7a941193cd0?pid=SMWH9QP26BNTHGZS&lid=LSTSMWH9QP26BNTHGZSTTEHMU&marketplace=FLIPKART&q=fastrack+smartwatches&store=ajy%2Fbuh&srno=s_1_37&otracker=search&otracker1=search&fm=organic&iid=en_udDkUuPmfA5o28fwrj90SpVj1SM7zP-42SCOwfh_nHcu6YBikAIHR5n59xo90udfHkXibAxDJV2p3dZbyFTgg4E8waCTrWcncKeK_ydPfoM%3D&ppt=None&ppn=None&ssid=ugxkddcdow0000001744461107695&qH=5ee8669593272364,https://rukminim2.flixcart.com/image/416/416/xif0q/smartwatch/e/s/k/-original-imaha758zehyyjsc.jpeg?q=70&crop=false
"Fastrack FS1-1.83''|BT Calling|Fast Charge|110+ Sports Mode|200+ WatchFaces|IP68 Smartwatch  (Blue Strap, Free Size)","₹1,499",https://www.flipkart.com/fastrack-fs1-1-83-bt-calling-fast-charge-110-sports-mode-200-watchfaces-ip68-smartwatch/p/itmc37b506d7ae4e?pid=SMWH5G8HYHBZZXAF&lid=LSTSMWH5G8HYHBZZXAF6JEWXS&marketplace=FLIPKART&q=fastrack+smartwatches&store=ajy%2Fbuh&srno=s_1_36&otracker=search&otracker1=search&fm=organic&iid=bc72db09-f48a-4181-a52b-6c73724ced80.SMWH5G8HYHBZZXAF.SEARCH&ppt=None&ppn=None&ssid=ugxkddcdow0000001744461107695&qH=5ee8669593272364,https://rukminim2.flixcart.com/image/416/416/xif0q/smartwatch/j/x/p/-original-imagvpakjgykcytm.jpeg?q=70&crop=false
"Fastrack Revoltt FS1-1.85''|Advanced Blazing Fast UI|Working Crown|AIVoice Assistant|IP68 Smartwatch  (Wine Strap, Free Size)","₹1,499",https://www.flipkart.com/fastrack-revoltt-fs1-1-85-advanced-blazing-fast-ui-working-crown-aivoice-assistant-ip68-smartwatch/p/itm94125c1b4eb6a?pid=SMWH44FUPGVB7CT5&lid=LSTSMWH44FUPGVB7CT5N3WFII&marketplace=FLIPKART&q=fastrack+smartwatches&store=ajy%2Fbuh&srno=s_1_35&otracker=search&otracker1=search&fm=organic&iid=bc72db09-f48a-4181-a52b-6c73724ced80.SMWH44FUPGVB7CT5.SEARCH&ppt=None&ppn=None&ssid=ugxkddcdow0000001744461107695&qH=5ee8669593272364,https://rukminim2.flixcart.com/image/416/416/xif0q/smartwatch/j/p/5/-original-imah4nbw8fsvwhhz.jpeg?q=70&crop=false
"Fastrack FS1-1.83''|BT Calling|Fast Charge|110+ Sports Mode|200+ WatchFaces|IP68 Smartwatch  (Teal Strap, Free Size)","₹1,499",https://www.flipkart.com/fastrack-fs1-1-83-bt-calling-fast-charge-110-sports-mode-200-watchfaces-ip68-smartwatch/p/itmc646e6ccc5331?pid=SMWH5G8HZTSZSNYG&lid=LSTSMWH5G8HZTSZSNYGHCMBPY&marketplace=FLIPKART&q=fastrack+smartwatches&store=ajy%2Fbuh&srno=s_1_34&otracker=search&otracker1=search&fm=organic&iid=bc72db09-f48a-4181-a52b-6c73724ced80.SMWH5G8HZTSZSNYG.SEARCH&ppt=None&ppn=None&ssid=ugxkddcdow0000001744461107695&qH=5ee8669593272364,https://rukminim2.flixcart.com/image/416/416/xif0q/smartwatch/w/v/h/-original-imagvpahhacxqzyz.jpeg?q=70&crop=false
"Fastrack FS1-1.83''|BT Calling|Fast Charge|110+ Sports Mode|200+ WatchFaces|IP68 Smartwatch  (Beige Strap, Free Size)","₹1,499",https://www.flipkart.com/fastrack-fs1-1-83-bt-calling-fast-charge-110-sports-mode-200-watchfaces-ip68-smartwatch/p/itm48f2709b4642d?pid=SMWH5G8HYUZZSTQW&lid=LSTSMWH5G8HYUZZSTQWIGLASH&marketplace=FLIPKART&q=fastrack+smartwatches&store=ajy%2Fbuh&srno=s_1_33&otracker=search&otracker1=search&fm=organic&iid=bc72db09-f48a-4181-a52b-6c73724ced80.SMWH5G8HYUZZSTQW.SEARCH&ppt=None&ppn=None&ssid=ugxkddcdow0000001744461107695&qH=5ee8669593272364,https://rukminim2.flixcart.com/image/416/416/xif0q/smartwatch/b/w/d/-original-imagvpakhztqw58x.jpeg?q=70&crop=false
"Noise Icon 4 with Stunning 1.96'' Display, Metallic Finish, BT Calling Smartwatch  (Forest Green Strap, Regular)","₹1,699",https://www.flipkart.com/noise-icon-4-stunning-1-96-display-metallic-finish-bt-calling-smartwatch/p/itm8ebc9112e92d3?pid=SMWGWZVQYUGUNYCU&lid=LSTSMWGWZVQYUGUNYCUS80SHD&marketplace=FLIPKART&q=fastrack+smartwatches&store=ajy%2Fbuh&srno=s_1_32&otracker=search&otracker1=search&fm=organic&iid=en_udDkUuPmfA5o28fwrj90SpVj1SM7zP-42SCOwfh_nHdRwPh-Zjm0bKMu4dYg4WrWLJfNYEdnaWmeRJE6AvG2HuI7uWi7bi3WLqk6JF-UYDE%3D&ppt=None&ppn=None&ssid=ugxkddcdow0000001744461107695&qH=5ee8669593272364,https://rukminim2.flixcart.com/image/416/416/xif0q/smartwatch/n/j/m/-original-imah6s6pghtz3sws.jpeg?q=70&crop=false
"Noise Evolve 4 1.46 AMOLED Always On Display with Premium Design & Bluetooth Calling Smartwatch  (Active Black Strap, Regular)","₹3,499",https://www.flipkart.com/noise-evolve-4-1-46-amoled-always-display-premium-design-bluetooth-calling-smartwatch/p/itma6d12c2a0f039?pid=SMWGTR2HCXAFKENV&lid=LSTSMWGTR2HCXAFKENVRHITAE&marketplace=FLIPKART&q=fastrack+smartwatches&store=ajy%2Fbuh&srno=s_1_31&otracker=search&otracker1=search&fm=organic&iid=en_udDkUuPmfA5o28fwrj90SpVj1SM7zP-42SCOwfh_nHcjaA5JHcOSftFPLnADMtlbCfFW0JDTreFrGQ35Ecy2J4QEIsITtCzc4bHaOMTqL08%3D&ppt=None&ppn=None&ssid=ugxkddcdow0000001744461107695&qH=5ee8669593272364,https://rukminim2.flixcart.com/image/416/416/xif0q/smartwatch/o/n/j/-original-imahap7sv5xqegpn.jpeg?q=70&crop=false
"Fastrack Revoltt X2 with 1.91'' BT Calling|Rotating Crown|60 Hz Refresh Rate|Fast Charge Smartwatch  (Black Strap, Free Size)","₹1,599",https://www.flipkart.com/fastrack-revoltt-x2-1-91-bt-calling-rotating-crown-60-hz-refresh-rate-fast-charge-smartwatch/p/itm8318d5eb87c01?pid=SMWHY8YMK5KUC7Y3&lid=LSTSMWHY8YMK5KUC7Y3EGGF0C&marketplace=FLIPKART&q=fastrack+smartwatches&store=ajy%2Fbuh&srno=s_1_30&otracker=search&otracker1=search&fm=organic&iid=bc72db09-f48a-4181-a52b-6c73724ced80.SMWHY8YMK5KUC7Y3.SEARCH&ppt=None&ppn=None&ssid=ugxkddcdow0000001744461107695&qH=5ee8669593272364,https://rukminim2.flixcart.com/image/416/416/xif0q/smartwatch/q/e/7/-original-imahyzbj9jhhsh3h.jpeg?q=70&crop=false
"Fastrack X-1.83'|Blazing Fast UI|Single Sync BT Calling|Calculator|In-built games Smartwatch  (Beige Strap, Free Size)","₹1,399",https://www.flipkart.com/fastrack-x-1-83-blazing-fast-ui-single-sync-bt-calling-calculator-in-built-games-smartwatch/p/itmdd55c203b63a3?pid=SMWH3PYKHW84CZWZ&lid=LSTSMWH3PYKHW84CZWZUWHHPB&marketplace=FLIPKART&q=fastrack+smartwatches&store=ajy%2Fbuh&srno=s_1_29&otracker=search&otracker1=search&fm=organic&iid=bc72db09-f48a-4181-a52b-6c73724ced80.SMWH3PYKHW84CZWZ.SEARCH&ppt=None&ppn=None&ssid=ugxkddcdow0000001744461107695&qH=5ee8669593272364,https://rukminim2.flixcart.com/image/416/416/xif0q/smartwatch/s/m/q/-original-imah63b2nbhgeyte.jpeg?q=70&crop=false
"Noise Vision 3 with 1.96"" AMOLED display with Thin Bezel, Metallic Build Smartwatch  (Silver Strap, Regular)","₹2,599",https://www.flipkart.com/noise-vision-3-1-96-amoled-display-thin-bezel-metallic-build-smartwatch/p/itm86cb485141549?pid=SMWGPB58GERFYYJN&lid=LSTSMWGPB58GERFYYJNNMASDH&marketplace=FLIPKART&q=fastrack+smartwatches&store=ajy%2Fbuh&srno=s_1_28&otracker=search&otracker1=search&fm=organic&iid=en_udDkUuPmfA5o28fwrj90SpVj1SM7zP-42SCOwfh_nHeyMjZX848ze3473QdTDi_ulU-D4Doxxv1IheDiuacB02Vkv0XZFiOX7bbXdlao_f8%3D&ppt=None&ppn=None&ssid=ugxkddcdow0000001744461107695&qH=5ee8669593272364,https://rukminim2.flixcart.com/image/416/416/xif0q/smartwatch/1/w/n/-original-imagzw979h5p5bhu.jpeg?q=70&crop=false
"Noise Vortex Plus, 1.46'' AMOLED Display, BT Calling, Sleek Metal Finish Smartwatch  (Jet Black Strap, Regular)","₹1,999",https://www.flipkart.com/noise-vortex-plus-1-46-amoled-display-bt-calling-sleek-metal-finish-smartwatch/p/itmcd99ecd6c3260?pid=SMWH889N6PDHQGDF&lid=LSTSMWH889N6PDHQGDFRO6R2T&marketplace=FLIPKART&q=fastrack+smartwatches&store=ajy%2Fbuh&srno=s_1_27&otracker=search&otracker1=search&fm=organic&iid=en_udDkUuPmfA5o28fwrj90SpVj1SM7zP-42SCOwfh_nHejEIsLeo9-KbfFfGlxpKJmsO5c-dxGtlXJLXl1PV1RmonfEY2D5bWfIUmTlXs_oiU%3D&ppt=None&ppn=None&ssid=ugxkddcdow0000001744461107695&qH=5ee8669593272364,https://rukminim2.flixcart.com/image/416/416/xif0q/smartwatch/d/d/6/38-5-noise-23-android-ios-bmjncj-enterprise-yes-original-imah2fkhfe4jgcvr.jpeg?q=70&crop=false
"Fastrack Revoltt XR1-1.38|BT Calling|Fast Charge|100+ Sports Mode|IP68|Calculator|Fashion Smartwatch  (Beige Strap, Free Size)","₹1,499",https://www.flipkart.com/fastrack-revoltt-xr1-1-38-bt-calling-fast-charge-100-sports-mode-ip68-calculator-fashion-smartwatch/p/itm8dc626b84baf7?pid=SMWH3PYZRHTT5H7P&lid=LSTSMWH3PYZRHTT5H7PFHN0NX&marketplace=FLIPKART&q=fastrack+smartwatches&store=ajy%2Fbuh&srno=s_1_26&otracker=search&otracker1=search&fm=organic&iid=bc72db09-f48a-4181-a52b-6c73724ced80.SMWH3PYZRHTT5H7P.SEARCH&ppt=None&ppn=None&ssid=ugxkddcdow0000001744461107695&qH=5ee8669593272364,https://rukminim2.flixcart.com/image/416/416/xif0q/smartwatch/u/q/h/-original-imagx8nhjwxfayhj.jpeg?q=70&crop=false
"Fastrack Optimus Pro with 1.43 AMOLED Display & AOD(466x466),Functional Crown,BT Calling Smartwatch  (Blue Strap, Free Size)","₹2,399",https://www.flipkart.com/fastrack-optimus-pro-1-43-amoled-display-aod-466x466-functional-crown-bt-calling-smartwatch/p/itma4744c9053b72?pid=SMWGV3ZY9YJYEYEC&lid=LSTSMWGV3ZY9YJYEYECZN6QCW&marketplace=FLIPKART&q=fastrack+smartwatches&store=ajy%2Fbuh&srno=s_1_25&otracker=search&otracker1=search&fm=organic&iid=bc72db09-f48a-4181-a52b-6c73724ced80.SMWGV3ZY9YJYEYEC.SEARCH&ppt=None&ppn=None&ssid=ugxkddcdow0000001744461107695&qH=5ee8669593272364,https://rukminim2.flixcart.com/image/416/416/xif0q/smartwatch/z/r/d/-original-imagywnzhh3dnqvk.jpeg?q=70&crop=false
"Fastrack Revoltt FS1-1.83''|BT Calling|Fast Charge|110+ Sports Mode|200+ WatchFaces|IP68 Smartwatch  (Teal Strap, Free Size)","₹1,499",https://www.flipkart.com/fastrack-revoltt-fs1-1-83-bt-calling-fast-charge-110-sports-mode-200-watchfaces-ip68-smartwatch/p/itmc646e6ccc5331?pid=SMWGN4YESUVP5UHW&lid=LSTSMWGN4YESUVP5UHWWMLDUX&marketplace=FLIPKART&q=fastrack+smartwatches&store=ajy%2Fbuh&srno=s_1_24&otracker=search&otracker1=search&fm=organic&iid=bc72db09-f48a-4181-a52b-6c73724ced80.SMWGN4YESUVP5UHW.SEARCH&ppt=None&ppn=None&ssid=ugxkddcdow0000001744461107695&qH=5ee8669593272364,https://rukminim2.flixcart.com/image/416/416/xif0q/smartwatch/w/v/h/-original-imagvpahhacxqzyz.jpeg?q=70&crop=false
"Fastrack Revoltt XR1-1.38|BT Calling|Fast Charge|100+ Sports Mode|IP68|Calculator|Fashion Smartwatch  (Green Strap, Free Size)","₹1,499",https://www.flipkart.com/fastrack-revoltt-xr1-1-38-bt-calling-fast-charge-100-sports-mode-ip68-calculator-fashion-smartwatch/p/itm6de298b960d2d?pid=SMWGWT49N2FKR7GT&lid=LSTSMWGWT49N2FKR7GTBG3LDS&marketplace=FLIPKART&q=fastrack+smartwatches&store=ajy%2Fbuh&srno=s_1_23&otracker=search&otracker1=search&fm=organic&iid=bc72db09-f48a-4181-a52b-6c73724ced80.SMWGWT49N2FKR7GT.SEARCH&ppt=None&ppn=None&ssid=ugxkddcdow0000001744461107695&qH=5ee8669593272364,https://rukminim2.flixcart.com/image/416/416/xif0q/smartwatch/9/j/1/-original-imagx8nhebmyh8yu.jpeg?q=70&crop=false
"Noise Champ 2 for Kids with Habit Building, IP69 Rating, In-Built Games, School Mode Smartwatch  (Frozen Blue Strap, One Size)","₹1,999",https://www.flipkart.com/noise-champ-2-kids-habit-building-ip69-rating-in-built-games-school-mode-smartwatch/p/itmd64097d2a3e82?pid=SMWH26GYNZXS3MTK&lid=LSTSMWH26GYNZXS3MTKXIK1SP&marketplace=FLIPKART&q=fastrack+smartwatches&store=ajy%2Fbuh&srno=s_1_22&otracker=search&otracker1=search&fm=organic&iid=en_udDkUuPmfA5o28fwrj90SpVj1SM7zP-42SCOwfh_nHeZqTewdMgNGtFE47pZnCv71yW190xtzhTVcAhXgCCuaEKsf8s6I2Oz2HOgbXTo_9U%3D&ppt=None&ppn=None&ssid=ugxkddcdow0000001744461107695&qH=5ee8669593272364,https://rukminim2.flixcart.com/image/416/416/xif0q/smartwatch/p/t/z/35-56-wrb-sw-champ2-std-blu-blu-android-ios-noise-no-original-imah26hu7pxdvsxj.jpeg?q=70&crop=false
"Noise Pulse 3 1.96'' Display, BT Calling, 100 Sports Modes, 150+ Watchfaces Smartwatch  (Deep Wine Strap, Regular)","₹1,199",https://www.flipkart.com/noise-pulse-3-1-96-display-bt-calling-100-sports-modes-150-watchfaces-smartwatch/p/itm382e90c8d9b37?pid=SMWH889NAP5P66A5&lid=LSTSMWH889NAP5P66A5ELZQYF&marketplace=FLIPKART&q=fastrack+smartwatches&store=ajy%2Fbuh&srno=s_1_21&otracker=search&otracker1=search&fm=organic&iid=en_udDkUuPmfA5o28fwrj90SpVj1SM7zP-42SCOwfh_nHc3pMjF9HTOzaaLukjqBPoq1Eh_ArRD4q1f9q2xO9SyiU4IsYyWu-Pj9cxFjFAoaLk%3D&ppt=None&ppn=None&ssid=ugxkddcdow0000001744461107695&qH=5ee8669593272364,https://rukminim2.flixcart.com/image/416/416/xif0q/smartwatch/z/a/r/-original-imahayjzjjt5jcn6.jpeg?q=70&crop=false
"Fastrack Revoltt FS1-1.83''|BT Calling|Fast Charge|110+ Sports Mode|200+ WatchFaces|IP68 Smartwatch  (Wine Red Strap, Free Size)","₹1,499",https://www.flipkart.com/fastrack-revoltt-fs1-1-83-bt-calling-fast-charge-110-sports-mode-200-watchfaces-ip68-smartwatch/p/itmd959f5faeed31?pid=SMWH5G8HUMH7BCBQ&lid=LSTSMWH5G8HUMH7BCBQTQSCRS&marketplace=FLIPKART&q=fastrack+smartwatches&store=ajy%2Fbuh&srno=s_1_20&otracker=search&otracker1=search&fm=organic&iid=bc72db09-f48a-4181-a52b-6c73724ced80.SMWH5G8HUMH7BCBQ.SEARCH&ppt=None&ppn=None&ssid=ugxkddcdow0000001744461107695&qH=5ee8669593272364,https://rukminim2.flixcart.com/image/416/416/xif0q/smartwatch/i/u/n/-original-imagvpakuvmuf2fa.jpeg?q=70&crop=false
"Fastrack FS1 Pro|World's First,1.96"" Super AMOLED|Highest Resolution|BT Calling Smartwatch  (Green Strap, Free Size)","₹2,399",https://www.flipkart.com/fastrack-fs1-pro-world-s-first-1-96-super-amoled-highest-resolution-bt-calling-smartwatch/p/itm868a2831ed59a?pid=SMWGZ835YHABS9WU&lid=LSTSMWGZ835YHABS9WU1DFCAJ&marketplace=FLIPKART&q=fastrack+smartwatches&store=ajy%2Fbuh&srno=s_1_19&otracker=search&otracker1=search&fm=organic&iid=bc72db09-f48a-4181-a52b-6c73724ced80.SMWGZ835YHABS9WU.SEARCH&ppt=None&ppn=None&ssid=ugxkddcdow0000001744461107695&qH=5ee8669593272364,https://rukminim2.flixcart.com/image/416/416/xif0q/smartwatch/0/5/0/-original-imagzvhst6fpxg2a.jpeg?q=70&crop=false
"Noise Icon 4 with Stunning 1.96'' AMOLED Display, Metallic Finish, BT Calling Smartwatch  (Rose Pink Strap, Regular)","₹1,699",https://www.flipkart.com/noise-icon-4-stunning-1-96-amoled-display-metallic-finish-bt-calling-smartwatch/p/itmd6a6c47945186?pid=SMWGWZVPNXFTHPVK&lid=LSTSMWGWZVPNXFTHPVK9NPOE3&marketplace=FLIPKART&q=fastrack+smartwatches&store=ajy%2Fbuh&srno=s_1_18&otracker=search&otracker1=search&fm=organic&iid=en_udDkUuPmfA5o28fwrj90SpVj1SM7zP-42SCOwfh_nHe46EAb4OWI9A4TwhCFj5bFTUo2yAfdRlBFbEzY0qAv7eo15S0a61Wzzbg3qNOknKY%3D&ppt=None&ppn=None&ssid=ugxkddcdow0000001744461107695&qH=5ee8669593272364,https://rukminim2.flixcart.com/image/416/416/xif0q/smartwatch/f/s/n/-original-imah6s6pty3zgsq8.jpeg?q=70&crop=false
"Noise Crew Go with 1.39"" Display, BT Calling with Metal Strap and 7 Days Battery Life Smartwatch  (Gold Link Strap, Regular)","₹1,699",https://www.flipkart.com/noise-crew-go-1-39-display-bt-calling-metal-strap-7-days-battery-life-smartwatch/p/itm0e03c14e438f7?pid=SMWGZW3CCRQGAWW7&lid=LSTSMWGZW3CCRQGAWW7EFOBHP&marketplace=FLIPKART&q=fastrack+smartwatches&store=ajy%2Fbuh&srno=s_1_17&otracker=search&otracker1=search&fm=organic&iid=en_udDkUuPmfA5o28fwrj90SpVj1SM7zP-42SCOwfh_nHdEwuDKpTF6Js08nBvH3VTeTMQYP1fStd6l6l7MlHfpkUKsf8s6I2Oz2HOgbXTo_9U%3D&ppt=None&ppn=None&ssid=ugxkddcdow0000001744461107695&qH=5ee8669593272364,https://rukminim2.flixcart.com/image/416/416/xif0q/smartwatch/z/f/6/-original-imah759hrk24uyjw.jpeg?q=70&crop=false
"Fastrack XR1-1.38|BT Calling|Fast Charge|100+ Sports Mode|IP68|Calculator|Fashion Smartwatch  (Black Strap, Free Size)","₹1,499",https://www.flipkart.com/fastrack-xr1-1-38-bt-calling-fast-charge-100-sports-mode-ip68-calculator-fashion-smartwatch/p/itm470880e507472?pid=SMWGWT49S3NG6A7T&lid=LSTSMWGWT49S3NG6A7TFGTLMR&marketplace=FLIPKART&q=fastrack+smartwatches&store=ajy%2Fbuh&srno=s_1_16&otracker=search&otracker1=search&fm=organic&iid=bc72db09-f48a-4181-a52b-6c73724ced80.SMWGWT49S3NG6A7T.SEARCH&ppt=None&ppn=None&ssid=ugxkddcdow0000001744461107695&qH=5ee8669593272364,https://rukminim2.flixcart.com/image/416/416/xif0q/smartwatch/u/j/k/-original-imagx8ncm5ra8nmg.jpeg?q=70&crop=false
"Fastrack Revoltt Pro-1.97'' Super AMOLED Display|AOD|Working Crown|BT Calling|Fast Charge Smartwatch  (Black Strap, Free Size)","₹2,399",https://www.flipkart.com/fastrack-revoltt-pro-1-97-super-amoled-display-aod-working-crown-bt-calling-fast-charge-smartwatch/p/itma0f51c32fc429?pid=SMWH32R2KWKAG4SW&lid=LSTSMWH32R2KWKAG4SWMFUV8W&marketplace=FLIPKART&q=fastrack+smartwatches&store=ajy%2Fbuh&srno=s_1_15&otracker=search&otracker1=search&fm=organic&iid=bc72db09-f48a-4181-a52b-6c73724ced80.SMWH32R2KWKAG4SW.SEARCH&ppt=None&ppn=None&ssid=ugxkddcdow0000001744461107695&qH=5ee8669593272364,https://rukminim2.flixcart.com/image/416/416/xif0q/smartwatch/j/p/d/-original-imah4nbwc5hbnsvc.jpeg?q=70&crop=false
"Fastrack Revoltt FS1-1.83''|BT Calling|Fast Charge|110+ Sports Mode|200+ WatchFaces|IP68 Smartwatch  (Black Strap, Free Size)","₹1,499",https://www.flipkart.com/fastrack-revoltt-fs1-1-83-bt-calling-fast-charge-110-sports-mode-200-watchfaces-ip68-smartwatch/p/itmab38b5cb1e3fb?pid=SMWGN4YEWGNZ2GGM&lid=LSTSMWGN4YEWGNZ2GGMLUF0DF&marketplace=FLIPKART&q=fastrack+smartwatches&store=ajy%2Fbuh&srno=s_1_14&otracker=search&otracker1=search&fm=organic&iid=bc72db09-f48a-4181-a52b-6c73724ced80.SMWGN4YEWGNZ2GGM.SEARCH&ppt=None&ppn=None&ssid=ugxkddcdow0000001744461107695&qH=5ee8669593272364,https://rukminim2.flixcart.com/image/416/416/xif0q/smartwatch/j/h/7/-original-imagvpakfvggsgg5.jpeg?q=70&crop=false
"Fastrack Revoltt FR2-1.38''|Advanced Blazing Fast UI|Working Crown|AIVoice Assistant|IP68 Smartwatch  (Green Strap, Free Size)","₹1,799",https://www.flipkart.com/fastrack-revoltt-fr2-1-38-advanced-blazing-fast-ui-working-crown-aivoice-assistant-ip68-smartwatch/p/itm1f795ebf8cee2?pid=SMWH3S4NGFVRHFQC&lid=LSTSMWH3S4NGFVRHFQCY5P2SD&marketplace=FLIPKART&q=fastrack+smartwatches&store=ajy%2Fbuh&srno=s_1_13&otracker=search&otracker1=search&fm=organic&iid=bc72db09-f48a-4181-a52b-6c73724ced80.SMWH3S4NGFVRHFQC.SEARCH&ppt=None&ppn=None&ssid=ugxkddcdow0000001744461107695&qH=5ee8669593272364,https://rukminim2.flixcart.com/image/416/416/xif0q/smartwatch/0/r/s/35-052-38154pp03-android-ios-fastrack-yes-original-imah4gmmnydvfwzh.jpeg?q=70&crop=false
"Noise Evolve 4 1.46 AMOLED Always On Display with Premium Design & Bluetooth Calling Smartwatch  (Electric Blue Strap, Regular)","₹2,499",https://www.flipkart.com/noise-evolve-4-1-46-amoled-always-display-premium-design-bluetooth-calling-smartwatch/p/itm0d6561fd8e833?pid=SMWH6DTZYW7YDWRS&lid=LSTSMWH6DTZYW7YDWRS0ZUAFH&marketplace=FLIPKART&q=fastrack+smartwatches&store=ajy%2Fbuh&srno=s_1_12&otracker=search&otracker1=search&fm=organic&iid=en_udDkUuPmfA5o28fwrj90SpVj1SM7zP-42SCOwfh_nHczPmfBFssQ1pufrbXB5hjfqtPc1HrR9ej85Iwtb0huhIQEIsITtCzc4bHaOMTqL08%3D&ppt=None&ppn=None&ssid=ugxkddcdow0000001744461107695&qH=5ee8669593272364,https://rukminim2.flixcart.com/image/416/416/xif0q/smartwatch/v/y/i/-original-imahaymwjftsh6ej.jpeg?q=70&crop=false
"Noise Twist Go 1.39'' Display, Bluetooth Calling, Metallic Finish, 100 Sports Modes Smartwatch  (Rose Pink Strap, Regular)","₹1,399",https://www.flipkart.com/noise-twist-go-1-39-display-bluetooth-calling-metallic-finish-100-sports-modes-smartwatch/p/itm181ec812236fc?pid=SMWH889PBS7E5RPA&lid=LSTSMWH889PBS7E5RPAJVWXC5&marketplace=FLIPKART&q=fastrack+smartwatches&store=ajy%2Fbuh&srno=s_1_11&otracker=search&otracker1=search&fm=organic&iid=en_udDkUuPmfA5o28fwrj90SpVj1SM7zP-42SCOwfh_nHcp1jhRaW3at8540ICx0PGveAuS20ERwd4ybLK6Qai9sU4IsYyWu-Pj9cxFjFAoaLk%3D&ppt=None&ppn=None&ssid=ugxkddcdow0000001744461107695&qH=5ee8669593272364,https://rukminim2.flixcart.com/image/416/416/xif0q/smartwatch/q/t/b/35-306-wrb-sw-twistgo-std-gld-pnk-android-ios-noise-yes-original-imah889pdgvzc2my.jpeg?q=70&crop=false
"Fastrack Revoltt FR2-1.38''|Advanced Blazing Fast UI|Working Crown|AIVoice Assistant|IP68 Smartwatch  (Black Strap, Free Size)","₹1,799",https://www.flipkart.com/fastrack-revoltt-fr2-1-38-advanced-blazing-fast-ui-working-crown-aivoice-assistant-ip68-smartwatch/p/itm514b51ffcf760?pid=SMWH3S4NDVXZRQMH&lid=LSTSMWH3S4NDVXZRQMHCFVBTJ&marketplace=FLIPKART&q=fastrack+smartwatches&store=ajy%2Fbuh&srno=s_1_10&otracker=search&otracker1=search&fm=organic&iid=bc72db09-f48a-4181-a52b-6c73724ced80.SMWH3S4NDVXZRQMH.SEARCH&ppt=None&ppn=None&ssid=ugxkddcdow0000001744461107695&qH=5ee8669593272364,https://rukminim2.flixcart.com/image/416/416/xif0q/smartwatch/5/3/e/35-052-38154pp01-android-ios-fastrack-yes-original-imah4gmnzdj4yy9v.jpeg?q=70&crop=false
"Fastrack Revoltt XR1-1.38|BT Calling|Fast Charge|100+ Sports Mode|IP68|Calculator|Fashion Smartwatch  (Green Strap, Free Size)","₹1,499",https://www.flipkart.com/fastrack-revoltt-xr1-1-38-bt-calling-fast-charge-100-sports-mode-ip68-calculator-fashion-smartwatch/p/itm6de298b960d2d?pid=SMWH3PYZZPYKHVF2&lid=LSTSMWH3PYZZPYKHVF2UCXX5Y&marketplace=FLIPKART&q=fastrack+smartwatches&store=ajy%2Fbuh&srno=s_1_9&otracker=search&otracker1=search&fm=organic&iid=bc72db09-f48a-4181-a52b-6c73724ced80.SMWH3PYZZPYKHVF2.SEARCH&ppt=None&ppn=None&ssid=ugxkddcdow0000001744461107695&qH=5ee8669593272364,https://rukminim2.flixcart.com/image/416/416/xif0q/smartwatch/9/j/1/-original-imagx8nhebmyh8yu.jpeg?q=70&crop=false
"Fastrack FR2Pro-1.43''|Premium Fashion|Metal Design|AMOLED|AOD|AI Voice Assistant Smartwatch  (Black Strap, Free Size)","₹3,499",https://www.flipkart.com/fastrack-fr2pro-1-43-premium-fashion-metal-design-amoled-aod-ai-voice-assistant-smartwatch/p/itmf5f9c2a866a71?pid=SMWH44FUXAMD72GW&lid=LSTSMWH44FUXAMD72GW7ZEOLZ&marketplace=FLIPKART&q=fastrack+smartwatches&store=ajy%2Fbuh&srno=s_1_8&otracker=search&otracker1=search&fm=organic&iid=bc72db09-f48a-4181-a52b-6c73724ced80.SMWH44FUXAMD72GW.SEARCH&ppt=None&ppn=None&ssid=ugxkddcdow0000001744461107695&qH=5ee8669593272364,https://rukminim2.flixcart.com/image/416/416/xif0q/smartwatch/p/3/y/-original-imah4nbwjqkxfczp.jpeg?q=70&crop=false
"Fastrack FS1 Pro|World's First,1.96"" Super AMOLED|Highest Resolution|BT Calling Smartwatch  (Black Strap, Free Size)","₹2,399",https://www.flipkart.com/fastrack-fs1-pro-world-s-first-1-96-super-amoled-highest-resolution-bt-calling-smartwatch/p/itmc42d5fa51a930?pid=SMWGZ835PYX4HJGR&lid=LSTSMWGZ835PYX4HJGRCFZKL9&marketplace=FLIPKART&q=fastrack+smartwatches&store=ajy%2Fbuh&spotlightTagId=default_BestsellerId_ajy%2Fbuh&srno=s_1_7&otracker=search&otracker1=search&fm=organic&iid=bc72db09-f48a-4181-a52b-6c73724ced80.SMWGZ835PYX4HJGR.SEARCH&ppt=None&ppn=None&ssid=ugxkddcdow0000001744461107695&qH=5ee8669593272364,https://rukminim2.flixcart.com/image/416/416/xif0q/smartwatch/i/2/2/-original-imagzvhswuuzay6x.jpeg?q=70&crop=false
"Noise Icon 4 with Stunning 1.96'' AMOLED Display, Metallic Finish, BT Calling Smartwatch  (Jet Black Strap, Regular)","₹1,699",https://www.flipkart.com/noise-icon-4-stunning-1-96-amoled-display-metallic-finish-bt-calling-smartwatch/p/itmb7800093c5c95?pid=SMWGWZVPQWQSG2UH&lid=LSTSMWGWZVPQWQSG2UHVIFBFI&marketplace=FLIPKART&q=fastrack+smartwatches&store=ajy%2Fbuh&srno=s_1_6&otracker=search&otracker1=search&fm=organic&iid=en_udDkUuPmfA5o28fwrj90SpVj1SM7zP-42SCOwfh_nHdBljgyt-E5Nqq-jG5D86Ho4wRza-NtWongWP20HK2hBPcUmN_6PwCReg_VTM4VLxo%3D&ppt=None&ppn=None&ssid=ugxkddcdow0000001744461107695&qH=5ee8669593272364,https://rukminim2.flixcart.com/image/416/416/xif0q/smartwatch/n/v/1/-original-imah6s6pq7wxa4u6.jpeg?q=70&crop=false
"Fastrack Optimus2 Pro-1.43'' AMOLED|Advanced Blazing Fast UI|AOD|Metal Case|Working Crown Smartwatch  (Black Strap, Free Size)","₹2,499",https://www.flipkart.com/fastrack-optimus2-pro-1-43-amoled-advanced-blazing-fast-ui-aod-metal-case-working-crown-smartwatch/p/itm7aa50ddb7212a?pid=SMWH3S4JYFPATZCV&lid=LSTSMWH3S4JYFPATZCVECIYWL&marketplace=FLIPKART&q=fastrack+smartwatches&store=ajy%2Fbuh&srno=s_1_5&otracker=search&otracker1=search&fm=organic&iid=bc72db09-f48a-4181-a52b-6c73724ced80.SMWH3S4JYFPATZCV.SEARCH&ppt=None&ppn=None&ssid=ugxkddcdow0000001744461107695&qH=5ee8669593272364,https://rukminim2.flixcart.com/image/416/416/xif0q/smartwatch/w/m/q/-original-imah5hztgfqkfwb9.jpeg?q=70&crop=false
"Fastrack Revoltt X-1.83'|Blazing Fast UI|Single Sync BT Calling|Calculator|In-built games Smartwatch  (Black Strap, Free Size)","₹1,399",https://www.flipkart.com/fastrack-revoltt-x-1-83-blazing-fast-ui-single-sync-bt-calling-calculator-in-built-games-smartwatch/p/itm94d55d2118343?pid=SMWH3PYKY7UFNZCW&lid=LSTSMWH3PYKY7UFNZCWF5XA3W&marketplace=FLIPKART&q=fastrack+smartwatches&store=ajy%2Fbuh&spotlightTagId=default_BestsellerId_ajy%2Fbuh&srno=s_1_4&otracker=search&otracker1=search&fm=Search&iid=bc72db09-f48a-4181-a52b-6c73724ced80.SMWH3PYKY7UFNZCW.SEARCH&ppt=sp&ppn=sp&ssid=ugxkddcdow0000001744461107695&qH=5ee8669593272364,https://rukminim2.flixcart.com/image/416/416/xif0q/smartwatch/t/v/z/-original-imah63b2hzuzehaf.jpeg?q=70&crop=false
"Fastrack Revoltt XR1-1.38|BT Calling|Fast Charge|100+ Sports Mode|IP68|Calculator|Fashion Smartwatch  (Black Strap, Free Size)","₹1,499",https://www.flipkart.com/fastrack-revoltt-xr1-1-38-bt-calling-fast-charge-100-sports-mode-ip68-calculator-fashion-smartwatch/p/itm470880e507472?pid=SMWH3PYZTJQGMHFH&lid=LSTSMWH3PYZTJQGMHFHDHNBXS&marketplace=FLIPKART&q=fastrack+smartwatches&store=ajy%2Fbuh&spotlightTagId=default_BestsellerId_ajy%2Fbuh&srno=s_1_3&otracker=search&otracker1=search&fm=Search&iid=bc72db09-f48a-4181-a52b-6c73724ced80.SMWH3PYZTJQGMHFH.SEARCH&ppt=sp&ppn=sp&ssid=ugxkddcdow0000001744461107695&qH=5ee8669593272364,https://rukminim2.flixcart.com/image/416/416/xif0q/smartwatch/u/j/k/-original-imagx8ncm5ra8nmg.jpeg?q=70&crop=false
"Noise Colorfit Icon 2 1.8'' Display with Bluetooth Calling, AI Voice Assistant Smartwatch  (Blue Strap, Regular)","₹1,099",https://www.flipkart.com/noise-colorfit-icon-2-1-8-display-bluetooth-calling-ai-voice-assistant-smartwatch/p/itm8229e27c1df28?pid=SMWGEH7VV8B3H8Y6&lid=LSTSMWGEH7VV8B3H8Y6ZUQIYO&marketplace=FLIPKART&q=fastrack+smartwatches&store=ajy%2Fbuh&srno=s_1_2&otracker=search&otracker1=search&fm=organic&iid=en_udDkUuPmfA5o28fwrj90SpVj1SM7zP-42SCOwfh_nHfOA7nzuD5UTpIHYf1_I-oSRaU9t1Gv4MS1XerAYOehrw%3D%3D&ppt=None&ppn=None&ssid=ugxkddcdow0000001744461107695&qH=5ee8669593272364,https://rukminim2.flixcart.com/image/416/416/xif0q/smartwatch/o/c/a/-original-imah76jszpjhp2yr.jpeg?q=70&crop=false
"Noise Colorfit Icon 2 1.8'' Display with Bluetooth Calling, AI Voice Assistant Smartwatch  (Black Strap, Regular)","₹1,019",https://www.flipkart.com/noise-colorfit-icon-2-1-8-display-bluetooth-calling-ai-voice-assistant-smartwatch/p/itmd4cd819eadb9f?pid=SMWGEH7VGYMGCP3V&lid=LSTSMWGEH7VGYMGCP3VXIJHDY&marketplace=FLIPKART&q=fastrack+smartwatches&store=ajy%2Fbuh&srno=s_1_1&otracker=search&otracker1=search&fm=Search&iid=en_udDkUuPmfA5o28fwrj90SpVj1SM7zP-42SCOwfh_nHfi28DeCdMWaVmtOa-I4wz_MLJTLDMksEnUReJg4EjNkA%3D%3D&ppt=sp&ppn=sp&ssid=ugxkddcdow0000001744461107695&qH=5ee8669593272364,https://rukminim2.flixcart.com/image/416/416/xif0q/smartwatch/s/i/u/-original-imah76jt64ffmwg4.jpeg?q=70&crop=false
