Title,Price,Product URL,Image URL
"Air Zoom Pegasus 40 Prm Running Shoes For Men  (White , 7)","₹7,997",https://www.flipkart.com/nike-air-zoom-pegasus-40-prm-running-shoes-men/p/itm81a52c785970a?pid=SHOGYG5EFHSATUTA&lid=LSTSHOGYG5EFHSATUTABISSJ8&marketplace=FLIPKART&q=nike+shoes&store=osp&srno=s_1_40&otracker=search&otracker1=search&fm=organic&iid=63852d88-66ce-4fa1-913d-21060be13d0b.SHOGYG5EFHSATUTA.SEARCH&ppt=None&ppn=None&ssid=x53ypjvlao0000001744395014367&qH=2d7d99166bc4a50f,https://rukminim2.flixcart.com/image/832/832/xif0q/shoe/r/7/m/-original-imah4ektfkqphk8m.jpeg?q=70&crop=false
"Tanjun Sneakers For Men  (White , 12)","₹3,996",https://www.flipkart.com/nike-tanjun-sneakers-men/p/itma0c00113d3bd4?pid=SHOGTT9XUYSTHVYZ&lid=LSTSHOGTT9XUYSTHVYZ9IYIEW&marketplace=FLIPKART&q=nike+shoes&store=osp&srno=s_1_39&otracker=search&otracker1=search&fm=organic&iid=63852d88-66ce-4fa1-913d-21060be13d0b.SHOGTT9XUYSTHVYZ.SEARCH&ppt=None&ppn=None&ssid=x53ypjvlao0000001744395014367&qH=2d7d99166bc4a50f,https://rukminim2.flixcart.com/image/832/832/xif0q/shoe/o/i/7/-original-imah4zh29gqyezxp.jpeg?q=70&crop=false
"W NIKE RENEW RUN 4 Running Shoes For Women  (Purple , 6)","₹4,589",https://www.flipkart.com/nike-w-renew-run-4-running-shoes-women/p/itm48de0bea4183e?pid=SHOGKV3246CHTN6S&lid=LSTSHOGKV3246CHTN6SIC4BRY&marketplace=FLIPKART&q=nike+shoes&store=osp&srno=s_1_38&otracker=search&otracker1=search&fm=organic&iid=63852d88-66ce-4fa1-913d-21060be13d0b.SHOGKV3246CHTN6S.SEARCH&ppt=None&ppn=None&ssid=x53ypjvlao0000001744395014367&qH=2d7d99166bc4a50f,https://rukminim2.flixcart.com/image/832/832/xif0q/shoe/s/r/9/-original-imah4acwdjdacjfe.jpeg?q=70&crop=false
"M Superrep Go 3 Nn Fk Training & Gym Shoes For Men  (Multicolor , 10)","₹5,559",https://www.flipkart.com/nike-m-superrep-go-3-nn-fk-training-gym-shoes-men/p/itmf384204779cf6?pid=SHOGXZ8KSFJVGBEC&lid=LSTSHOGXZ8KSFJVGBEC4LWXKY&marketplace=FLIPKART&q=nike+shoes&store=osp&srno=s_1_37&otracker=search&otracker1=search&fm=organic&iid=63852d88-66ce-4fa1-913d-21060be13d0b.SHOGXZ8KSFJVGBEC.SEARCH&ppt=None&ppn=None&ssid=x53ypjvlao0000001744395014367&qH=2d7d99166bc4a50f,https://rukminim2.flixcart.com/image/832/832/xif0q/shoe/b/s/m/-original-imah4ekuehddqede.jpeg?q=70&crop=false
"Pegasus 39 Running Shoes For Men  (White , 12)","₹10,495",https://www.flipkart.com/nike-pegasus-39-running-shoes-men/p/itm32a68e0edc2f1?pid=SHOGZ8RXX8TVHWZM&lid=LSTSHOGZ8RXX8TVHWZM439FOU&marketplace=FLIPKART&q=nike+shoes&store=osp&srno=s_1_36&otracker=search&otracker1=search&fm=organic&iid=63852d88-66ce-4fa1-913d-21060be13d0b.SHOGZ8RXX8TVHWZM.SEARCH&ppt=None&ppn=None&ssid=x53ypjvlao0000001744395014367&qH=2d7d99166bc4a50f,https://rukminim2.flixcart.com/image/832/832/xif0q/shoe/b/a/5/-original-imah5vjktrhnysen.jpeg?q=70&crop=false
"Motiva Walking Shoes For Men  (Blue , 7)","₹9,695",https://www.flipkart.com/nike-motiva-walking-shoes-men/p/itm39e0e38ab3450?pid=SHOHFT9HQRMDQUTY&lid=LSTSHOHFT9HQRMDQUTYWSES7V&marketplace=FLIPKART&q=nike+shoes&store=osp&srno=s_1_35&otracker=search&otracker1=search&fm=organic&iid=63852d88-66ce-4fa1-913d-21060be13d0b.SHOHFT9HQRMDQUTY.SEARCH&ppt=None&ppn=None&ssid=x53ypjvlao0000001744395014367&qH=2d7d99166bc4a50f,https://rukminim2.flixcart.com/image/832/832/xif0q/shoe/l/6/w/-original-imah9mgz9zhsfzfy.jpeg?q=70&crop=false
"Kd14 Seasonal Ep Running Shoes For Men  (Pink , 7)","₹8,434",https://www.flipkart.com/nike-kd14-seasonal-ep-running-shoes-men/p/itm7be5cf27145a9?pid=SHOHYPB2QGGWVAZF&lid=LSTSHOHYPB2QGGWVAZFCWKRJS&marketplace=FLIPKART&q=nike+shoes&store=osp&srno=s_1_34&otracker=search&otracker1=search&fm=organic&iid=63852d88-66ce-4fa1-913d-21060be13d0b.SHOHYPB2QGGWVAZF.SEARCH&ppt=None&ppn=None&ssid=x53ypjvlao0000001744395014367&qH=2d7d99166bc4a50f,https://rukminim2.flixcart.com/image/832/832/xif0q/shoe/x/q/j/-original-imah46kdfuyyaj5j.jpeg?q=70&crop=false
"NIKE AIR ZOOM STRUCTURE 25 Running Shoes For Men  (White , 9)","₹7,776",https://www.flipkart.com/nike-air-zoom-structure-25-running-shoes-men/p/itm11a2c57bbac0b?pid=SHOGZ4FHSZHYZCCZ&lid=LSTSHOGZ4FHSZHYZCCZ1RCVKY&marketplace=FLIPKART&q=nike+shoes&store=osp&srno=s_1_33&otracker=search&otracker1=search&fm=organic&iid=63852d88-66ce-4fa1-913d-21060be13d0b.SHOGZ4FHSZHYZCCZ.SEARCH&ppt=None&ppn=None&ssid=x53ypjvlao0000001744395014367&qH=2d7d99166bc4a50f,https://rukminim2.flixcart.com/image/832/832/xif0q/shoe/r/p/i/-original-imah4j6vpxbvgyg3.jpeg?q=70&crop=false
"Initiator Running Shoes For Men  (White , 7)","₹8,495",https://www.flipkart.com/nike-initiator-running-shoes-men/p/itm719c0024c61b4?pid=SHOH2EDDTJSEZZQB&lid=LSTSHOH2EDDTJSEZZQBNTPJB6&marketplace=FLIPKART&q=nike+shoes&store=osp&srno=s_1_32&otracker=search&otracker1=search&fm=organic&iid=63852d88-66ce-4fa1-913d-21060be13d0b.SHOH2EDDTJSEZZQB.SEARCH&ppt=None&ppn=None&ssid=x53ypjvlao0000001744395014367&qH=2d7d99166bc4a50f,
"Free Run 2018 Training & Gym Shoes For Men  (Black , 8)","₹8,495",https://www.flipkart.com/nike-free-run-2018-training-gym-shoes-men/p/itm4590042af7714?pid=SHOH4JYYSZUAUQRZ&lid=LSTSHOH4JYYSZUAUQRZFZYLUB&marketplace=FLIPKART&q=nike+shoes&store=osp&srno=s_1_31&otracker=search&otracker1=search&fm=organic&iid=63852d88-66ce-4fa1-913d-21060be13d0b.SHOH4JYYSZUAUQRZ.SEARCH&ppt=None&ppn=None&ssid=x53ypjvlao0000001744395014367&qH=2d7d99166bc4a50f,https://rukminim2.flixcart.com/image/832/832/xif0q/shoe/w/d/1/9-5-942836-002-9-5-nike-black-anthracite-original-imah4jyxg2bexzzz.jpeg?q=70&crop=false
"Air Max SYSTM Sneakers For Men  (Black , 6)","₹5,372",https://www.flipkart.com/nike-air-max-systm-sneakers-men/p/itm49947783de263?pid=SHOGKV3JB8F5HV8Y&lid=LSTSHOGKV3JB8F5HV8Y5UU44B&marketplace=FLIPKART&q=nike+shoes&store=osp&srno=s_1_30&otracker=search&otracker1=search&fm=organic&iid=63852d88-66ce-4fa1-913d-21060be13d0b.SHOGKV3JB8F5HV8Y.SEARCH&ppt=None&ppn=None&ssid=x53ypjvlao0000001744395014367&qH=2d7d99166bc4a50f,https://rukminim2.flixcart.com/image/832/832/xif0q/shoe/b/l/n/13-dm9537-001-13-nike-black-white-wolf-grey-original-imaguy5jhsuyvaqv.jpeg?q=70&crop=false
"Running Shoes For Men  (Black , 6.5)","₹6,559",https://www.flipkart.com/nike-running-shoes-men/p/itm0b2f203d76a91?pid=SHOGKBEYNZUSABW6&lid=LSTSHOGKBEYNZUSABW6AUJS8T&marketplace=FLIPKART&q=nike+shoes&store=osp&srno=s_1_29&otracker=search&otracker1=search&fm=organic&iid=63852d88-66ce-4fa1-913d-21060be13d0b.SHOGKBEYNZUSABW6.SEARCH&ppt=None&ppn=None&ssid=x53ypjvlao0000001744395014367&qH=2d7d99166bc4a50f,https://rukminim2.flixcart.com/image/832/832/xif0q/shoe/o/n/v/-original-imah49fsqw9zrf8v.jpeg?q=70&crop=false
"Air Force 1 Flyknit 2.0 Running Shoes For Men  (White , 8)","₹8,809",https://www.flipkart.com/nike-air-force-1-flyknit-2-0-running-shoes-men/p/itmff4088e0ab2d8?pid=SHOHYR7BKGPXMMVS&lid=LSTSHOHYR7BKGPXMMVSWWETQB&marketplace=FLIPKART&q=nike+shoes&store=osp&srno=s_1_28&otracker=search&otracker1=search&fm=organic&iid=63852d88-66ce-4fa1-913d-21060be13d0b.SHOHYR7BKGPXMMVS.SEARCH&ppt=None&ppn=None&ssid=x53ypjvlao0000001744395014367&qH=2d7d99166bc4a50f,https://rukminim2.flixcart.com/image/832/832/xif0q/shoe/3/4/s/-original-imah35yycsfgzzkh.jpeg?q=70&crop=false
"QUEST 6 Running Shoes For Men  (White , 10)","₹7,095",https://www.flipkart.com/nike-quest-6-running-shoes-men/p/itm352b0547261c5?pid=SHOHFJ9KERVXEHDK&lid=LSTSHOHFJ9KERVXEHDKQSG28H&marketplace=FLIPKART&q=nike+shoes&store=osp&srno=s_1_27&otracker=search&otracker1=search&fm=organic&iid=63852d88-66ce-4fa1-913d-21060be13d0b.SHOHFJ9KERVXEHDK.SEARCH&ppt=None&ppn=None&ssid=x53ypjvlao0000001744395014367&qH=2d7d99166bc4a50f,https://rukminim2.flixcart.com/image/832/832/xif0q/shoe/o/z/i/-original-imah852prdd8z8zk.jpeg?q=70&crop=false
"Winflo 11 Running Shoes For Women  (Black , 3)","₹5,217",https://www.flipkart.com/nike-winflo-11-running-shoes-women/p/itmc2772c4ef6703?pid=SHOHFGYGCGH284KF&lid=LSTSHOHFGYGCGH284KF0ZZBNY&marketplace=FLIPKART&q=nike+shoes&store=osp&srno=s_1_26&otracker=search&otracker1=search&fm=organic&iid=63852d88-66ce-4fa1-913d-21060be13d0b.SHOHFGYGCGH284KF.SEARCH&ppt=None&ppn=None&ssid=x53ypjvlao0000001744395014367&qH=2d7d99166bc4a50f,https://rukminim2.flixcart.com/image/832/832/xif0q/shoe/q/f/b/3-5-fj9510-002-3-5-nike-black-anthracite-original-imahfhvs3fgddhkz.jpeg?q=70&crop=false
"Court Legacy Next Nature Sneakers For Women  (Grey , 8.5)","₹3,930",https://www.flipkart.com/nike-court-legacy-next-nature-sneakers-women/p/itm82b064e97af48?pid=SHOGTHZ5RZPAXXYA&lid=LSTSHOGTHZ5RZPAXXYAQCGVIN&marketplace=FLIPKART&q=nike+shoes&store=osp&srno=s_1_25&otracker=search&otracker1=search&fm=organic&iid=63852d88-66ce-4fa1-913d-21060be13d0b.SHOGTHZ5RZPAXXYA.SEARCH&ppt=None&ppn=None&ssid=x53ypjvlao0000001744395014367&qH=2d7d99166bc4a50f,https://rukminim2.flixcart.com/image/832/832/xif0q/shoe/r/m/r/-original-imah4zh5zrzwhng2.jpeg?q=70&crop=false
"Court Royale 2 WoShoe Running Shoes For Women  (Black , 3.5)","₹2,680",https://www.flipkart.com/nike-court-royale-2-woshoe-running-shoes-women/p/itme82589aa8390c?pid=SHOG8UTMEYGDT3HE&lid=LSTSHOG8UTMEYGDT3HEMWUI13&marketplace=FLIPKART&q=nike+shoes&store=osp&srno=s_1_24&otracker=search&otracker1=search&fm=organic&iid=63852d88-66ce-4fa1-913d-21060be13d0b.SHOG8UTMEYGDT3HE.SEARCH&ppt=None&ppn=None&ssid=x53ypjvlao0000001744395014367&qH=2d7d99166bc4a50f,https://rukminim2.flixcart.com/image/832/832/xif0q/shoe/l/i/3/-original-imah4aekpfwvf3cg.jpeg?q=70&crop=false
"Court Legacy Sneakers For Men  (White , 11)","₹3,196",https://www.flipkart.com/nike-court-legacy-sneakers-men/p/itm6044074dc3437?pid=SHOHFJ9TGEZS2P3P&lid=LSTSHOHFJ9TGEZS2P3PMPAEZA&marketplace=FLIPKART&q=nike+shoes&store=osp&srno=s_1_23&otracker=search&otracker1=search&fm=organic&iid=63852d88-66ce-4fa1-913d-21060be13d0b.SHOHFJ9TGEZS2P3P.SEARCH&ppt=None&ppn=None&ssid=x53ypjvlao0000001744395014367&qH=2d7d99166bc4a50f,https://rukminim2.flixcart.com/image/832/832/xif0q/shoe/s/x/p/-original-imah64w4hx8ymfqr.jpeg?q=70&crop=false
"Training & Gym Shoes For Women  (White , 6.5)","₹3,996",https://www.flipkart.com/nike-training-gym-shoes-women/p/itm2680010c30c33?pid=SHOH7F8DJFRFRRVC&lid=LSTSHOH7F8DJFRFRRVCDYHYQV&marketplace=FLIPKART&q=nike+shoes&store=osp&srno=s_1_22&otracker=search&otracker1=search&fm=organic&iid=63852d88-66ce-4fa1-913d-21060be13d0b.SHOH7F8DJFRFRRVC.SEARCH&ppt=None&ppn=None&ssid=x53ypjvlao0000001744395014367&qH=2d7d99166bc4a50f,https://rukminim2.flixcart.com/image/832/832/xif0q/shoe/x/b/q/7-dv0746-101-7-nike-white-metallic-silver-sail-coconut-milk-original-imagz8rbauggkjsw.jpeg?q=70&crop=false
"NK Run Swift 2 Women's Road Running Shoes Running Shoes For Women  (White , 4.5)","₹2,900",https://www.flipkart.com/nike-nk-run-swift-2-women-s-road-running-shoes-women/p/itm69aa46f25a43c?pid=SHOGFY9FGMYGWZGS&lid=LSTSHOGFY9FGMYGWZGSOTWZGH&marketplace=FLIPKART&q=nike+shoes&store=osp&srno=s_1_21&otracker=search&otracker1=search&fm=organic&iid=63852d88-66ce-4fa1-913d-21060be13d0b.SHOGFY9FGMYGWZGS.SEARCH&ppt=None&ppn=None&ssid=x53ypjvlao0000001744395014367&qH=2d7d99166bc4a50f,https://rukminim2.flixcart.com/image/832/832/xif0q/shoe/r/n/j/-original-imah4adgeyydqhng.jpeg?q=70&crop=false
"Air Max 270 Sneakers For Men  (Grey , 10)","₹11,196",https://www.flipkart.com/nike-air-max-270-sneakers-men/p/itm0b90787f8dd2f?pid=SHOGYHFQXPGKNDFD&lid=LSTSHOGYHFQXPGKNDFDPG0CJR&marketplace=FLIPKART&q=nike+shoes&store=osp&srno=s_1_20&otracker=search&otracker1=search&fm=organic&iid=63852d88-66ce-4fa1-913d-21060be13d0b.SHOGYHFQXPGKNDFD.SEARCH&ppt=None&ppn=None&ssid=x53ypjvlao0000001744395014367&qH=2d7d99166bc4a50f,https://rukminim2.flixcart.com/image/832/832/xif0q/shoe/u/y/d/6-ah8050-027-6-nike-light-silver-green-shock-black-original-imagyhfpfhfaqzj2.jpeg?q=70&crop=false
"Court Vision Low Next Nature Sneakers For Women  (White , 8)","₹4,995",https://www.flipkart.com/nike-court-vision-low-next-nature-sneakers-women/p/itm42313f521a334?pid=SHOGUY5KBB9URNC8&lid=LSTSHOGUY5KBB9URNC8HMMHFP&marketplace=FLIPKART&q=nike+shoes&store=osp&srno=s_1_19&otracker=search&otracker1=search&fm=organic&iid=63852d88-66ce-4fa1-913d-21060be13d0b.SHOGUY5KBB9URNC8.SEARCH&ppt=None&ppn=None&ssid=x53ypjvlao0000001744395014367&qH=2d7d99166bc4a50f,https://rukminim2.flixcart.com/image/832/832/xif0q/shoe/o/l/w/-original-imah4zhffvttbwrv.jpeg?q=70&crop=false
"Flex Experience Run 12 Training & Gym Shoes For Women  (Black , 4.5)","₹4,995",https://www.flipkart.com/nike-flex-experience-run-12-training-gym-shoes-women/p/itm6c363b9f7ab7b?pid=SHOHFHVTUQGANWNX&lid=LSTSHOHFHVTUQGANWNXC3THFR&marketplace=FLIPKART&q=nike+shoes&store=osp&srno=s_1_18&otracker=search&otracker1=search&fm=organic&iid=63852d88-66ce-4fa1-913d-21060be13d0b.SHOHFHVTUQGANWNX.SEARCH&ppt=None&ppn=None&ssid=x53ypjvlao0000001744395014367&qH=2d7d99166bc4a50f,https://rukminim2.flixcart.com/image/832/832/xif0q/shoe/o/j/u/-original-imah852hgftpfxfg.jpeg?q=70&crop=false
"Court Vision Low Next Nature Sneakers For Men  (White , 11)","₹4,995",https://www.flipkart.com/nike-court-vision-low-next-nature-sneakers-men/p/itmb2041d9272fb2?pid=SHOGRZGSVGYM7WVH&lid=LSTSHOGRZGSVGYM7WVHNIEV6Y&marketplace=FLIPKART&q=nike+shoes&store=osp&srno=s_1_17&otracker=search&otracker1=search&fm=organic&iid=63852d88-66ce-4fa1-913d-21060be13d0b.SHOGRZGSVGYM7WVH.SEARCH&ppt=None&ppn=None&ssid=x53ypjvlao0000001744395014367&qH=2d7d99166bc4a50f,https://rukminim2.flixcart.com/image/832/832/xif0q/shoe/3/1/j/-original-imah4er5am4pvyyz.jpeg?q=70&crop=false
"Air Max Impact 4 Basketball Shoes For Men  (White , 9)","₹8,495",https://www.flipkart.com/nike-air-max-impact-4-basketball-shoes-men/p/itm8725f38734126?pid=SHOGRRR3FPSZZNGG&lid=LSTSHOGRRR3FPSZZNGGAYC088&marketplace=FLIPKART&q=nike+shoes&store=osp&srno=s_1_16&otracker=search&otracker1=search&fm=organic&iid=63852d88-66ce-4fa1-913d-21060be13d0b.SHOGRRR3FPSZZNGG.SEARCH&ppt=None&ppn=None&ssid=x53ypjvlao0000001744395014367&qH=2d7d99166bc4a50f,https://rukminim2.flixcart.com/image/832/832/xif0q/shoe/o/x/m/-original-imah58q5f67yztws.jpeg?q=70&crop=false
"W Air Zoom Superrep 3 Training & Gym Shoes For Women  (Black , 4.5)","₹5,640",https://www.flipkart.com/nike-w-air-zoom-superrep-3-training-gym-shoes-women/p/itm533860bc14c93?pid=SHOHYPB2NYSRYRE7&lid=LSTSHOHYPB2NYSRYRE7IDZIHK&marketplace=FLIPKART&q=nike+shoes&store=osp&srno=s_1_15&otracker=search&otracker1=search&fm=organic&iid=63852d88-66ce-4fa1-913d-21060be13d0b.SHOHYPB2NYSRYRE7.SEARCH&ppt=None&ppn=None&ssid=x53ypjvlao0000001744395014367&qH=2d7d99166bc4a50f,https://rukminim2.flixcart.com/image/832/832/xif0q/shoe/j/b/x/-original-imah5z8pdkvqcfgg.jpeg?q=70&crop=false
"Interact Run Running Shoes For Men  (Blue , 11)","₹7,095",https://www.flipkart.com/nike-interact-run-running-shoes-men/p/itm33acee8d5c5b7?pid=SHOHFT9GMZMXHHFZ&lid=LSTSHOHFT9GMZMXHHFZM7C5PP&marketplace=FLIPKART&q=nike+shoes&store=osp&srno=s_1_14&otracker=search&otracker1=search&fm=organic&iid=63852d88-66ce-4fa1-913d-21060be13d0b.SHOHFT9GMZMXHHFZ.SEARCH&ppt=None&ppn=None&ssid=x53ypjvlao0000001744395014367&qH=2d7d99166bc4a50f,https://rukminim2.flixcart.com/image/832/832/xif0q/shoe/t/u/c/8-fd2291-404-8-nike-astronomy-blue-pure-platinum-original-imahft9frep3ybt9.jpeg?q=70&crop=false
"Tiempo Legend 10 Academy Multi-Ground Football Shoes For Men  (Blue , 11)","₹5,996",https://www.flipkart.com/nike-tiempo-legend-10-academy-multi-ground-football-shoes-men/p/itm835ed697814cf?pid=SHOH2ZDYTPR4TSF4&lid=LSTSHOH2ZDYTPR4TSF4VGFEQZ&marketplace=FLIPKART&q=nike+shoes&store=osp&srno=s_1_13&otracker=search&otracker1=search&fm=organic&iid=63852d88-66ce-4fa1-913d-21060be13d0b.SHOH2ZDYTPR4TSF4.SEARCH&ppt=None&ppn=None&ssid=x53ypjvlao0000001744395014367&qH=2d7d99166bc4a50f,https://rukminim2.flixcart.com/image/832/832/xif0q/shoe/z/s/s/-original-imah64w4hmyrszhu.jpeg?q=70&crop=false
"Experience Run 11 Running Shoes For Women  (Black , 8)","₹3,496",https://www.flipkart.com/nike-experience-run-11-running-shoes-women/p/itmfa4e7fdfd092a?pid=SHOH4E6U79W6VGJH&lid=LSTSHOH4E6U79W6VGJHC9BERL&marketplace=FLIPKART&q=nike+shoes&store=osp&srno=s_1_12&otracker=search&otracker1=search&fm=organic&iid=63852d88-66ce-4fa1-913d-21060be13d0b.SHOH4E6U79W6VGJH.SEARCH&ppt=None&ppn=None&ssid=x53ypjvlao0000001744395014367&qH=2d7d99166bc4a50f,https://rukminim2.flixcart.com/image/832/832/xif0q/shoe/p/x/t/-original-imah9mgmzcgfkavg.jpeg?q=70&crop=false
"2 Retro Sneakers For Women  (Grey , 3)","₹5,279",https://www.flipkart.com/nike-2-retro-sneakers-women/p/itm316818bdc54fb?pid=SHOH3YBGG5WJ6FE4&lid=LSTSHOH3YBGG5WJ6FE4VAYPJM&marketplace=FLIPKART&q=nike+shoes&store=osp&srno=s_1_11&otracker=search&otracker1=search&fm=organic&iid=63852d88-66ce-4fa1-913d-21060be13d0b.SHOH3YBGG5WJ6FE4.SEARCH&ppt=None&ppn=None&ssid=x53ypjvlao0000001744395014367&qH=2d7d99166bc4a50f,https://rukminim2.flixcart.com/image/832/832/xif0q/shoe/d/a/k/-original-imah5ux4ynfmaqca.jpeg?q=70&crop=false
"Revolution 6 Running Shoes For Men  (White , 11)","₹3,695",https://www.flipkart.com/nike-revolution-6-running-shoes-men/p/itm910ffa3a8da07?pid=SHOG982JEMY7YRH5&lid=LSTSHOG982JEMY7YRH57QYWJL&marketplace=FLIPKART&q=nike+shoes&store=osp&srno=s_1_10&otracker=search&otracker1=search&fm=organic&iid=63852d88-66ce-4fa1-913d-21060be13d0b.SHOG982JEMY7YRH5.SEARCH&ppt=None&ppn=None&ssid=x53ypjvlao0000001744395014367&qH=2d7d99166bc4a50f,https://rukminim2.flixcart.com/image/832/832/xif0q/shoe/w/y/1/-original-imah4zkgjbjfgtjs.jpeg?q=70&crop=false
"Fly.By Mid 3 Basketball Shoes For Men  (Black , 10)","₹4,995",https://www.flipkart.com/nike-fly-by-mid-3-basketball-shoes-men/p/itmd55cdf8dde67f?pid=SHOG982JJZJSGDT6&lid=LSTSHOG982JJZJSGDT65RRDYQ&marketplace=FLIPKART&q=nike+shoes&store=osp&srno=s_1_9&otracker=search&otracker1=search&fm=organic&iid=63852d88-66ce-4fa1-913d-21060be13d0b.SHOG982JJZJSGDT6.SEARCH&ppt=None&ppn=None&ssid=x53ypjvlao0000001744395014367&qH=2d7d99166bc4a50f,https://rukminim2.flixcart.com/image/832/832/xif0q/shoe/d/g/x/-original-imah4aehph9k5xeh.jpeg?q=70&crop=false
"Juniper Trail 3 Running Shoes For Men  (White , 10)","₹7,495",https://www.flipkart.com/nike-juniper-trail-3-running-shoes-men/p/itm33c21d9f1709c?pid=SHOH29RUVSFQEFHD&lid=LSTSHOH29RUVSFQEFHDWDGUEF&marketplace=FLIPKART&q=nike+shoes&store=osp&srno=s_1_8&otracker=search&otracker1=search&fm=organic&iid=63852d88-66ce-4fa1-913d-21060be13d0b.SHOH29RUVSFQEFHD.SEARCH&ppt=None&ppn=None&ssid=x53ypjvlao0000001744395014367&qH=2d7d99166bc4a50f,https://rukminim2.flixcart.com/image/832/832/xif0q/shoe/8/y/z/-original-imah852szhjbkpzu.jpeg?q=70&crop=false
"Revolution 6 Running Shoes For Men  (Navy , 11)","₹2,956",https://www.flipkart.com/nike-revolution-6-running-shoes-men/p/itm5251f5cbf48b6?pid=SHOGTT9W5EQYPCHS&lid=LSTSHOGTT9W5EQYPCHSDAAVHW&marketplace=FLIPKART&q=nike+shoes&store=osp&srno=s_1_7&otracker=search&otracker1=search&fm=organic&iid=63852d88-66ce-4fa1-913d-21060be13d0b.SHOGTT9W5EQYPCHS.SEARCH&ppt=None&ppn=None&ssid=x53ypjvlao0000001744395014367&qH=2d7d99166bc4a50f,https://rukminim2.flixcart.com/image/832/832/xif0q/shoe/k/m/z/-original-imah4zkscx6mgyzn.jpeg?q=70&crop=false
"Air Force 1 '07 Rec Running Shoes For Women  (White , 5.5)","₹10,830",https://www.flipkart.com/nike-air-force-1-07-rec-running-shoes-women/p/itmfd26966e9d594?pid=SHOHYR7BWSJX7NG5&lid=LSTSHOHYR7BWSJX7NG5G6XCRI&marketplace=FLIPKART&q=nike+shoes&store=osp&srno=s_1_6&otracker=search&otracker1=search&fm=organic&iid=63852d88-66ce-4fa1-913d-21060be13d0b.SHOHYR7BWSJX7NG5.SEARCH&ppt=None&ppn=None&ssid=x53ypjvlao0000001744395014367&qH=2d7d99166bc4a50f,https://rukminim2.flixcart.com/image/832/832/xif0q/shoe/p/p/3/-original-imah35yyawzhkyvf.jpeg?q=70&crop=false
"Air Zoom Pegasus 40 Prm Running Shoes For Men  (White , 10)","₹7,997",https://www.flipkart.com/nike-air-zoom-pegasus-40-prm-running-shoes-men/p/itm730cde139dbc2?pid=SHOGYG5E6D5BRNZY&lid=LSTSHOGYG5E6D5BRNZY1HJY2R&marketplace=FLIPKART&q=nike+shoes&store=osp&srno=s_1_5&otracker=search&otracker1=search&fm=organic&iid=63852d88-66ce-4fa1-913d-21060be13d0b.SHOGYG5E6D5BRNZY.SEARCH&ppt=None&ppn=None&ssid=x53ypjvlao0000001744395014367&qH=2d7d99166bc4a50f,https://rukminim2.flixcart.com/image/832/832/xif0q/shoe/q/x/b/-original-imah4ekkf6zgaju9.jpeg?q=70&crop=false
"Running Shoes For Men  (Black , 11)","₹6,959",https://www.flipkart.com/nike-running-shoes-men/p/itmd8f1076bea4c1?pid=SHOHYWQQRJY6PCZF&lid=LSTSHOHYWQQRJY6PCZFXAI8YI&marketplace=FLIPKART&q=nike+shoes&store=osp&srno=s_1_4&otracker=search&otracker1=search&fm=organic&iid=63852d88-66ce-4fa1-913d-21060be13d0b.SHOHYWQQRJY6PCZF.SEARCH&ppt=None&ppn=None&ssid=x53ypjvlao0000001744395014367&qH=2d7d99166bc4a50f,https://rukminim2.flixcart.com/image/832/832/xif0q/shoe/p/m/t/-original-imah46kdkggyxvzn.jpeg?q=70&crop=false
"Precision 7 Basketball Shoes For Men  (White , 9)","₹4,556",https://www.flipkart.com/nike-precision-7-basketball-shoes-men/p/itm6091d0086b242?pid=SHOGZN3WVRGUAFPG&lid=LSTSHOGZN3WVRGUAFPGESM4PI&marketplace=FLIPKART&q=nike+shoes&store=osp&srno=s_1_3&otracker=search&otracker1=search&fm=organic&iid=63852d88-66ce-4fa1-913d-21060be13d0b.SHOGZN3WVRGUAFPG.SEARCH&ppt=None&ppn=None&ssid=x53ypjvlao0000001744395014367&qH=2d7d99166bc4a50f,https://rukminim2.flixcart.com/image/832/832/xif0q/shoe/1/7/b/7-fn4322-100-7-nike-white-lt-smoke-grey-photon-dust-original-imagzn3vh8yzrwvy.jpeg?q=70&crop=false
"Precision 7 Basketball Shoes For Men  (White , 6)","₹5,695",https://www.flipkart.com/nike-precision-7-basketball-shoes-men/p/itmd05d83a7bd64c?pid=SHOH2FVGDZCGYEZH&lid=LSTSHOH2FVGDZCGYEZH8J0D7N&marketplace=FLIPKART&q=nike+shoes&store=osp&srno=s_1_2&otracker=search&otracker1=search&fm=organic&iid=63852d88-66ce-4fa1-913d-21060be13d0b.SHOH2FVGDZCGYEZH.SEARCH&ppt=None&ppn=None&ssid=x53ypjvlao0000001744395014367&qH=2d7d99166bc4a50f,https://rukminim2.flixcart.com/image/832/832/xif0q/shoe/u/p/q/-original-imah4j7gqunz9jnj.jpeg?q=70&crop=false
"Giannis Immortality 4 EP Basketball Shoes For Men  (White , 9)","₹7,095",https://www.flipkart.com/nike-giannis-immortality-4-ep-basketball-shoes-men/p/itm19c176e7a0e12?pid=SHOH4E6UFPZPZBGM&lid=LSTSHOH4E6UFPZPZBGMLG4HAB&marketplace=FLIPKART&q=nike+shoes&store=osp&srno=s_1_1&otracker=search&otracker1=search&fm=organic&iid=en_baEhtuhvrHeRneSfr6wo7IQwTE75lTaxXXflyvFU-quDzzllFOyBedBB4e4NMnL1I4vfDlShz-nxLqto6O6n-vEiTTgSPMFVAxA73CkI60o%3D&ppt=None&ppn=None&ssid=x53ypjvlao0000001744395014367&qH=2d7d99166bc4a50f,https://rukminim2.flixcart.com/image/832/832/xif0q/shoe/y/m/7/-original-imah852fndtvvygt.jpeg?q=70&crop=false
"WMNS NKQUEST 5 Running Shoes For Women  (Multicolor , 3)","₹4,340",https://www.flipkart.com/nike-wmns-nkquest-5-running-shoes-women/p/itm072edc30ef78b?pid=SHOGG47MGHZU4G24&lid=LSTSHOGG47MGHZU4G244F5OPJ&marketplace=FLIPKART&q=nike+shoes&store=osp&srno=s_2_80&otracker=search&otracker1=search&fm=organic&iid=2a68660e-25c7-48f3-8c43-74e2fa7f89f2.SHOGG47MGHZU4G24.SEARCH&ppt=None&ppn=None&ssid=5gqll17so00000001744395396681&qH=2d7d99166bc4a50f,https://rukminim2.flixcart.com/image/832/832/xif0q/shoe/a/5/7/-original-imah4a4sfhm3j2yh.jpeg?q=70&crop=false
"Air Jordan 2 Retro Low Sneakers For Women  (White , 3)","₹5,279",https://www.flipkart.com/nike-air-jordan-2-retro-low-sneakers-women/p/itme8ab57114cbcd?pid=SHOH3YBGXHQDDYKG&lid=LSTSHOH3YBGXHQDDYKGFNHZGW&marketplace=FLIPKART&q=nike+shoes&store=osp&srno=s_2_79&otracker=search&otracker1=search&fm=organic&iid=2a68660e-25c7-48f3-8c43-74e2fa7f89f2.SHOH3YBGXHQDDYKG.SEARCH&ppt=None&ppn=None&ssid=5gqll17so00000001744395396681&qH=2d7d99166bc4a50f,https://rukminim2.flixcart.com/image/832/832/xif0q/shoe/t/c/b/-original-imah5vygzjhsqv4c.jpeg?q=70&crop=false
"Flex Experience Run 11 Training & Gym Shoes For Men  (Blue , 7)","₹3,996",https://www.flipkart.com/nike-flex-experience-run-11-training-gym-shoes-men/p/itm0c6905b71d9ef?pid=SHOGZ88P3HVAFWYC&lid=LSTSHOGZ88P3HVAFWYCV7QMKH&marketplace=FLIPKART&q=nike+shoes&store=osp&srno=s_2_78&otracker=search&otracker1=search&fm=organic&iid=2a68660e-25c7-48f3-8c43-74e2fa7f89f2.SHOGZ88P3HVAFWYC.SEARCH&ppt=None&ppn=None&ssid=5gqll17so00000001744395396681&qH=2d7d99166bc4a50f,https://rukminim2.flixcart.com/image/832/832/xif0q/shoe/1/u/b/-original-imagtbtfgzjczzyt.jpeg?q=70&crop=false
"LeBron Witness 8 EP Basketball Shoes For Men  (White , 8)","₹6,086",https://www.flipkart.com/nike-lebron-witness-8-ep-basketball-shoes-men/p/itm821684dff3309?pid=SHOH4JFYFEJKDGEM&lid=LSTSHOH4JFYFEJKDGEMSEGVEL&marketplace=FLIPKART&q=nike+shoes&store=osp&srno=s_2_77&otracker=search&otracker1=search&fm=organic&iid=2a68660e-25c7-48f3-8c43-74e2fa7f89f2.SHOH4JFYFEJKDGEM.SEARCH&ppt=None&ppn=None&ssid=5gqll17so00000001744395396681&qH=2d7d99166bc4a50f,https://rukminim2.flixcart.com/image/832/832/xif0q/shoe/t/l/d/7-fb2237-104-7-nike-white-aster-pink-bright-mandarin-original-imah4jyx96ncda3j.jpeg?q=70&crop=false
"Walking Shoes For Men  (Black , 6)","₹4,124",https://www.flipkart.com/nike-walking-shoes-men/p/itm8e5b5f256832d?pid=SHOHF5QFGDBZVZET&lid=LSTSHOHF5QFGDBZVZETXAYGLF&marketplace=FLIPKART&q=nike+shoes&store=osp&srno=s_2_76&otracker=search&otracker1=search&fm=organic&iid=2a68660e-25c7-48f3-8c43-74e2fa7f89f2.SHOHF5QFGDBZVZET.SEARCH&ppt=None&ppn=None&ssid=5gqll17so00000001744395396681&qH=2d7d99166bc4a50f,https://rukminim2.flixcart.com/image/832/832/xif0q/shoe/s/a/r/-original-imah5ux4dppzyhmf.jpeg?q=70&crop=false
"Xix Running Shoes For Men  (Blue , 7.5)","₹10,645",https://www.flipkart.com/nike-xix-running-shoes-men/p/itmc327b3a48ce39?pid=SHOHYPB2JGSF76PN&lid=LSTSHOHYPB2JGSF76PNWYVPWM&marketplace=FLIPKART&q=nike+shoes&store=osp&srno=s_2_75&otracker=search&otracker1=search&fm=organic&iid=2a68660e-25c7-48f3-8c43-74e2fa7f89f2.SHOHYPB2JGSF76PN.SEARCH&ppt=None&ppn=None&ssid=5gqll17so00000001744395396681&qH=2d7d99166bc4a50f,https://rukminim2.flixcart.com/image/832/832/xif0q/shoe/t/f/x/-original-imah46k9byf8dwgz.jpeg?q=70&crop=false
"Running Shoes For Men  (Black , 6)","₹2,922",https://www.flipkart.com/nike-running-shoes-men/p/itmed748e5d8b84d?pid=SHOGZS33YTYYW5WG&lid=LSTSHOGZS33YTYYW5WGPLSPZZ&marketplace=FLIPKART&q=nike+shoes&store=osp&srno=s_2_74&otracker=search&otracker1=search&fm=organic&iid=2a68660e-25c7-48f3-8c43-74e2fa7f89f2.SHOGZS33YTYYW5WG.SEARCH&ppt=None&ppn=None&ssid=5gqll17so00000001744395396681&qH=2d7d99166bc4a50f,https://rukminim2.flixcart.com/image/832/832/xif0q/shoe/9/c/q/-original-imah4a6hsyyye3kq.jpeg?q=70&crop=false
"Experience Run 11 Training & Gym Shoes For Women  (Black , 3)","₹2,740",https://www.flipkart.com/nike-experience-run-11-training-gym-shoes-women/p/itma0ca0314fa72b?pid=SHOGTT9WXZHKQBEZ&lid=LSTSHOGTT9WXZHKQBEZ9AV26N&marketplace=FLIPKART&q=nike+shoes&store=osp&srno=s_2_73&otracker=search&otracker1=search&fm=organic&iid=2a68660e-25c7-48f3-8c43-74e2fa7f89f2.SHOGTT9WXZHKQBEZ.SEARCH&ppt=None&ppn=None&ssid=5gqll17so00000001744395396681&qH=2d7d99166bc4a50f,https://rukminim2.flixcart.com/image/832/832/xif0q/shoe/f/2/h/-original-imah65w7w9cz2tjm.jpeg?q=70&crop=false
"Mercurial Vapor 16 Club MG Football Shoes For Men  (Blue , 11)","₹3,996",https://www.flipkart.com/nike-mercurial-vapor-16-club-mg-football-shoes-men/p/itmb72461b679b10?pid=SHOH2ZDFTY83X3CG&lid=LSTSHOH2ZDFTY83X3CG7J00DV&marketplace=FLIPKART&q=nike+shoes&store=osp&srno=s_2_72&otracker=search&otracker1=search&fm=organic&iid=2a68660e-25c7-48f3-8c43-74e2fa7f89f2.SHOH2ZDFTY83X3CG.SEARCH&ppt=None&ppn=None&ssid=5gqll17so00000001744395396681&qH=2d7d99166bc4a50f,https://rukminim2.flixcart.com/image/832/832/xif0q/shoe/a/5/6/-original-imah6f366qm2zrav.jpeg?q=70&crop=false
"Revolution 6 Running Shoes For Men  (Blue , 11)","₹2,956",https://www.flipkart.com/nike-revolution-6-running-shoes-men/p/itma0ec1807b1595?pid=SHOGRZHYJFGDPWEV&lid=LSTSHOGRZHYJFGDPWEVOKACU5&marketplace=FLIPKART&q=nike+shoes&store=osp&srno=s_2_71&otracker=search&otracker1=search&fm=organic&iid=2a68660e-25c7-48f3-8c43-74e2fa7f89f2.SHOGRZHYJFGDPWEV.SEARCH&ppt=None&ppn=None&ssid=5gqll17so00000001744395396681&qH=2d7d99166bc4a50f,
"Air 2 Retro Low Tex Sneakers For Men  (Pink , 8)","₹4,289",https://www.flipkart.com/nike-air-2-retro-low-tex-sneakers-men/p/itmefdc7e60bfe82?pid=SHOH3YBGAEYCYHRA&lid=LSTSHOH3YBGAEYCYHRASUMG6X&marketplace=FLIPKART&q=nike+shoes&store=osp&srno=s_2_70&otracker=search&otracker1=search&fm=organic&iid=2a68660e-25c7-48f3-8c43-74e2fa7f89f2.SHOH3YBGAEYCYHRA.SEARCH&ppt=None&ppn=None&ssid=5gqll17so00000001744395396681&qH=2d7d99166bc4a50f,https://rukminim2.flixcart.com/image/832/832/xif0q/shoe/8/a/t/-original-imah4yhzfruy38we.jpeg?q=70&crop=false
"Experience Run 11 Training & Gym Shoes For Women  (Grey , 4)","₹3,496",https://www.flipkart.com/nike-experience-run-11-training-gym-shoes-women/p/itma2458bff5bd41?pid=SHOH4E6UBBPNGZHF&lid=LSTSHOH4E6UBBPNGZHFMUA2EL&marketplace=FLIPKART&q=nike+shoes&store=osp&srno=s_2_69&otracker=search&otracker1=search&fm=organic&iid=2a68660e-25c7-48f3-8c43-74e2fa7f89f2.SHOH4E6UBBPNGZHF.SEARCH&ppt=None&ppn=None&ssid=5gqll17so00000001744395396681&qH=2d7d99166bc4a50f,https://rukminim2.flixcart.com/image/832/832/xif0q/shoe/1/t/1/9-5-dd9283-010-9-5-nike-photon-dust-bright-mandarin-polar-original-imah4e6us5dbdfbq.jpeg?q=70&crop=false
"Flex Experience Run 11 Running Shoes For Men  (Grey , 10)","₹2,922",https://www.flipkart.com/nike-flex-experience-run-11-running-shoes-men/p/itm3c1129086fc05?pid=SHOGZT5TCHN425TZ&lid=LSTSHOGZT5TCHN425TZVN7Q0L&marketplace=FLIPKART&q=nike+shoes&store=osp&srno=s_2_68&otracker=search&otracker1=search&fm=organic&iid=2a68660e-25c7-48f3-8c43-74e2fa7f89f2.SHOGZT5TCHN425TZ.SEARCH&ppt=None&ppn=None&ssid=5gqll17so00000001744395396681&qH=2d7d99166bc4a50f,https://rukminim2.flixcart.com/image/832/832/xif0q/shoe/c/g/h/-original-imah4eqhqgpquq6g.jpeg?q=70&crop=false
"Run Swift 3 Running Shoes For Women  (Blue , 4)","₹4,340",https://www.flipkart.com/nike-run-swift-3-running-shoes-women/p/itmd71df238cb815?pid=SHOHFXJJU9USZBYP&lid=LSTSHOHFXJJU9USZBYPX3NTJL&marketplace=FLIPKART&q=nike+shoes&store=osp&srno=s_2_67&otracker=search&otracker1=search&fm=organic&iid=2a68660e-25c7-48f3-8c43-74e2fa7f89f2.SHOHFXJJU9USZBYP.SEARCH&ppt=None&ppn=None&ssid=5gqll17so00000001744395396681&qH=2d7d99166bc4a50f,https://rukminim2.flixcart.com/image/832/832/xif0q/shoe/f/c/h/-original-imah46k8vqhfnhxw.jpeg?q=70&crop=false
"W Nike Court Vision Sneakers For Women  (White , 6)","₹4,900",https://www.flipkart.com/nike-w-court-vision-sneakers-women/p/itmabb7fb01e87cc?pid=SHOH83VJYHZWYYJF&lid=LSTSHOH83VJYHZWYYJFOK8VFC&marketplace=FLIPKART&q=nike+shoes&store=osp&srno=s_2_66&otracker=search&otracker1=search&fm=organic&iid=2a68660e-25c7-48f3-8c43-74e2fa7f89f2.SHOH83VJYHZWYYJF.SEARCH&ppt=None&ppn=None&ssid=5gqll17so00000001744395396681&qH=2d7d99166bc4a50f,https://rukminim2.flixcart.com/image/832/832/xif0q/shoe/y/q/f/-original-imah9qyypcmzdkbb.jpeg?q=70&crop=false
"Tanjun Sneakers For Men  (Black , 6)","₹3,996",https://www.flipkart.com/nike-tanjun-sneakers-men/p/itm9106bdff17fe0?pid=SHOGSYFWHYYHZH5H&lid=LSTSHOGSYFWHYYHZH5HURA0XD&marketplace=FLIPKART&q=nike+shoes&store=osp&srno=s_2_65&otracker=search&otracker1=search&fm=organic&iid=2a68660e-25c7-48f3-8c43-74e2fa7f89f2.SHOGSYFWHYYHZH5H.SEARCH&ppt=None&ppn=None&ssid=5gqll17so00000001744395396681&qH=2d7d99166bc4a50f,https://rukminim2.flixcart.com/image/832/832/xif0q/shoe/m/l/v/-original-imah4zhgw7kgmhjx.jpeg?q=70&crop=false
"Running Shoes For Men  (White , 7)","₹9,964",https://www.flipkart.com/nike-running-shoes-men/p/itm49cfbbea09003?pid=SHOHYCY9MEFH6KCA&lid=LSTSHOHYCY9MEFH6KCASBMO7L&marketplace=FLIPKART&q=nike+shoes&store=osp&srno=s_2_64&otracker=search&otracker1=search&fm=organic&iid=2a68660e-25c7-48f3-8c43-74e2fa7f89f2.SHOHYCY9MEFH6KCA.SEARCH&ppt=None&ppn=None&ssid=5gqll17so00000001744395396681&qH=2d7d99166bc4a50f,https://rukminim2.flixcart.com/image/832/832/xif0q/shoe/8/y/r/-original-imah4ez4hauh3f6g.jpeg?q=70&crop=false
"LeBron Witness 8 EP Basketball Shoes For Men  (Grey , 7)","₹6,956",https://www.flipkart.com/nike-lebron-witness-8-ep-basketball-shoes-men/p/itm60ebc6c4ade7b?pid=SHOH2FVJYTEYZYZY&lid=LSTSHOH2FVJYTEYZYZYFK3N9G&marketplace=FLIPKART&q=nike+shoes&store=osp&srno=s_2_63&otracker=search&otracker1=search&fm=organic&iid=2a68660e-25c7-48f3-8c43-74e2fa7f89f2.SHOH2FVJYTEYZYZY.SEARCH&ppt=None&ppn=None&ssid=5gqll17so00000001744395396681&qH=2d7d99166bc4a50f,https://rukminim2.flixcart.com/image/832/832/xif0q/shoe/y/1/i/-original-imah5ux4zazag3pz.jpeg?q=70&crop=false
"E-Series AD Sneakers For Women  (Black , 9.5)","₹5,036",https://www.flipkart.com/nike-e-series-ad-sneakers-women/p/itm64f509eb9a5a3?pid=SHOGXHREZSUQURXM&lid=LSTSHOGXHREZSUQURXMLGGZ6K&marketplace=FLIPKART&q=nike+shoes&store=osp&srno=s_2_62&otracker=search&otracker1=search&fm=organic&iid=2a68660e-25c7-48f3-8c43-74e2fa7f89f2.SHOGXHREZSUQURXM.SEARCH&ppt=None&ppn=None&ssid=5gqll17so00000001744395396681&qH=2d7d99166bc4a50f,https://rukminim2.flixcart.com/image/832/832/xif0q/shoe/y/k/p/-original-imah852dfnwe6yfx.jpeg?q=70&crop=false
"Air 2 Retro Sneakers For Women  (White , 3.5)","₹5,279",https://www.flipkart.com/nike-air-2-retro-sneakers-women/p/itm00fafd59e32fc?pid=SHOH3YBGCYGFKEJN&lid=LSTSHOH3YBGCYGFKEJNLRVQI5&marketplace=FLIPKART&q=nike+shoes&store=osp&srno=s_2_61&otracker=search&otracker1=search&fm=organic&iid=2a68660e-25c7-48f3-8c43-74e2fa7f89f2.SHOH3YBGCYGFKEJN.SEARCH&ppt=None&ppn=None&ssid=5gqll17so00000001744395396681&qH=2d7d99166bc4a50f,https://rukminim2.flixcart.com/image/832/832/xif0q/shoe/1/s/n/-original-imah5ux4dgy8stp5.jpeg?q=70&crop=false
"Journey Run Running Shoes For Men  (White , 11)","₹8,495",https://www.flipkart.com/nike-journey-run-running-shoes-men/p/itmcdffc274a3a4f?pid=SHOH5AZGJANZ8FMZ&lid=LSTSHOH5AZGJANZ8FMZMNIDFN&marketplace=FLIPKART&q=nike+shoes&store=osp&srno=s_2_60&otracker=search&otracker1=search&fm=organic&iid=2a68660e-25c7-48f3-8c43-74e2fa7f89f2.SHOH5AZGJANZ8FMZ.SEARCH&ppt=None&ppn=None&ssid=5gqll17so00000001744395396681&qH=2d7d99166bc4a50f,https://rukminim2.flixcart.com/image/832/832/xif0q/shoe/c/a/n/-original-imah9mgnycruyeck.jpeg?q=70&crop=false
"E-Series AD Sneakers For Women  (Pink , 9.5)","₹5,036",https://www.flipkart.com/nike-e-series-ad-sneakers-women/p/itm1ea546b9a963b?pid=SHOGYHFQZXPFBNWN&lid=LSTSHOGYHFQZXPFBNWNZUZJJ9&marketplace=FLIPKART&q=nike+shoes&store=osp&srno=s_2_59&otracker=search&otracker1=search&fm=organic&iid=2a68660e-25c7-48f3-8c43-74e2fa7f89f2.SHOGYHFQZXPFBNWN.SEARCH&ppt=None&ppn=None&ssid=5gqll17so00000001744395396681&qH=2d7d99166bc4a50f,https://rukminim2.flixcart.com/image/832/832/xif0q/shoe/l/h/q/-original-imah5vjgafgp3zyf.jpeg?q=70&crop=false
"Pegasus 39 Premium Running Shoes For Women  (Pink , 4)","₹9,516",https://www.flipkart.com/nike-pegasus-39-premium-running-shoes-women/p/itm3d830f90af293?pid=SHOHFHVSAQWZTMHT&lid=LSTSHOHFHVSAQWZTMHT5H2IVT&marketplace=FLIPKART&q=nike+shoes&store=osp&srno=s_2_58&otracker=search&otracker1=search&fm=organic&iid=2a68660e-25c7-48f3-8c43-74e2fa7f89f2.SHOHFHVSAQWZTMHT.SEARCH&ppt=None&ppn=None&ssid=5gqll17so00000001744395396681&qH=2d7d99166bc4a50f,https://rukminim2.flixcart.com/image/832/832/xif0q/shoe/f/h/w/-original-imah852t7h6njqem.jpeg?q=70&crop=false
"RENEW RUN 4 Running Shoes For Men  (Black , 9)","₹5,022",https://www.flipkart.com/nike-renew-run-4-running-shoes-men/p/itmee21d82f6e678?pid=SHOGKV3YZARH8YGZ&lid=LSTSHOGKV3YZARH8YGZWR7ACK&marketplace=FLIPKART&q=nike+shoes&store=osp&srno=s_2_57&otracker=search&otracker1=search&fm=organic&iid=2a68660e-25c7-48f3-8c43-74e2fa7f89f2.SHOGKV3YZARH8YGZ.SEARCH&ppt=None&ppn=None&ssid=5gqll17so00000001744395396681&qH=2d7d99166bc4a50f,https://rukminim2.flixcart.com/image/832/832/xif0q/shoe/i/a/w/-original-imagudcgaqrwrf7m.jpeg?q=70&crop=false
"Flex Experience Run 11 Training & Gym Shoes For Men  (Grey , 11)","₹3,996",https://www.flipkart.com/nike-flex-experience-run-11-training-gym-shoes-men/p/itm8a0538d7bd701?pid=SHOGYHFRCFMQC5KQ&lid=LSTSHOGYHFRCFMQC5KQAH721J&marketplace=FLIPKART&q=nike+shoes&store=osp&srno=s_2_56&otracker=search&otracker1=search&fm=organic&iid=2a68660e-25c7-48f3-8c43-74e2fa7f89f2.SHOGYHFRCFMQC5KQ.SEARCH&ppt=None&ppn=None&ssid=5gqll17so00000001744395396681&qH=2d7d99166bc4a50f,https://rukminim2.flixcart.com/image/832/832/xif0q/shoe/9/f/n/-original-imah4ekr3ku9whee.jpeg?q=70&crop=false
"NIKE AIR MAX SYSTM Running Shoes For Men  (White , 11)","₹5,372",https://www.flipkart.com/nike-air-max-systm-running-shoes-men/p/itm22d79b6c84093?pid=SHOGXZ5DHFGFWGFT&lid=LSTSHOGXZ5DHFGFWGFTZZNBPQ&marketplace=FLIPKART&q=nike+shoes&store=osp&srno=s_2_55&otracker=search&otracker1=search&fm=organic&iid=2a68660e-25c7-48f3-8c43-74e2fa7f89f2.SHOGXZ5DHFGFWGFT.SEARCH&ppt=None&ppn=None&ssid=5gqll17so00000001744395396681&qH=2d7d99166bc4a50f,https://rukminim2.flixcart.com/image/832/832/xif0q/shoe/l/7/l/-original-imah4ekxuczexuhk.jpeg?q=70&crop=false
"Court Royale Sneakers For Men  (Black , 9 UK/India)","₹4,495",https://www.flipkart.com/nike-court-royale-sneakers-men/p/itm9957c9716e6f1?pid=SHOEXYD7GR76KDGR&lid=LSTSHOEXYD7GR76KDGRZSKDHY&marketplace=FLIPKART&q=nike+shoes&store=osp&srno=s_2_54&otracker=search&otracker1=search&fm=organic&iid=2a68660e-25c7-48f3-8c43-74e2fa7f89f2.SHOEXYD7GR76KDGR.SEARCH&ppt=None&ppn=None&ssid=5gqll17so00000001744395396681&qH=2d7d99166bc4a50f,https://rukminim2.flixcart.com/image/832/832/xif0q/shoe/6/d/m/-original-imah4sxtmbuvypc9.jpeg?q=70&crop=false
"Court Vapor Lite 2 Tennis Shoes For Men  (Black , 7)","₹4,966",https://www.flipkart.com/nike-court-vapor-lite-2-tennis-shoes-men/p/itm3ad56660c8761?pid=SHOGMDDZNBGVFDDC&lid=LSTSHOGMDDZNBGVFDDCBNWUPA&marketplace=FLIPKART&q=nike+shoes&store=osp&srno=s_2_53&otracker=search&otracker1=search&fm=organic&iid=2a68660e-25c7-48f3-8c43-74e2fa7f89f2.SHOGMDDZNBGVFDDC.SEARCH&ppt=None&ppn=None&ssid=5gqll17so00000001744395396681&qH=2d7d99166bc4a50f,https://rukminim2.flixcart.com/image/832/832/xif0q/shoe/v/n/i/-original-imah49fz6cnfjuhh.jpeg?q=70&crop=false
"Quest 5 Running Shoes For Men  (Black , 11)","₹6,295",https://www.flipkart.com/nike-quest-5-running-shoes-men/p/itm0c714b8f5459f?pid=SHOGVQ8YRWUGHS9C&lid=LSTSHOGVQ8YRWUGHS9CLCUSOT&marketplace=FLIPKART&q=nike+shoes&store=osp&srno=s_2_52&otracker=search&otracker1=search&fm=organic&iid=2a68660e-25c7-48f3-8c43-74e2fa7f89f2.SHOGVQ8YRWUGHS9C.SEARCH&ppt=None&ppn=None&ssid=5gqll17so00000001744395396681&qH=2d7d99166bc4a50f,https://rukminim2.flixcart.com/image/832/832/xif0q/shoe/w/l/u/-original-imah4zhtzcnzf3dv.jpeg?q=70&crop=false
"Quest 6 Running Shoes For Men  (Blue , 11)","₹5,676",https://www.flipkart.com/nike-quest-6-running-shoes-men/p/itm71391908f2763?pid=SHOHFPTMXKGKP66D&lid=LSTSHOHFPTMXKGKP66DM2NROS&marketplace=FLIPKART&q=nike+shoes&store=osp&srno=s_2_51&otracker=search&otracker1=search&fm=organic&iid=2a68660e-25c7-48f3-8c43-74e2fa7f89f2.SHOHFPTMXKGKP66D.SEARCH&ppt=None&ppn=None&ssid=5gqll17so00000001744395396681&qH=2d7d99166bc4a50f,https://rukminim2.flixcart.com/image/832/832/xif0q/shoe/l/g/s/-original-imah852t83v3majh.jpeg?q=70&crop=false
"SuperRep Go 2 Training & Gym Shoes For Men  (Black , 8)","₹5,184",https://www.flipkart.com/nike-superrep-go-2-training-gym-shoes-men/p/itm42299c739374f?pid=SHOG6HBRT563TGA5&lid=LSTSHOG6HBRT563TGA5JH43VS&marketplace=FLIPKART&q=nike+shoes&store=osp&srno=s_2_50&otracker=search&otracker1=search&fm=organic&iid=2a68660e-25c7-48f3-8c43-74e2fa7f89f2.SHOG6HBRT563TGA5.SEARCH&ppt=None&ppn=None&ssid=5gqll17so00000001744395396681&qH=2d7d99166bc4a50f,https://rukminim2.flixcart.com/image/832/832/xif0q/shoe/j/7/g/-original-imah5vkuqkqepdga.jpeg?q=70&crop=false
"Ebernon Low Premium Sneakers For Men  (White , 8)","₹7,095",https://www.flipkart.com/nike-ebernon-low-premium-sneakers-men/p/itmfdf8a1af482a1?pid=SHOGQZKVXSGTXAGU&lid=LSTSHOGQZKVXSGTXAGUHWRBYU&marketplace=FLIPKART&q=nike+shoes&store=osp&srno=s_2_49&otracker=search&otracker1=search&fm=organic&iid=2a68660e-25c7-48f3-8c43-74e2fa7f89f2.SHOGQZKVXSGTXAGU.SEARCH&ppt=None&ppn=None&ssid=5gqll17so00000001744395396681&qH=2d7d99166bc4a50f,https://rukminim2.flixcart.com/image/832/832/xif0q/shoe/i/a/w/-original-imah4a6shn5tdv5z.jpeg?q=70&crop=false
"E-Series AD Sneakers For Men  (Black , 6)","₹5,036",https://www.flipkart.com/nike-e-series-ad-sneakers-men/p/itme5f9c8157eb0e?pid=SHOGQZKYGMATGX4Z&lid=LSTSHOGQZKYGMATGX4Z0VUIOB&marketplace=FLIPKART&q=nike+shoes&store=osp&srno=s_2_48&otracker=search&otracker1=search&fm=organic&iid=2a68660e-25c7-48f3-8c43-74e2fa7f89f2.SHOGQZKYGMATGX4Z.SEARCH&ppt=None&ppn=None&ssid=5gqll17so00000001744395396681&qH=2d7d99166bc4a50f,https://rukminim2.flixcart.com/image/832/832/xif0q/shoe/x/h/w/-original-imah4a6rymzcvbhx.jpeg?q=70&crop=false
"Court Royale 2 Sneakers For Women  (White , 3.5)","₹3,196",https://www.flipkart.com/nike-court-royale-2-sneakers-women/p/itm405838cb1e3a9?pid=SHOGUY5KHHFB4GZY&lid=LSTSHOGUY5KHHFB4GZYDLMAOP&marketplace=FLIPKART&q=nike+shoes&store=osp&srno=s_2_47&otracker=search&otracker1=search&fm=organic&iid=2a68660e-25c7-48f3-8c43-74e2fa7f89f2.SHOGUY5KHHFB4GZY.SEARCH&ppt=None&ppn=None&ssid=5gqll17so00000001744395396681&qH=2d7d99166bc4a50f,https://rukminim2.flixcart.com/image/832/832/xif0q/shoe/n/g/6/-original-imah4aapquz5gn3u.jpeg?q=70&crop=false
"Running Shoes For Women  (Orange , 7.5)","₹6,700",https://www.flipkart.com/nike-running-shoes-women/p/itmdfb10cb9458c3?pid=SHOHFFCYFMNCKVMJ&lid=LSTSHOHFFCYFMNCKVMJBGFO2D&marketplace=FLIPKART&q=nike+shoes&store=osp&srno=s_2_46&otracker=search&otracker1=search&fm=organic&iid=2a68660e-25c7-48f3-8c43-74e2fa7f89f2.SHOHFFCYFMNCKVMJ.SEARCH&ppt=None&ppn=None&ssid=5gqll17so00000001744395396681&qH=2d7d99166bc4a50f,https://rukminim2.flixcart.com/image/832/832/xif0q/shoe/z/o/c/-original-imah4j7jypey7ada.jpeg?q=70&crop=false
"Running Shoes For Women  (Black , 6)","₹1,992",https://www.flipkart.com/nike-running-shoes-women/p/itm17d22f743d69c?pid=SHOG38JP6YEQCHDG&lid=LSTSHOG38JP6YEQCHDG0IQ94G&marketplace=FLIPKART&q=nike+shoes&store=osp&srno=s_2_45&otracker=search&otracker1=search&fm=organic&iid=2a68660e-25c7-48f3-8c43-74e2fa7f89f2.SHOG38JP6YEQCHDG.SEARCH&ppt=None&ppn=None&ssid=5gqll17so00000001744395396681&qH=2d7d99166bc4a50f,https://rukminim2.flixcart.com/image/832/832/xif0q/shoe/v/s/w/-original-imah4a9v8c7ngsph.jpeg?q=70&crop=false
"Court Royale 2 Sneakers For Men  (White , 6)","₹3,196",https://www.flipkart.com/nike-court-royale-2-sneakers-men/p/itmf5d30698c289f?pid=SHOHFJ9TVZPBBBSN&lid=LSTSHOHFJ9TVZPBBBSNR9D9SU&marketplace=FLIPKART&q=nike+shoes&store=osp&srno=s_2_44&otracker=search&otracker1=search&fm=organic&iid=2a68660e-25c7-48f3-8c43-74e2fa7f89f2.SHOHFJ9TVZPBBBSN.SEARCH&ppt=None&ppn=None&ssid=5gqll17so00000001744395396681&qH=2d7d99166bc4a50f,https://rukminim2.flixcart.com/image/832/832/xif0q/shoe/5/f/s/-original-imah46kbesfekgu6.jpeg?q=70&crop=false
"Precision 7 Basketball Shoes For Men  (Yellow , 6)","₹5,695",https://www.flipkart.com/nike-precision-7-basketball-shoes-men/p/itm3e1bee6703d7a?pid=SHOH3YKYXGMUVFG8&lid=LSTSHOH3YKYXGMUVFG8H0IGUE&marketplace=FLIPKART&q=nike+shoes&store=osp&srno=s_2_43&otracker=search&otracker1=search&fm=organic&iid=2a68660e-25c7-48f3-8c43-74e2fa7f89f2.SHOH3YKYXGMUVFG8.SEARCH&ppt=None&ppn=None&ssid=5gqll17so00000001744395396681&qH=2d7d99166bc4a50f,https://rukminim2.flixcart.com/image/832/832/xif0q/shoe/d/n/x/-original-imah9qx3qehms5df.jpeg?q=70&crop=false
"Legend Essential 3 Next Nature Training & Gym Shoes For Women  (Black , 5)","₹3,496",https://www.flipkart.com/nike-legend-essential-3-next-nature-training-gym-shoes-women/p/itm9d40d850f3b80?pid=SHOH3ZZRQB6H5YED&lid=LSTSHOH3ZZRQB6H5YEDBJPHAH&marketplace=FLIPKART&q=nike+shoes&store=osp&srno=s_2_42&otracker=search&otracker1=search&fm=organic&iid=2a68660e-25c7-48f3-8c43-74e2fa7f89f2.SHOH3ZZRQB6H5YED.SEARCH&ppt=None&ppn=None&ssid=5gqll17so00000001744395396681&qH=2d7d99166bc4a50f,https://rukminim2.flixcart.com/image/832/832/xif0q/shoe/g/c/m/-original-imah9mgmvggfkkrh.jpeg?q=70&crop=false
"Giannis Immortality 4 EP Basketball Shoes For Men  (White , 9)","₹7,095",https://www.flipkart.com/nike-giannis-immortality-4-ep-basketball-shoes-men/p/itm19c176e7a0e12?pid=SHOH4E6UFPZPZBGM&lid=LSTSHOH4E6UFPZPZBGMLG4HAB&marketplace=FLIPKART&q=nike+shoes&store=osp&srno=s_2_41&otracker=search&otracker1=search&fm=organic&iid=en_hw6JD2Wn0IzbFr71KF2OJ-aA67oXFG8oGKoClF6mggbuk4UCENQ3numwrgDsSQ66I4vfDlShz-nxLqto6O6n-sIHQJMaueP1hQxhn0LRuiw%3D&ppt=None&ppn=None&ssid=5gqll17so00000001744395396681&qH=2d7d99166bc4a50f,https://rukminim2.flixcart.com/image/832/832/xif0q/shoe/m/v/5/-original-imah852fz8tuuuz4.jpeg?q=70&crop=false
"Scorch Runner V2 Running Shoes For Men  (Black , 8)","₹1,749",https://www.flipkart.com/puma-scorch-runner-v2-running-shoes-men/p/itm3af28095ab966?pid=SHOGMYD3Y2PZWMMB&lid=LSTSHOGMYD3Y2PZWMMBMT2L7Y&marketplace=FLIPKART&q=puma+shoes&store=osp&srno=s_1_40&otracker=search&otracker1=search&fm=organic&iid=782b5e81-1779-4201-bc09-c4b3cf07fff2.SHOGMYD3Y2PZWMMB.SEARCH&ppt=None&ppn=None&ssid=mx1bna8ie80000001744396796888&qH=12daa41359850f83,https://rukminim2.flixcart.com/image/832/832/xif0q/shoe/h/6/p/-original-imagtbteu3rndhyt.jpeg?q=70&crop=false
"Softride Enzo Evo Knit Res Running Shoes For Men  (Grey , 10)","₹3,038",https://www.flipkart.com/puma-softride-enzo-evo-knit-res-running-shoes-men/p/itm4a4b151e78b5b?pid=SHOHFYRGUVP9S8QD&lid=LSTSHOHFYRGUVP9S8QDSYY6P6&marketplace=FLIPKART&q=puma+shoes&store=osp&srno=s_1_39&otracker=search&otracker1=search&fm=organic&iid=782b5e81-1779-4201-bc09-c4b3cf07fff2.SHOHFYRGUVP9S8QD.SEARCH&ppt=None&ppn=None&ssid=mx1bna8ie80000001744396796888&qH=12daa41359850f83,https://rukminim2.flixcart.com/image/832/832/xif0q/shoe/y/n/h/-original-imah9mgpzkryvyry.jpeg?q=70&crop=false
"Cricket Ultra Cricket Shoes For Men  (White , 11)","₹2,697",https://www.flipkart.com/puma-cricket-ultra-shoes-men/p/itmbe84e5b74ac4c?pid=SHOH33SE3XHSKRJF&lid=LSTSHOH33SE3XHSKRJFPF4GYE&marketplace=FLIPKART&q=puma+shoes&store=osp&srno=s_1_38&otracker=search&otracker1=search&fm=organic&iid=en_eGXZZRFap4KVeeD0lWgzjXrXFI2hkgYJzhsQ7L0ibhsbIK1JZPrke-L07Xo8c-gvZdq_0EfC6T-W7lnBwk_IcuI7uWi7bi3WLqk6JF-UYDE%3D&ppt=None&ppn=None&ssid=mx1bna8ie80000001744396796888&qH=12daa41359850f83,https://rukminim2.flixcart.com/image/832/832/xif0q/shoe/r/o/y/-original-imah9mgkz3wrdyhp.jpeg?q=70&crop=false
"SkateCat Ride Sneakers For Men  (White , 6)","₹1,932",https://www.flipkart.com/puma-skatecat-ride-sneakers-men/p/itmb140552d2c714?pid=SHOH33SERMHFEBFU&lid=LSTSHOH33SERMHFEBFUO04LIZ&marketplace=FLIPKART&q=puma+shoes&store=osp&srno=s_1_37&otracker=search&otracker1=search&fm=organic&iid=en_eGXZZRFap4KVeeD0lWgzjXrXFI2hkgYJzhsQ7L0ibhs4gVLtLWr0i7ojj9jS2yjb4Vu3PRutv3Obj0L_Cd8jsvcUmN_6PwCReg_VTM4VLxo%3D&ppt=None&ppn=None&ssid=mx1bna8ie80000001744396796888&qH=12daa41359850f83,
"Puma Shuffle Ultra Sneakers For Men  (White , 11)","₹1,616",https://www.flipkart.com/puma-shuffle-ultra-sneakers-men/p/itm7e8517d5ec1fd?pid=SHOGQAZD96BU58JW&lid=LSTSHOGQAZD96BU58JWCDBXFS&marketplace=FLIPKART&q=puma+shoes&store=osp&srno=s_1_36&otracker=search&otracker1=search&fm=organic&iid=782b5e81-1779-4201-bc09-c4b3cf07fff2.SHOGQAZD96BU58JW.SEARCH&ppt=None&ppn=None&ssid=mx1bna8ie80000001744396796888&qH=12daa41359850f83,https://rukminim2.flixcart.com/image/832/832/xif0q/shoe/1/m/l/-original-imah9mgevfs3gdar.jpeg?q=70&crop=false
"Puma Onehill Sneakers For Men  (Black , 8)","₹1,398",https://www.flipkart.com/puma-onehill-sneakers-men/p/itm124a41e4608f5?pid=SHOGC4N2XPGAYTWM&lid=LSTSHOGC4N2XPGAYTWMWCAITB&marketplace=FLIPKART&q=puma+shoes&store=osp&srno=s_1_35&otracker=search&otracker1=search&fm=organic&iid=782b5e81-1779-4201-bc09-c4b3cf07fff2.SHOGC4N2XPGAYTWM.SEARCH&ppt=None&ppn=None&ssid=mx1bna8ie80000001744396796888&qH=12daa41359850f83,https://rukminim2.flixcart.com/image/832/832/xif0q/shoe/z/r/k/-original-imah4abt8fzfsjgd.jpeg?q=70&crop=false
"Rapid Runner IDP Walking Shoes For Men  (Black , 8 UK/India)","₹1,297",https://www.flipkart.com/puma-rapid-runner-idp-walking-shoes-men/p/itmfd87828z6g7ca?pid=SHOFD86YM6V5KMNY&lid=LSTSHOFD86YM6V5KMNYS9D0XR&marketplace=FLIPKART&q=puma+shoes&store=osp&srno=s_1_34&otracker=search&otracker1=search&fm=organic&iid=782b5e81-1779-4201-bc09-c4b3cf07fff2.SHOFD86YM6V5KMNY.SEARCH&ppt=None&ppn=None&ssid=mx1bna8ie80000001744396796888&qH=12daa41359850f83,https://rukminim2.flixcart.com/image/832/832/xif0q/shoe/q/c/f/-original-imah9mg5mfuhsvxh.jpeg?q=70&crop=false
"Buzz Casuals For Men  (White , 7)","₹1,305",https://www.flipkart.com/puma-buzz-casuals-men/p/itmed51f1f9e3ea5?pid=SHOGH3GVUFPUTHGA&lid=LSTSHOGH3GVUFPUTHGA8ZLU9S&marketplace=FLIPKART&q=puma+shoes&store=osp&srno=s_1_33&otracker=search&otracker1=search&fm=organic&iid=782b5e81-1779-4201-bc09-c4b3cf07fff2.SHOGH3GVUFPUTHGA.SEARCH&ppt=None&ppn=None&ssid=mx1bna8ie80000001744396796888&qH=12daa41359850f83,
"Puma Ultragrip Walking Shoes For Men  (Black , 9)","₹1,186",https://www.flipkart.com/puma-ultragrip-walking-shoes-men/p/itm2e4368a89b90d?pid=SHOGUTYC6M7JYUGZ&lid=LSTSHOGUTYC6M7JYUGZDAOPAQ&marketplace=FLIPKART&q=puma+shoes&store=osp&srno=s_1_32&otracker=search&otracker1=search&fm=organic&iid=en_eGXZZRFap4KVeeD0lWgzjXrXFI2hkgYJzhsQ7L0ibhu_2748fcYG3iUKCeW9ucpjqzkBbYR9gNe3xm2FaUZHSWVkv0XZFiOX7bbXdlao_f8%3D&ppt=None&ppn=None&ssid=mx1bna8ie80000001744396796888&qH=12daa41359850f83,https://rukminim2.flixcart.com/image/832/832/xif0q/shoe/i/i/q/-original-imah9mgguhgwef6b.jpeg?q=70&crop=false
"NovaRush Casuals For Men  (Black , 11)","₹1,310",https://www.flipkart.com/puma-novarush-casuals-men/p/itmfd276fbd32b5d?pid=SHOHFYRGZTG8FCGD&lid=LSTSHOHFYRGZTG8FCGDXKQSAW&marketplace=FLIPKART&q=puma+shoes&store=osp&srno=s_1_31&otracker=search&otracker1=search&fm=organic&iid=en_eGXZZRFap4KVeeD0lWgzjXrXFI2hkgYJzhsQ7L0ibhsa4X-E44EDbYFXNQ2hpi6uiqmpz7Mzwksban-e6bkXxInfEY2D5bWfIUmTlXs_oiU%3D&ppt=None&ppn=None&ssid=mx1bna8ie80000001744396796888&qH=12daa41359850f83,https://rukminim2.flixcart.com/image/832/832/xif0q/shoe/f/c/5/-original-imah9mgphsrxywtt.jpeg?q=70&crop=false
"Puma Alfarun Hyperwave Sneakers For Men  (Blue , 8)","₹1,736",https://www.flipkart.com/puma-alfarun-hyperwave-sneakers-men/p/itma0cc33b0b33cc?pid=SHOGVCWK5GQSQTZC&lid=LSTSHOGVCWK5GQSQTZCDD6KJC&marketplace=FLIPKART&q=puma+shoes&store=osp&srno=s_1_30&otracker=search&otracker1=search&fm=organic&iid=782b5e81-1779-4201-bc09-c4b3cf07fff2.SHOGVCWK5GQSQTZC.SEARCH&ppt=None&ppn=None&ssid=mx1bna8ie80000001744396796888&qH=12daa41359850f83,https://rukminim2.flixcart.com/image/832/832/xif0q/shoe/j/5/p/-original-imah9mggvrdu93g7.jpeg?q=70&crop=false
"Puma Buzz Casuals For Men  (Multicolor , 10)","₹1,228",https://www.flipkart.com/puma-buzz-casuals-men/p/itm5bdec536da33e?pid=SHOGGEYG8RS5EZWN&lid=LSTSHOGGEYG8RS5EZWNDGOM7X&marketplace=FLIPKART&q=puma+shoes&store=osp&srno=s_1_29&otracker=search&otracker1=search&fm=organic&iid=782b5e81-1779-4201-bc09-c4b3cf07fff2.SHOGGEYG8RS5EZWN.SEARCH&ppt=None&ppn=None&ssid=mx1bna8ie80000001744396796888&qH=12daa41359850f83,https://rukminim2.flixcart.com/image/832/832/xif0q/shoe/c/q/i/-original-imagpfdvyvmbpyd9.jpeg?q=70&crop=false
"Running Shoes For Women  (Blue , 6)","₹14,999",https://www.flipkart.com/puma-running-shoes-women/p/itm22d8984cdb8ee?pid=SHOH8H7AXQZUK4ZG&lid=LSTSHOH8H7AXQZUK4ZG1TZIRH&marketplace=FLIPKART&q=puma+shoes&store=osp&srno=s_1_28&otracker=search&otracker1=search&fm=organic&iid=en_eGXZZRFap4KVeeD0lWgzjXrXFI2hkgYJzhsQ7L0ibhukANc4S-XE7o8pUwD8E4YoA0S2VGSKYI0Fgf4OGdPcnEhz9c-MSIoFe8xMxkfU6dM%3D&ppt=None&ppn=None&ssid=mx1bna8ie80000001744396796888&qH=12daa41359850f83,https://rukminim2.flixcart.com/image/832/832/xif0q/shoe/z/j/0/6-377758-puma-nitro-blue-fizzy-apple-galactic-gray-original-imah8h4cf7htc6g7.jpeg?q=70&crop=false
"SkateCat Ride Sneakers For Men  (Black , 6)","₹1,607",https://www.flipkart.com/puma-skatecat-ride-sneakers-men/p/itm78c3fb56cf935?pid=SHOH33SESNHAHZRB&lid=LSTSHOH33SESNHAHZRBFE57JZ&marketplace=FLIPKART&q=puma+shoes&store=osp&srno=s_1_27&otracker=search&otracker1=search&fm=organic&iid=en_eGXZZRFap4KVeeD0lWgzjXrXFI2hkgYJzhsQ7L0ibhuldnGFkbY846-nL-u1KDgKh3E04Ts65ZI_4mBUI473HOo15S0a61Wzzbg3qNOknKY%3D&ppt=None&ppn=None&ssid=mx1bna8ie80000001744396796888&qH=12daa41359850f83,
"Zod Runner V3 Running Shoes For Men  (Black , 11)","₹1,160",https://www.flipkart.com/puma-zod-runner-v3-running-shoes-men/p/itm3012b84405821?pid=SHOFUFGSACTCRPKW&lid=LSTSHOFUFGSACTCRPKWRYAR4W&marketplace=FLIPKART&q=puma+shoes&store=osp&srno=s_1_26&otracker=search&otracker1=search&fm=organic&iid=782b5e81-1779-4201-bc09-c4b3cf07fff2.SHOFUFGSACTCRPKW.SEARCH&ppt=None&ppn=None&ssid=mx1bna8ie80000001744396796888&qH=12daa41359850f83,
"Hustle V2 IDP Casuals For Men  (Blue , 8)","₹1,240",https://www.flipkart.com/puma-hustle-v2-idp-casuals-men/p/itmcd0577310563b?pid=SHOG4JEYW3KYHEZA&lid=LSTSHOG4JEYW3KYHEZAXY1DGC&marketplace=FLIPKART&q=puma+shoes&store=osp&srno=s_1_25&otracker=search&otracker1=search&fm=organic&iid=782b5e81-1779-4201-bc09-c4b3cf07fff2.SHOG4JEYW3KYHEZA.SEARCH&ppt=None&ppn=None&ssid=mx1bna8ie80000001744396796888&qH=12daa41359850f83,https://rukminim2.flixcart.com/image/832/832/xif0q/shoe/0/w/t/-original-imah4aakcjjfx4uf.jpeg?q=70&crop=false
"Puma Buzz Casuals For Men  (Black , 8)","₹1,395",https://www.flipkart.com/puma-buzz-casuals-men/p/itm5f31fa50a9482?pid=SHOGGEYGAXJU3ZXV&lid=LSTSHOGGEYGAXJU3ZXVTUGS5T&marketplace=FLIPKART&q=puma+shoes&store=osp&srno=s_1_24&otracker=search&otracker1=search&fm=organic&iid=782b5e81-1779-4201-bc09-c4b3cf07fff2.SHOGGEYGAXJU3ZXV.SEARCH&ppt=None&ppn=None&ssid=mx1bna8ie80000001744396796888&qH=12daa41359850f83,
"Redeem Pro Racer Running Shoes For Men  (Green , 9)","₹3,659",https://www.flipkart.com/puma-redeem-pro-racer-running-shoes-men/p/itm358b2cc143b90?pid=SHOHFYQSPMFBQDVS&lid=LSTSHOHFYQSPMFBQDVS1HGXUN&marketplace=FLIPKART&q=puma+shoes&store=osp&srno=s_1_23&otracker=search&otracker1=search&fm=organic&iid=782b5e81-1779-4201-bc09-c4b3cf07fff2.SHOHFYQSPMFBQDVS.SEARCH&ppt=None&ppn=None&ssid=mx1bna8ie80000001744396796888&qH=12daa41359850f83,https://rukminim2.flixcart.com/image/832/832/xif0q/shoe/w/h/j/9-379442-9-puma-fizzy-apple-white-silver-black-original-imaha72vrfgpwykt.jpeg?q=70&crop=false
"Carina Slim Perf Sneakers For Women  (White , 4)","₹2,019",https://www.flipkart.com/puma-carina-slim-perf-sneakers-women/p/itm5389a2e845f50?pid=SHOGTR3GPTY6UFCZ&lid=LSTSHOGTR3GPTY6UFCZTZU3BS&marketplace=FLIPKART&q=puma+shoes&store=osp&srno=s_1_22&otracker=search&otracker1=search&fm=organic&iid=en_eGXZZRFap4KVeeD0lWgzjXrXFI2hkgYJzhsQ7L0ibhtCnHshdCxHdwvM7ThqshrS1v8ETZmIUXcEW87MrsKFjEKsf8s6I2Oz2HOgbXTo_9U%3D&ppt=None&ppn=None&ssid=mx1bna8ie80000001744396796888&qH=12daa41359850f83,
"Shuffle Ultra Sneakers For Men  (Black , 6)","₹2,058",https://www.flipkart.com/puma-shuffle-ultra-sneakers-men/p/itm12cc3a3eb47f8?pid=SHOGQAZDGHEVAGP4&lid=LSTSHOGQAZDGHEVAGP4T7F2LK&marketplace=FLIPKART&q=puma+shoes&store=osp&srno=s_1_21&otracker=search&otracker1=search&fm=organic&iid=en_eGXZZRFap4KVeeD0lWgzjXrXFI2hkgYJzhsQ7L0ibhv6VS1sNfOIVnwSzS4_5IZOmyyCMANsU5ECq84WVef2PoQEIsITtCzc4bHaOMTqL08%3D&ppt=None&ppn=None&ssid=mx1bna8ie80000001744396796888&qH=12daa41359850f83,https://rukminim2.flixcart.com/image/832/832/xif0q/shoe/n/o/x/-original-imah9mgedsmsm7ab.jpeg?q=70&crop=false
"Shuffle Ultra Sneakers For Men  (White , 7)","₹1,625",https://www.flipkart.com/puma-shuffle-ultra-sneakers-men/p/itm313d071c8c7c9?pid=SHOGQAZDFG8KJUTD&lid=LSTSHOGQAZDFG8KJUTDLXEQRK&marketplace=FLIPKART&q=puma+shoes&store=osp&spotlightTagId=default_BestsellerId_osp&srno=s_1_20&otracker=search&otracker1=search&fm=organic&iid=782b5e81-1779-4201-bc09-c4b3cf07fff2.SHOGQAZDFG8KJUTD.SEARCH&ppt=None&ppn=None&ssid=mx1bna8ie80000001744396796888&qH=12daa41359850f83,https://rukminim2.flixcart.com/image/832/832/xif0q/shoe/8/j/h/-original-imah25hqujuqvhwy.jpeg?q=70&crop=false
"Coarse Sneakers For Men  (Black , 10)","₹1,599",https://www.flipkart.com/puma-coarse-sneakers-men/p/itm3e0d4449877d8?pid=SHOGMYD5YFGHFG4S&lid=LSTSHOGMYD5YFGHFG4SEDOFXC&marketplace=FLIPKART&q=puma+shoes&store=osp&srno=s_1_19&otracker=search&otracker1=search&fm=organic&iid=782b5e81-1779-4201-bc09-c4b3cf07fff2.SHOGMYD5YFGHFG4S.SEARCH&ppt=None&ppn=None&ssid=mx1bna8ie80000001744396796888&qH=12daa41359850f83,https://rukminim2.flixcart.com/image/832/832/xif0q/shoe/l/r/m/-original-imahfhjxtyhcraxz.jpeg?q=70&crop=false
"Cricket Legend Cricket Shoes For Men  (White , 11)","₹2,469",https://www.flipkart.com/puma-cricket-legend-shoes-men/p/itmcb8b60fc66313?pid=SHOH33SEZP7PPR7R&lid=LSTSHOH33SEZP7PPR7RWL253X&marketplace=FLIPKART&q=puma+shoes&store=osp&srno=s_1_18&otracker=search&otracker1=search&fm=organic&iid=en_eGXZZRFap4KVeeD0lWgzjXrXFI2hkgYJzhsQ7L0ibhv2c6CcysV4O08MROVrn-6ydFSJqejnzDepQAM73cjTxoE8waCTrWcncKeK_ydPfoM%3D&ppt=None&ppn=None&ssid=mx1bna8ie80000001744396796888&qH=12daa41359850f83,
"Court Gamer Sneakers For Men  (Multicolor , 6)","₹2,004",https://www.flipkart.com/puma-court-gamer-sneakers-men/p/itm1935386b062df?pid=SHOH33SEGNBYRGCR&lid=LSTSHOH33SEGNBYRGCRYUQL3S&marketplace=FLIPKART&q=puma+shoes&store=osp&srno=s_1_17&otracker=search&otracker1=search&fm=organic&iid=en_eGXZZRFap4KVeeD0lWgzjXrXFI2hkgYJzhsQ7L0ibhukQkXnCfFIdVREHzLvTmaSsb13stCIxMuDeR3NB-a6zfcUmN_6PwCReg_VTM4VLxo%3D&ppt=None&ppn=None&ssid=mx1bna8ie80000001744396796888&qH=12daa41359850f83,
"Hustle V2 IDP Casuals For Men  (White , 8)","₹1,240",https://www.flipkart.com/puma-hustle-v2-idp-casuals-men/p/itm08befb67b95f8?pid=SHOG4JEYASRC3EMV&lid=LSTSHOG4JEYASRC3EMVXJI0F0&marketplace=FLIPKART&q=puma+shoes&store=osp&spotlightTagId=default_BestsellerId_osp&srno=s_1_16&otracker=search&otracker1=search&fm=organic&iid=782b5e81-1779-4201-bc09-c4b3cf07fff2.SHOG4JEYASRC3EMV.SEARCH&ppt=None&ppn=None&ssid=mx1bna8ie80000001744396796888&qH=12daa41359850f83,
"Zod Runner V3 IDP Sneakers For Men  (Green , 7)","₹1,160",https://www.flipkart.com/puma-zod-runner-v3-idp-sneakers-men/p/itmfb0fda64656db?pid=SHOFUFGSMWRSY5JP&lid=LSTSHOFUFGSMWRSY5JP1CRZSU&marketplace=FLIPKART&q=puma+shoes&store=osp&srno=s_1_15&otracker=search&otracker1=search&fm=organic&iid=782b5e81-1779-4201-bc09-c4b3cf07fff2.SHOFUFGSMWRSY5JP.SEARCH&ppt=None&ppn=None&ssid=mx1bna8ie80000001744396796888&qH=12daa41359850f83,https://rukminim2.flixcart.com/image/832/832/xif0q/shoe/h/q/q/-original-imah4a9fkja56jf2.jpeg?q=70&crop=false
"Dwane IDP Casuals For Men  (Multicolor , 8)",₹985,https://www.flipkart.com/puma-dwane-idp-casuals-men/p/itmfhusexszywwkc?pid=SHOFHURJJAMRVNFD&lid=LSTSHOFHURJJAMRVNFDLR97TA&marketplace=FLIPKART&q=puma+shoes&store=osp&srno=s_1_14&otracker=search&otracker1=search&fm=organic&iid=782b5e81-1779-4201-bc09-c4b3cf07fff2.SHOFHURJJAMRVNFD.SEARCH&ppt=None&ppn=None&ssid=mx1bna8ie80000001744396796888&qH=12daa41359850f83,https://rukminim2.flixcart.com/image/832/832/xif0q/shoe/5/y/b/-original-imagsn6pnxfafk3f.jpeg?q=70&crop=false
"Zod Runner V3 Running Shoes For Men  (Black , 6)","₹1,160",https://www.flipkart.com/puma-zod-runner-v3-running-shoes-men/p/itm92e03d2d421fa?pid=SHOFUFGSHUHZXHCF&lid=LSTSHOFUFGSHUHZXHCFL0I9J2&marketplace=FLIPKART&q=puma+shoes&store=osp&srno=s_1_13&otracker=search&otracker1=search&fm=organic&iid=782b5e81-1779-4201-bc09-c4b3cf07fff2.SHOFUFGSHUHZXHCF.SEARCH&ppt=None&ppn=None&ssid=mx1bna8ie80000001744396796888&qH=12daa41359850f83,https://rukminim2.flixcart.com/image/832/832/xif0q/shoe/s/2/k/-original-imah4syzggxzmahu.jpeg?q=70&crop=false
"Rungryp Sneakers For Men  (White , 6)","₹1,849",https://www.flipkart.com/puma-rungryp-sneakers-men/p/itm59a040629525c?pid=SHOGQAZDVAY77KQC&lid=LSTSHOGQAZDVAY77KQC7YNZTP&marketplace=FLIPKART&q=puma+shoes&store=osp&srno=s_1_12&otracker=search&otracker1=search&fm=organic&iid=en_eGXZZRFap4KVeeD0lWgzjXrXFI2hkgYJzhsQ7L0ibhulFGiGZ6RczkrwDP8ZP-kW_17NRexVgmUR5YWxHyuIPGVkv0XZFiOX7bbXdlao_f8%3D&ppt=None&ppn=None&ssid=mx1bna8ie80000001744396796888&qH=12daa41359850f83,
"Court Gamer Sneakers For Men  (Multicolor , 11)","₹2,170",https://www.flipkart.com/puma-court-gamer-sneakers-men/p/itmb52343ce64158?pid=SHOHFYRGGKSRTZHT&lid=LSTSHOHFYRGGKSRTZHT7DUE0T&marketplace=FLIPKART&q=puma+shoes&store=osp&srno=s_1_11&otracker=search&otracker1=search&fm=organic&iid=en_eGXZZRFap4KVeeD0lWgzjXrXFI2hkgYJzhsQ7L0ibhsi2eW1aBf__GyGk6lic2W9zbrq4wL3QPGZUa6VeH1aNYnfEY2D5bWfIUmTlXs_oiU%3D&ppt=None&ppn=None&ssid=mx1bna8ie80000001744396796888&qH=12daa41359850f83,
"Rungryp Sneakers For Men  (Blue , 6)","₹1,617",https://www.flipkart.com/puma-rungryp-sneakers-men/p/itm7b4744135bc9c?pid=SHOGQAZDXZPJHYP9&lid=LSTSHOGQAZDXZPJHYP95FZQQ5&marketplace=FLIPKART&q=puma+shoes&store=osp&srno=s_1_10&otracker=search&otracker1=search&fm=organic&iid=782b5e81-1779-4201-bc09-c4b3cf07fff2.SHOGQAZDXZPJHYP9.SEARCH&ppt=None&ppn=None&ssid=mx1bna8ie80000001744396796888&qH=12daa41359850f83,https://rukminim2.flixcart.com/image/832/832/xif0q/shoe/f/i/4/-original-imah9mgegwfuwwuc.jpeg?q=70&crop=false
"Rungryp Sneakers For Men  (White , 7)","₹1,924",https://www.flipkart.com/puma-rungryp-sneakers-men/p/itm59a040629525c?pid=SHOGQAZD5FYNMAHG&lid=LSTSHOGQAZD5FYNMAHGW5ICKU&marketplace=FLIPKART&q=puma+shoes&store=osp&srno=s_1_9&otracker=search&otracker1=search&fm=organic&iid=782b5e81-1779-4201-bc09-c4b3cf07fff2.SHOGQAZD5FYNMAHG.SEARCH&ppt=None&ppn=None&ssid=mx1bna8ie80000001744396796888&qH=12daa41359850f83,
"Hustle V2 IDP Casuals For Men  (White , 10)","₹1,240",https://www.flipkart.com/puma-hustle-v2-idp-casuals-men/p/itm6c935fe19e8ba?pid=SHOG4JEYHZC7HTUC&lid=LSTSHOG4JEYHZC7HTUCXSWLWP&marketplace=FLIPKART&q=puma+shoes&store=osp&srno=s_1_8&otracker=search&otracker1=search&fm=organic&iid=782b5e81-1779-4201-bc09-c4b3cf07fff2.SHOG4JEYHZC7HTUC.SEARCH&ppt=None&ppn=None&ssid=mx1bna8ie80000001744396796888&qH=12daa41359850f83,https://rukminim2.flixcart.com/image/832/832/xif0q/shoe/h/t/c/-original-imah4aak3guh4vdk.jpeg?q=70&crop=false
"Rungryp Sneakers For Men  (Blue , 9)","₹1,625",https://www.flipkart.com/puma-rungryp-sneakers-men/p/itm6b44ba32bafe0?pid=SHOHFYRGGTB6HTFP&lid=LSTSHOHFYRGGTB6HTFPLRB1GY&marketplace=FLIPKART&q=puma+shoes&store=osp&srno=s_1_7&otracker=search&otracker1=search&fm=organic&iid=782b5e81-1779-4201-bc09-c4b3cf07fff2.SHOHFYRGGTB6HTFP.SEARCH&ppt=None&ppn=None&ssid=mx1bna8ie80000001744396796888&qH=12daa41359850f83,https://rukminim2.flixcart.com/image/832/832/xif0q/shoe/x/n/6/6-397173-6-puma-club-navy-tangerine-sunset-glow-original-imah5tc2wjacwch8.jpeg?q=70&crop=false
"Rungryp Running Shoes For Men  (White , 11)","₹1,925",https://www.flipkart.com/puma-rungryp-running-shoes-men/p/itmb51dba70b88f1?pid=SHOHFYRGXZYUYRZ9&lid=LSTSHOHFYRGXZYUYRZ9P9PVFV&marketplace=FLIPKART&q=puma+shoes&store=osp&srno=s_1_6&otracker=search&otracker1=search&fm=organic&iid=en_eGXZZRFap4KVeeD0lWgzjXrXFI2hkgYJzhsQ7L0ibhtv_ubAT3_PzEF-Dt9c49dm737tLF612a1fik1i4mRJ2-o15S0a61Wzzbg3qNOknKY%3D&ppt=None&ppn=None&ssid=mx1bna8ie80000001744396796888&qH=12daa41359850f83,
"Shuffle Ultra Sneakers For Men  (Black , 6)","₹1,625",https://www.flipkart.com/puma-shuffle-ultra-sneakers-men/p/itme011767b8b870?pid=SHOGQAZDXYHXZTMR&lid=LSTSHOGQAZDXYHXZTMREMIXZT&marketplace=FLIPKART&q=puma+shoes&store=osp&srno=s_1_5&otracker=search&otracker1=search&fm=organic&iid=en_eGXZZRFap4KVeeD0lWgzjXrXFI2hkgYJzhsQ7L0ibhupVbqru8n3lSP1qsSK5G15ZDVJKU6nU8UvsAi22BT_N0Ksf8s6I2Oz2HOgbXTo_9U%3D&ppt=None&ppn=None&ssid=mx1bna8ie80000001744396796888&qH=12daa41359850f83,https://rukminim2.flixcart.com/image/832/832/xif0q/shoe/t/a/5/-original-imah9mgebzhjgfyu.jpeg?q=70&crop=false
"Skyrocket Lite Res Running Shoes For Men  (Grey , 11)","₹3,599",https://www.flipkart.com/puma-skyrocket-lite-res-running-shoes-men/p/itme0029f3adf024?pid=SHOH9H24WKZGDFGY&lid=LSTSHOH9H24WKZGDFGYNGA5AY&marketplace=FLIPKART&q=puma+shoes&store=osp&srno=s_1_4&otracker=search&otracker1=search&fm=organic&iid=782b5e81-1779-4201-bc09-c4b3cf07fff2.SHOH9H24WKZGDFGY.SEARCH&ppt=None&ppn=None&ssid=mx1bna8ie80000001744396796888&qH=12daa41359850f83,https://rukminim2.flixcart.com/image/832/832/xif0q/shoe/z/e/z/11-311882-puma-cool-dark-gray-cool-light-gray-original-imah9h24jkmp6hbe.jpeg?q=70&crop=false
"Rungryp Sneakers For Men  (Grey , 6)","₹1,625",https://www.flipkart.com/puma-rungryp-sneakers-men/p/itma2046047cb15f?pid=SHOGQAZDVCQQYMW9&lid=LSTSHOGQAZDVCQQYMW9DYVPH0&marketplace=FLIPKART&q=puma+shoes&store=osp&srno=s_1_3&otracker=search&otracker1=search&fm=organic&iid=782b5e81-1779-4201-bc09-c4b3cf07fff2.SHOGQAZDVCQQYMW9.SEARCH&ppt=None&ppn=None&ssid=mx1bna8ie80000001744396796888&qH=12daa41359850f83,https://rukminim2.flixcart.com/image/832/832/xif0q/shoe/u/3/u/-original-imahfkj8pbanqwga.jpeg?q=70&crop=false
"Hustle V2 IDP Casuals For Men  (Black , 6)","₹1,086",https://www.flipkart.com/puma-hustle-v2-idp-casuals-men/p/itm7827dd756c4f3?pid=SHOG4JEYSTAUAVEG&lid=LSTSHOG4JEYSTAUAVEGRLHYO5&marketplace=FLIPKART&q=puma+shoes&store=osp&srno=s_1_2&otracker=search&otracker1=search&fm=organic&iid=en_eGXZZRFap4KVeeD0lWgzjXrXFI2hkgYJzhsQ7L0ibhsKjrFpeaLT-0nNhmn059g9HmdhfmaBDFFlfXzLG1oIBA%3D%3D&ppt=None&ppn=None&ssid=mx1bna8ie80000001744396796888&qH=12daa41359850f83,https://rukminim2.flixcart.com/image/832/832/xif0q/shoe/l/5/o/-original-imah9mg7qyedpnpa.jpeg?q=70&crop=false
"Zod Runner V3 IDP Casuals For Men  (Grey , 6)","₹1,160",https://www.flipkart.com/puma-zod-runner-v3-idp-casuals-men/p/itme55e2f7a312bd?pid=SHOFUFGSCPVKWCMH&lid=LSTSHOFUFGSCPVKWCMHWTC7OW&marketplace=FLIPKART&q=puma+shoes&store=osp&srno=s_1_1&otracker=search&otracker1=search&fm=organic&iid=en_eGXZZRFap4KVeeD0lWgzjXrXFI2hkgYJzhsQ7L0ibhvcmfxu41lxMaUtODYaK6nmNUBjDwpDpW6z5maY-o-faA%3D%3D&ppt=None&ppn=None&ssid=mx1bna8ie80000001744396796888&qH=12daa41359850f83,https://rukminim2.flixcart.com/image/832/832/xif0q/shoe/i/m/b/-original-imah4a9frba9gkb7.jpeg?q=70&crop=false
"BMW Motorsport Drift Cat 5 Ultra Motorsport Shoes For Men  (Black , 6)","₹3,149",https://www.flipkart.com/puma-bmw-motorsport-drift-cat-5-ultra-shoes-men/p/itmfcytwzstvsznj?pid=SHOFCYGK7SYVZNPW&lid=LSTSHOFCYGK7SYVZNPWZEFJV5&marketplace=FLIPKART&q=puma+shoes&store=osp&srno=s_2_80&otracker=search&otracker1=search&fm=organic&iid=03241856-63ce-4a03-8a9a-109a3b34bd38.SHOFCYGK7SYVZNPW.SEARCH&ppt=None&ppn=None&ssid=83zsembqww0000001744397045704&qH=12daa41359850f83,https://rukminim2.flixcart.com/image/832/832/xif0q/shoe/i/6/u/-original-imagg7hthyxwdsah.jpeg?q=70&crop=false
"Bridge Comfort Walking Shoes For Men  (White , 11)","₹1,042",https://www.flipkart.com/puma-bridge-comfort-walking-shoes-men/p/itm85d65a645b4fd?pid=SHOGH3GVBXHZGX9Q&lid=LSTSHOGH3GVBXHZGX9QL1TLVU&marketplace=FLIPKART&q=puma+shoes&store=osp&srno=s_2_79&otracker=search&otracker1=search&fm=organic&iid=03241856-63ce-4a03-8a9a-109a3b34bd38.SHOGH3GVBXHZGX9Q.SEARCH&ppt=None&ppn=None&ssid=83zsembqww0000001744397045704&qH=12daa41359850f83,https://rukminim2.flixcart.com/image/832/832/xif0q/shoe/9/a/5/-original-imagtajhpnbrzr3x.jpeg?q=70&crop=false
"SkateCat Ride Sneakers For Men  (White , 6)","₹1,932",https://www.flipkart.com/puma-skatecat-ride-sneakers-men/p/itmb140552d2c714?pid=SHOH33SERMHFEBFU&lid=LSTSHOH33SERMHFEBFUO04LIZ&marketplace=FLIPKART&q=puma+shoes&store=osp&srno=s_2_78&otracker=search&otracker1=search&fm=organic&iid=en_Nf0B2TJ6D82f-Pf-w8UxXOYHRw5V2hD30ZCydtA1UC1F5KlOa6gCgMmozZRw4-3sWYeHqmzJPmYN9ACLdtUW-PcUmN_6PwCReg_VTM4VLxo%3D&ppt=None&ppn=None&ssid=83zsembqww0000001744397045704&qH=12daa41359850f83,
"Puma Ultragrip Walking Shoes For Men  (Black , 9)","₹1,186",https://www.flipkart.com/puma-ultragrip-walking-shoes-men/p/itm2e4368a89b90d?pid=SHOGUTYC6M7JYUGZ&lid=LSTSHOGUTYC6M7JYUGZDAOPAQ&marketplace=FLIPKART&q=puma+shoes&store=osp&srno=s_2_77&otracker=search&otracker1=search&fm=organic&iid=en_Nf0B2TJ6D82f-Pf-w8UxXOYHRw5V2hD30ZCydtA1UC36v7MQeD6dYdZrA4Df2qpinehLLcvT62IP_JLAZ35fDmVkv0XZFiOX7bbXdlao_f8%3D&ppt=None&ppn=None&ssid=83zsembqww0000001744397045704&qH=12daa41359850f83,https://rukminim2.flixcart.com/image/832/832/xif0q/shoe/i/i/q/-original-imah9mgguhgwef6b.jpeg?q=70&crop=false
"Court Shatter Low Sneakers For Men  (White , 8)","₹2,699",https://www.flipkart.com/puma-court-shatter-low-sneakers-men/p/itmb77c7c30f652d?pid=SHOGYHFWNJZYZFG5&lid=LSTSHOGYHFWNJZYZFG5F2BGQ5&marketplace=FLIPKART&q=puma+shoes&store=osp&srno=s_2_76&otracker=search&otracker1=search&fm=organic&iid=03241856-63ce-4a03-8a9a-109a3b34bd38.SHOGYHFWNJZYZFG5.SEARCH&ppt=None&ppn=None&ssid=83zsembqww0000001744397045704&qH=12daa41359850f83,
"Cricket Power Cricket Shoes For Men  (Blue , 8)","₹2,170",https://www.flipkart.com/puma-cricket-power-shoes-men/p/itme09a6f75d9edb?pid=SHOGEACFYZ6ZHNTE&lid=LSTSHOGEACFYZ6ZHNTEHDWFEK&marketplace=FLIPKART&q=puma+shoes&store=osp&srno=s_2_75&otracker=search&otracker1=search&fm=organic&iid=03241856-63ce-4a03-8a9a-109a3b34bd38.SHOGEACFYZ6ZHNTE.SEARCH&ppt=None&ppn=None&ssid=83zsembqww0000001744397045704&qH=12daa41359850f83,https://rukminim2.flixcart.com/image/832/832/xif0q/shoe/0/p/l/-original-imahfqz49zdvvhvq.jpeg?q=70&crop=false
"Buzz Sneakers For Men  (White , 8)","₹1,301",https://www.flipkart.com/puma-buzz-sneakers-men/p/itmedb69b3cac0a0?pid=SHOGGEYGEGZNUZYP&lid=LSTSHOGGEYGEGZNUZYPZCSXQW&marketplace=FLIPKART&q=puma+shoes&store=osp&srno=s_2_74&otracker=search&otracker1=search&fm=organic&iid=03241856-63ce-4a03-8a9a-109a3b34bd38.SHOGGEYGEGZNUZYP.SEARCH&ppt=None&ppn=None&ssid=83zsembqww0000001744397045704&qH=12daa41359850f83,https://rukminim2.flixcart.com/image/832/832/xif0q/shoe/l/5/l/-original-imagzhzuggyktgzk.jpeg?q=70&crop=false
"Zod Runner V3 IDP Casuals For Men  (White , 11)","₹1,098",https://www.flipkart.com/puma-zod-runner-v3-idp-casuals-men/p/itm04496c8966af0?pid=SHOFUFGSATTGDDZ9&lid=LSTSHOFUFGSATTGDDZ9XV5ILS&marketplace=FLIPKART&q=puma+shoes&store=osp&srno=s_2_73&otracker=search&otracker1=search&fm=organic&iid=03241856-63ce-4a03-8a9a-109a3b34bd38.SHOFUFGSATTGDDZ9.SEARCH&ppt=None&ppn=None&ssid=83zsembqww0000001744397045704&qH=12daa41359850f83,https://rukminim2.flixcart.com/image/832/832/xif0q/shoe/i/r/d/-original-imah4syzr4cv9zsr.jpeg?q=70&crop=false
"NovaRush Casuals For Men  (Black , 11)","₹1,310",https://www.flipkart.com/puma-novarush-casuals-men/p/itmfd276fbd32b5d?pid=SHOHFYRGZTG8FCGD&lid=LSTSHOHFYRGZTG8FCGDXKQSAW&marketplace=FLIPKART&q=puma+shoes&store=osp&srno=s_2_72&otracker=search&otracker1=search&fm=organic&iid=en_Nf0B2TJ6D82f-Pf-w8UxXOYHRw5V2hD30ZCydtA1UC2BX5-4TdUcKCpF3C83zDeRTgS8telV5oYFkIPqZuZETonfEY2D5bWfIUmTlXs_oiU%3D&ppt=None&ppn=None&ssid=83zsembqww0000001744397045704&qH=12daa41359850f83,https://rukminim2.flixcart.com/image/832/832/xif0q/shoe/f/c/5/-original-imah9mgphsrxywtt.jpeg?q=70&crop=false
"SkateCat Ride Sneakers For Men  (Black , 6)","₹1,607",https://www.flipkart.com/puma-skatecat-ride-sneakers-men/p/itm78c3fb56cf935?pid=SHOH33SESNHAHZRB&lid=LSTSHOH33SESNHAHZRBFE57JZ&marketplace=FLIPKART&q=puma+shoes&store=osp&srno=s_2_71&otracker=search&otracker1=search&fm=organic&iid=en_Nf0B2TJ6D82f-Pf-w8UxXOYHRw5V2hD30ZCydtA1UC0cI4tPwTY3urxRgfOgyMxbsgnceV22iS8DnQOXixA7CEhz9c-MSIoFe8xMxkfU6dM%3D&ppt=None&ppn=None&ssid=83zsembqww0000001744397045704&qH=12daa41359850f83,
"Hustle V2 IDP Casuals For Men  (Grey , 11)","₹2,799",https://www.flipkart.com/puma-hustle-v2-idp-casuals-men/p/itm07b785e1267f1?pid=SHOG5HF2H3W9KTDH&lid=LSTSHOG5HF2H3W9KTDHYNSG9R&marketplace=FLIPKART&q=puma+shoes&store=osp&srno=s_2_70&otracker=search&otracker1=search&fm=organic&iid=03241856-63ce-4a03-8a9a-109a3b34bd38.SHOG5HF2H3W9KTDH.SEARCH&ppt=None&ppn=None&ssid=83zsembqww0000001744397045704&qH=12daa41359850f83,https://rukminim2.flixcart.com/image/832/832/xif0q/shoe/i/t/g/-original-imah4aapqz9ztx9y.jpeg?q=70&crop=false
"Puma Shuffle Ultra Sneakers For Men  (Black , 8)","₹1,625",https://www.flipkart.com/puma-shuffle-ultra-sneakers-men/p/itme011767b8b870?pid=SHOGQAZDW4S6G78N&lid=LSTSHOGQAZDW4S6G78NX0ERWV&marketplace=FLIPKART&q=puma+shoes&store=osp&srno=s_2_69&otracker=search&otracker1=search&fm=organic&iid=03241856-63ce-4a03-8a9a-109a3b34bd38.SHOGQAZDW4S6G78N.SEARCH&ppt=None&ppn=None&ssid=83zsembqww0000001744397045704&qH=12daa41359850f83,https://rukminim2.flixcart.com/image/832/832/xif0q/shoe/t/a/5/-original-imah9mgebzhjgfyu.jpeg?q=70&crop=false
"Running Shoes For Women  (Blue , 6)","₹14,999",https://www.flipkart.com/puma-running-shoes-women/p/itm22d8984cdb8ee?pid=SHOH8H7AXQZUK4ZG&lid=LSTSHOH8H7AXQZUK4ZG1TZIRH&marketplace=FLIPKART&q=puma+shoes&store=osp&srno=s_2_68&otracker=search&otracker1=search&fm=organic&iid=en_Nf0B2TJ6D82f-Pf-w8UxXOYHRw5V2hD30ZCydtA1UC3__f4y5T05b4asVMZJzlZPPXHtKbBnGsvD9sCia7Ce8eo15S0a61Wzzbg3qNOknKY%3D&ppt=None&ppn=None&ssid=83zsembqww0000001744397045704&qH=12daa41359850f83,https://rukminim2.flixcart.com/image/832/832/xif0q/shoe/z/j/0/6-377758-puma-nitro-blue-fizzy-apple-galactic-gray-original-imah8h4cf7htc6g7.jpeg?q=70&crop=false
"Shuffle Ultra Sneakers For Men  (Black , 6)","₹2,058",https://www.flipkart.com/puma-shuffle-ultra-sneakers-men/p/itm12cc3a3eb47f8?pid=SHOGQAZDGHEVAGP4&lid=LSTSHOGQAZDGHEVAGP4T7F2LK&marketplace=FLIPKART&q=puma+shoes&store=osp&srno=s_2_67&otracker=search&otracker1=search&fm=organic&iid=en_Nf0B2TJ6D82f-Pf-w8UxXOYHRw5V2hD30ZCydtA1UC05gowWgFoPxnYQ74Ns0OtT9mmeyAPKAdnic6RTQT6djUKsf8s6I2Oz2HOgbXTo_9U%3D&ppt=None&ppn=None&ssid=83zsembqww0000001744397045704&qH=12daa41359850f83,https://rukminim2.flixcart.com/image/832/832/xif0q/shoe/n/o/x/-original-imah9mgedsmsm7ab.jpeg?q=70&crop=false
"FlexFocus Lite Modern Running Shoes For Men  (Black , 10)","₹2,257",https://www.flipkart.com/puma-flexfocus-lite-modern-running-shoes-men/p/itm96f8ecef7b7a3?pid=SHOHFYQPXBC3JRXW&lid=LSTSHOHFYQPXBC3JRXWZ2YOB3&marketplace=FLIPKART&q=puma+shoes&store=osp&srno=s_2_66&otracker=search&otracker1=search&fm=organic&iid=03241856-63ce-4a03-8a9a-109a3b34bd38.SHOHFYQPXBC3JRXW.SEARCH&ppt=None&ppn=None&ssid=83zsembqww0000001744397045704&qH=12daa41359850f83,https://rukminim2.flixcart.com/image/832/832/xif0q/shoe/s/l/9/-original-imah64vzenrf9hyy.jpeg?q=70&crop=false
"Lazer Evo IDP Walking Shoes For Men  (Blue , 7)","₹1,138",https://www.flipkart.com/puma-lazer-evo-idp-walking-shoes-men/p/itmfd879tuwqzzu6?pid=SHOFD86WFJZFKVB7&lid=LSTSHOFD86WFJZFKVB7WXQNH1&marketplace=FLIPKART&q=puma+shoes&store=osp&srno=s_2_65&otracker=search&otracker1=search&fm=organic&iid=03241856-63ce-4a03-8a9a-109a3b34bd38.SHOFD86WFJZFKVB7.SEARCH&ppt=None&ppn=None&ssid=83zsembqww0000001744397045704&qH=12daa41359850f83,https://rukminim2.flixcart.com/image/832/832/xif0q/shoe/j/h/h/-original-imahfhnqkyxgfa5u.jpeg?q=70&crop=false
"Graviton Casuals For Men  (White , 6)","₹2,478",https://www.flipkart.com/puma-graviton-casuals-men/p/itm65665275e271c?pid=SHOHFYR4NZSTFTQK&lid=LSTSHOHFYR4NZSTFTQKHVXFDM&marketplace=FLIPKART&q=puma+shoes&store=osp&srno=s_2_64&otracker=search&otracker1=search&fm=organic&iid=03241856-63ce-4a03-8a9a-109a3b34bd38.SHOHFYR4NZSTFTQK.SEARCH&ppt=None&ppn=None&ssid=83zsembqww0000001744397045704&qH=12daa41359850f83,https://rukminim2.flixcart.com/image/832/832/xif0q/shoe/n/3/v/-original-imah6f6tswhz85zg.jpeg?q=70&crop=false
"Wish Max Sneakers For Men  (Blue , 10)","₹1,953",https://www.flipkart.com/puma-wish-max-sneakers-men/p/itm4b24cbbadd4a6?pid=SHOGMYD7VTDTNYSJ&lid=LSTSHOGMYD7VTDTNYSJN6XZKJ&marketplace=FLIPKART&q=puma+shoes&store=osp&srno=s_2_63&otracker=search&otracker1=search&fm=organic&iid=03241856-63ce-4a03-8a9a-109a3b34bd38.SHOGMYD7VTDTNYSJ.SEARCH&ppt=None&ppn=None&ssid=83zsembqww0000001744397045704&qH=12daa41359850f83,https://rukminim2.flixcart.com/image/832/832/xif0q/shoe/g/e/q/-original-imah9mgdjsypzzzz.jpeg?q=70&crop=false
"Carina Slim Perf Sneakers For Women  (White , 4)","₹2,019",https://www.flipkart.com/puma-carina-slim-perf-sneakers-women/p/itm5389a2e845f50?pid=SHOGTR3GPTY6UFCZ&lid=LSTSHOGTR3GPTY6UFCZTZU3BS&marketplace=FLIPKART&q=puma+shoes&store=osp&srno=s_2_62&otracker=search&otracker1=search&fm=organic&iid=en_Nf0B2TJ6D82f-Pf-w8UxXOYHRw5V2hD30ZCydtA1UC2OgzAaDkJFC0c6Uq6Xu49t1eOi1Yz3A9X4Fxg2hm7YWYQEIsITtCzc4bHaOMTqL08%3D&ppt=None&ppn=None&ssid=83zsembqww0000001744397045704&qH=12daa41359850f83,
"Cricket Legend Cricket Shoes For Men  (White , 11)","₹2,469",https://www.flipkart.com/puma-cricket-legend-shoes-men/p/itmcb8b60fc66313?pid=SHOH33SEZP7PPR7R&lid=LSTSHOH33SEZP7PPR7RWL253X&marketplace=FLIPKART&q=puma+shoes&store=osp&srno=s_2_61&otracker=search&otracker1=search&fm=organic&iid=en_Nf0B2TJ6D82f-Pf-w8UxXOYHRw5V2hD30ZCydtA1UC3eYJnmgFTtEMijulci0phCEP9QqRr0jCgmTy_2THuA9YE8waCTrWcncKeK_ydPfoM%3D&ppt=None&ppn=None&ssid=83zsembqww0000001744397045704&qH=12daa41359850f83,
"Runtamed Sneakers For Men  (Grey , 6)","₹2,469",https://www.flipkart.com/puma-runtamed-sneakers-men/p/itma3bfd37e0eceb?pid=SHOGYBG5DV5BZ4W4&lid=LSTSHOGYBG5DV5BZ4W44DKNCN&marketplace=FLIPKART&q=puma+shoes&store=osp&srno=s_2_60&otracker=search&otracker1=search&fm=organic&iid=03241856-63ce-4a03-8a9a-109a3b34bd38.SHOGYBG5DV5BZ4W4.SEARCH&ppt=None&ppn=None&ssid=83zsembqww0000001744397045704&qH=12daa41359850f83,https://rukminim2.flixcart.com/image/832/832/xif0q/shoe/2/r/2/-original-imah9mgjm6q7hybr.jpeg?q=70&crop=false
"Puma Mile on Running Shoes For Men  (Blue , 10)","₹1,655",https://www.flipkart.com/puma-mile-running-shoes-men/p/itm90f6c98921648?pid=SHOGUTXZSZQCK4FR&lid=LSTSHOGUTXZSZQCK4FR6BLLZW&marketplace=FLIPKART&q=puma+shoes&store=osp&srno=s_2_59&otracker=search&otracker1=search&fm=organic&iid=03241856-63ce-4a03-8a9a-109a3b34bd38.SHOGUTXZSZQCK4FR.SEARCH&ppt=None&ppn=None&ssid=83zsembqww0000001744397045704&qH=12daa41359850f83,https://rukminim2.flixcart.com/image/832/832/xif0q/shoe/5/k/n/-original-imah2ur4pukyayzn.jpeg?q=70&crop=false
"Rungryp Sneakers For Men  (Blue , 6)","₹1,617",https://www.flipkart.com/puma-rungryp-sneakers-men/p/itm7b4744135bc9c?pid=SHOGQAZDXZPJHYP9&lid=LSTSHOGQAZDXZPJHYP95FZQQ5&marketplace=FLIPKART&q=puma+shoes&store=osp&srno=s_2_58&otracker=search&otracker1=search&fm=organic&iid=en_Nf0B2TJ6D82f-Pf-w8UxXOYHRw5V2hD30ZCydtA1UC1FbR7nmj7w-LFuoiHTbEuFBLXfrMh2BXyr6q-JBGePQw%3D%3D&ppt=None&ppn=None&ssid=83zsembqww0000001744397045704&qH=12daa41359850f83,https://rukminim2.flixcart.com/image/832/832/xif0q/shoe/f/i/4/-original-imah9mgegwfuwwuc.jpeg?q=70&crop=false
"Court Gamer Sneakers For Men  (Multicolor , 6)","₹2,004",https://www.flipkart.com/puma-court-gamer-sneakers-men/p/itm1935386b062df?pid=SHOH33SEGNBYRGCR&lid=LSTSHOH33SEGNBYRGCRYUQL3S&marketplace=FLIPKART&q=puma+shoes&store=osp&srno=s_2_57&otracker=search&otracker1=search&fm=organic&iid=en_Nf0B2TJ6D82f-Pf-w8UxXOYHRw5V2hD30ZCydtA1UC1DhlPnHQZyLPnusvwmJhPHAHUYKaAg3wGZfys6tFvD_Q%3D%3D&ppt=None&ppn=None&ssid=83zsembqww0000001744397045704&qH=12daa41359850f83,
"Dwane IDP Casuals For Men  (Black , 6)","₹1,066",https://www.flipkart.com/puma-dwane-idp-casuals-men/p/itmfhusefmarjjgz?pid=SHOFHURJJE5YHTCV&lid=LSTSHOFHURJJE5YHTCVBQLFC9&marketplace=FLIPKART&q=puma+shoes&store=osp&srno=s_2_56&otracker=search&otracker1=search&fm=organic&iid=03241856-63ce-4a03-8a9a-109a3b34bd38.SHOFHURJJE5YHTCV.SEARCH&ppt=None&ppn=None&ssid=83zsembqww0000001744397045704&qH=12daa41359850f83,https://rukminim2.flixcart.com/image/832/832/xif0q/shoe/m/v/h/-original-imagz5kfeazzxhhh.jpeg?q=70&crop=false
"LQDCELL Method Res Training & Gym Shoes For Men  (Black , 10)","₹3,038",https://www.flipkart.com/puma-lqdcell-method-res-training-gym-shoes-men/p/itm974de6bfdd48b?pid=SHOH6S3WZPW5R6V7&lid=LSTSHOH6S3WZPW5R6V77QUY9O&marketplace=FLIPKART&q=puma+shoes&store=osp&srno=s_2_55&otracker=search&otracker1=search&fm=organic&iid=03241856-63ce-4a03-8a9a-109a3b34bd38.SHOH6S3WZPW5R6V7.SEARCH&ppt=None&ppn=None&ssid=83zsembqww0000001744397045704&qH=12daa41359850f83,https://rukminim2.flixcart.com/image/832/832/xif0q/shoe/v/g/y/-original-imah9mgnz2ybdahz.jpeg?q=70&crop=false
"UP Sneakers For Men  (Black , 8)","₹1,495",https://www.flipkart.com/puma-up-sneakers-men/p/itm3fd26513aef27?pid=SHOFNU2WKAHYKQG3&lid=LSTSHOFNU2WKAHYKQG3ZIXSYL&marketplace=FLIPKART&q=puma+shoes&store=osp&srno=s_2_54&otracker=search&otracker1=search&fm=organic&iid=03241856-63ce-4a03-8a9a-109a3b34bd38.SHOFNU2WKAHYKQG3.SEARCH&ppt=None&ppn=None&ssid=83zsembqww0000001744397045704&qH=12daa41359850f83,https://rukminim2.flixcart.com/image/832/832/xif0q/shoe/y/d/n/-original-imah4kggz4hftvyb.jpeg?q=70&crop=false
"Cricket Square Cricket Shoes For Men  (Blue , 7)","₹2,499",https://www.flipkart.com/puma-cricket-square-shoes-men/p/itm302c3514793d7?pid=SHOGCC67DAUCFJZ3&lid=LSTSHOGCC67DAUCFJZ3PZFMNK&marketplace=FLIPKART&q=puma+shoes&store=osp&srno=s_2_53&otracker=search&otracker1=search&fm=organic&iid=03241856-63ce-4a03-8a9a-109a3b34bd38.SHOGCC67DAUCFJZ3.SEARCH&ppt=None&ppn=None&ssid=83zsembqww0000001744397045704&qH=12daa41359850f83,https://rukminim2.flixcart.com/image/832/832/xif0q/shoe/h/a/y/-original-imah4aebgxfjz7yd.jpeg?q=70&crop=false
"Rungryp Sneakers For Men  (White , 6)","₹1,849",https://www.flipkart.com/puma-rungryp-sneakers-men/p/itm59a040629525c?pid=SHOGQAZDVAY77KQC&lid=LSTSHOGQAZDVAY77KQC7YNZTP&marketplace=FLIPKART&q=puma+shoes&store=osp&srno=s_2_52&otracker=search&otracker1=search&fm=organic&iid=en_Nf0B2TJ6D82f-Pf-w8UxXOYHRw5V2hD30ZCydtA1UC0Lo6olnb6ITx-6z0OeFpSqKUE5Wu0ovtjBGvGPVWT-og%3D%3D&ppt=None&ppn=None&ssid=83zsembqww0000001744397045704&qH=12daa41359850f83,
"Court Gamer Sneakers For Men  (Multicolor , 11)","₹2,170",https://www.flipkart.com/puma-court-gamer-sneakers-men/p/itmb52343ce64158?pid=SHOHFYRGGKSRTZHT&lid=LSTSHOHFYRGGKSRTZHT7DUE0T&marketplace=FLIPKART&q=puma+shoes&store=osp&srno=s_2_51&otracker=search&otracker1=search&fm=organic&iid=en_Nf0B2TJ6D82f-Pf-w8UxXOYHRw5V2hD30ZCydtA1UC1Q7tfwDjij_fEdye29BBZHSA_UFgxf1-P5VmjV6233rw%3D%3D&ppt=None&ppn=None&ssid=83zsembqww0000001744397045704&qH=12daa41359850f83,
"CyclonitePro Res Running Shoes For Men  (Green , 11)","₹2,695",https://www.flipkart.com/puma-cyclonitepro-res-running-shoes-men/p/itm7dff8f953a1e5?pid=SHOHFYRGR2SWQFVS&lid=LSTSHOHFYRGR2SWQFVSHUL10R&marketplace=FLIPKART&q=puma+shoes&store=osp&srno=s_2_50&otracker=search&otracker1=search&fm=organic&iid=03241856-63ce-4a03-8a9a-109a3b34bd38.SHOHFYRGR2SWQFVS.SEARCH&ppt=None&ppn=None&ssid=83zsembqww0000001744397045704&qH=12daa41359850f83,https://rukminim2.flixcart.com/image/832/832/xif0q/shoe/r/b/w/-original-imah852yaeha83ke.jpeg?q=70&crop=false
"Cliff IDP Sneakers For Men  (Black , 7)","₹1,457",https://www.flipkart.com/puma-cliff-idp-sneakers-men/p/itm38a15d853a14f?pid=SHOG5Z8ZMSBGDP7W&lid=LSTSHOG5Z8ZMSBGDP7WDNLMXK&marketplace=FLIPKART&q=puma+shoes&store=osp&srno=s_2_49&otracker=search&otracker1=search&fm=organic&iid=03241856-63ce-4a03-8a9a-109a3b34bd38.SHOG5Z8ZMSBGDP7W.SEARCH&ppt=None&ppn=None&ssid=83zsembqww0000001744397045704&qH=12daa41359850f83,https://rukminim2.flixcart.com/image/832/832/xif0q/shoe/y/p/g/-original-imagq9jf57mdyah6.jpeg?q=70&crop=false
"Rungryp Running Shoes For Men  (White , 11)","₹1,925",https://www.flipkart.com/puma-rungryp-running-shoes-men/p/itmb51dba70b88f1?pid=SHOHFYRGXZYUYRZ9&lid=LSTSHOHFYRGXZYUYRZ9P9PVFV&marketplace=FLIPKART&q=puma+shoes&store=osp&srno=s_2_48&otracker=search&otracker1=search&fm=organic&iid=en_Nf0B2TJ6D82f-Pf-w8UxXOYHRw5V2hD30ZCydtA1UC1GheG3zeOlVU-UeyoYP9Mu50MkPfcvJiYGMBd_VU3YMQ%3D%3D&ppt=None&ppn=None&ssid=83zsembqww0000001744397045704&qH=12daa41359850f83,
"Shuffle Ultra Sneakers For Men  (Black , 6)","₹1,625",https://www.flipkart.com/puma-shuffle-ultra-sneakers-men/p/itme011767b8b870?pid=SHOGQAZDXYHXZTMR&lid=LSTSHOGQAZDXYHXZTMREMIXZT&marketplace=FLIPKART&q=puma+shoes&store=osp&srno=s_2_47&otracker=search&otracker1=search&fm=organic&iid=en_Nf0B2TJ6D82f-Pf-w8UxXOYHRw5V2hD30ZCydtA1UC1z1LMxen0gsFF1mjvla_6uItTWJHA5z8BDEZNFksjoYg%3D%3D&ppt=None&ppn=None&ssid=83zsembqww0000001744397045704&qH=12daa41359850f83,https://rukminim2.flixcart.com/image/832/832/xif0q/shoe/t/a/5/-original-imah9mgebzhjgfyu.jpeg?q=70&crop=false
"Smooth Walk Training & Gym Shoes For Men  (Blue , 6)","₹1,629",https://www.flipkart.com/puma-smooth-walk-training-gym-shoes-men/p/itm45f67596cbb49?pid=SHOGGQCYHYRGFUZB&lid=LSTSHOGGQCYHYRGFUZBXX8OYX&marketplace=FLIPKART&q=puma+shoes&store=osp&srno=s_2_46&otracker=search&otracker1=search&fm=organic&iid=03241856-63ce-4a03-8a9a-109a3b34bd38.SHOGGQCYHYRGFUZB.SEARCH&ppt=None&ppn=None&ssid=83zsembqww0000001744397045704&qH=12daa41359850f83,https://rukminim2.flixcart.com/image/832/832/xif0q/shoe/c/o/s/6-378513-6-puma-navy-silver-original-imagpx5h7u27zzhu.jpeg?q=70&crop=false
"Foam Stride Sneakers For Men  (Black , 6)","₹1,479",https://www.flipkart.com/puma-foam-stride-sneakers-men/p/itm3fbc1defc5ec1?pid=SHOGMYDAUUCDHCZN&lid=LSTSHOGMYDAUUCDHCZNBFANXA&marketplace=FLIPKART&q=puma+shoes&store=osp&srno=s_2_45&otracker=search&otracker1=search&fm=organic&iid=03241856-63ce-4a03-8a9a-109a3b34bd38.SHOGMYDAUUCDHCZN.SEARCH&ppt=None&ppn=None&ssid=83zsembqww0000001744397045704&qH=12daa41359850f83,https://rukminim2.flixcart.com/image/832/832/xif0q/shoe/l/a/t/-original-imahfpz6uztdehax.jpeg?q=70&crop=false
"Puma FusionX Walking Shoes For Men  (Green , 10)","₹1,525",https://www.flipkart.com/puma-fusionx-walking-shoes-men/p/itm763826768b1eb?pid=SHOGUTY76Y7VDCEZ&lid=LSTSHOGUTY76Y7VDCEZLDMFCT&marketplace=FLIPKART&q=puma+shoes&store=osp&srno=s_2_44&otracker=search&otracker1=search&fm=organic&iid=03241856-63ce-4a03-8a9a-109a3b34bd38.SHOGUTY76Y7VDCEZ.SEARCH&ppt=None&ppn=None&ssid=83zsembqww0000001744397045704&qH=12daa41359850f83,https://rukminim2.flixcart.com/image/832/832/xif0q/shoe/g/j/z/-original-imah9mgghcstywjh.jpeg?q=70&crop=false
"Turboglide Running Shoes For Men  (Black , 11)","₹2,170",https://www.flipkart.com/puma-turboglide-running-shoes-men/p/itma3b5e0e940761?pid=SHOHFYRGXFZKBWZR&lid=LSTSHOHFYRGXFZKBWZRNHKFND&marketplace=FLIPKART&q=puma+shoes&store=osp&srno=s_2_43&otracker=search&otracker1=search&fm=organic&iid=03241856-63ce-4a03-8a9a-109a3b34bd38.SHOHFYRGXFZKBWZR.SEARCH&ppt=None&ppn=None&ssid=83zsembqww0000001744397045704&qH=12daa41359850f83,https://rukminim2.flixcart.com/image/832/832/xif0q/shoe/c/7/g/-original-imah9mgpjzx4fyyh.jpeg?q=70&crop=false
"Hustle V2 IDP Casuals For Men  (Black , 6)","₹1,086",https://www.flipkart.com/puma-hustle-v2-idp-casuals-men/p/itm7827dd756c4f3?pid=SHOG4JEYSTAUAVEG&lid=LSTSHOG4JEYSTAUAVEGRLHYO5&marketplace=FLIPKART&q=puma+shoes&store=osp&srno=s_2_42&otracker=search&otracker1=search&fm=organic&iid=en_Nf0B2TJ6D82f-Pf-w8UxXOYHRw5V2hD30ZCydtA1UC3gLS9g1l1s8kyXtzZDHWepHmdhfmaBDFFlfXzLG1oIBA%3D%3D&ppt=None&ppn=None&ssid=83zsembqww0000001744397045704&qH=12daa41359850f83,https://rukminim2.flixcart.com/image/832/832/xif0q/shoe/l/5/o/-original-imah9mg7qyedpnpa.jpeg?q=70&crop=false
"Zod Runner V3 IDP Casuals For Men  (Grey , 6)","₹1,160",https://www.flipkart.com/puma-zod-runner-v3-idp-casuals-men/p/itme55e2f7a312bd?pid=SHOFUFGSCPVKWCMH&lid=LSTSHOFUFGSCPVKWCMHWTC7OW&marketplace=FLIPKART&q=puma+shoes&store=osp&srno=s_2_41&otracker=search&otracker1=search&fm=organic&iid=en_Nf0B2TJ6D82f-Pf-w8UxXOYHRw5V2hD30ZCydtA1UC039mw2cSH14K7nEuEwg2ciNUBjDwpDpW6z5maY-o-faA%3D%3D&ppt=None&ppn=None&ssid=83zsembqww0000001744397045704&qH=12daa41359850f83,https://rukminim2.flixcart.com/image/832/832/xif0q/shoe/i/m/b/-original-imah4a9frba9gkb7.jpeg?q=70&crop=false
