Title,Price,Product URL,Image URL
"Tommy Hilfiger UV Protection, Gradient Cat-eye Sunglasses (54)  (For Women, Grey)","₹7,499",https://www.flipkart.com/tommy-hilfiger-cat-eye-sunglasses/p/itmc964da8780db2?pid=SGLHYVYPBZW7VEKG&lid=LSTSGLHYVYPBZW7VEKGD2IJLB&marketplace=FLIPKART&q=tommy+hilfiger+sunglasses+&store=26x&srno=s_1_40&otracker=search&otracker1=search&fm=organic&iid=03418ec7-f1c4-4d47-ad5b-c7847a9aa3e2.SGLHYVYPBZW7VEKG.SEARCH&ppt=None&ppn=None&ssid=zuwjl8ve1s0000001745049813855&qH=3bfbf1356aa2161d,https://rukminim2.flixcart.com/image/832/832/xif0q/sunglass/r/g/r/54-th-1580-c1-54-tommy-hilfiger-original-imahyvyp5m9msf9w.jpeg?q=70&crop=false
"Tommy Hilfiger Gradient, UV Protection Butterfly Sunglasses (58)  (For Women, Blue)","₹7,630",https://www.flipkart.com/tommy-hilfiger-butterfly-sunglasses/p/itm91f02e75040a7?pid=SGLGZFPNZ897ZCUK&lid=LSTSGLGZFPNZ897ZCUKHWOBKZ&marketplace=FLIPKART&q=tommy+hilfiger+sunglasses+&store=26x&srno=s_1_39&otracker=search&otracker1=search&fm=organic&iid=03418ec7-f1c4-4d47-ad5b-c7847a9aa3e2.SGLGZFPNZ897ZCUK.SEARCH&ppt=None&ppn=None&ssid=zuwjl8ve1s0000001745049813855&qH=3bfbf1356aa2161d,https://rukminim2.flixcart.com/image/832/832/xif0q/sunglass/z/y/h/58-th-2641-c1-58-tommy-hilfiger-original-imagzfpn9gzdrcrb.jpeg?q=70&crop=false
"Tommy Hilfiger UV Protection, Gradient Retro Square Sunglasses (52)  (For Women, Grey)","₹7,882",https://www.flipkart.com/tommy-hilfiger-retro-square-sunglasses/p/itmffce92f849993?pid=SGLGZ6SXKNJGGGRC&lid=LSTSGLGZ6SXKNJGGGRCB6NRJ3&marketplace=FLIPKART&q=tommy+hilfiger+sunglasses+&store=26x&srno=s_1_38&otracker=search&otracker1=search&fm=organic&iid=03418ec7-f1c4-4d47-ad5b-c7847a9aa3e2.SGLGZ6SXKNJGGGRC.SEARCH&ppt=None&ppn=None&ssid=zuwjl8ve1s0000001745049813855&qH=3bfbf1356aa2161d,https://rukminim2.flixcart.com/image/832/832/xif0q/sunglass/u/4/w/52-th-7200-c1-52-tommy-hilfiger-original-imagz6sxbeztgdwd.jpeg?q=70&crop=false
"Tommy Hilfiger Gradient, UV Protection Butterfly Sunglasses (58)  (For Women, Brown)","₹7,693",https://www.flipkart.com/tommy-hilfiger-butterfly-sunglasses/p/itm6de325e8cc170?pid=SGLGZGHRXMHYSHAT&lid=LSTSGLGZGHRXMHYSHATNKNFA7&marketplace=FLIPKART&q=tommy+hilfiger+sunglasses+&store=26x&srno=s_1_37&otracker=search&otracker1=search&fm=organic&iid=03418ec7-f1c4-4d47-ad5b-c7847a9aa3e2.SGLGZGHRXMHYSHAT.SEARCH&ppt=None&ppn=None&ssid=zuwjl8ve1s0000001745049813855&qH=3bfbf1356aa2161d,https://rukminim2.flixcart.com/image/832/832/xif0q/sunglass/h/a/d/58-th-2641-c2-58-tommy-hilfiger-original-imagzghrkxpzyaav.jpeg?q=70&crop=false
"Tommy Hilfiger UV Protection Oval Sunglasses (53)  (For Women, Black)","₹7,599",https://www.flipkart.com/tommy-hilfiger-oval-sunglasses/p/itmf7482c9fadb58?pid=SGLHYWWYA7JFTWMM&lid=LSTSGLHYWWYA7JFTWMMJ9KFU0&marketplace=FLIPKART&q=tommy+hilfiger+sunglasses+&store=26x&srno=s_1_36&otracker=search&otracker1=search&fm=organic&iid=03418ec7-f1c4-4d47-ad5b-c7847a9aa3e2.SGLHYWWYA7JFTWMM.SEARCH&ppt=None&ppn=None&ssid=zuwjl8ve1s0000001745049813855&qH=3bfbf1356aa2161d,https://rukminim2.flixcart.com/image/832/832/xif0q/sunglass/q/a/q/53-th-7201-c4-53-tommy-hilfiger-original-imahywwyctnqckvz.jpeg?q=70&crop=false
"Tommy Hilfiger Gradient, UV Protection Retro Square Sunglasses (58)  (For Men & Women, Brown)","₹6,742",https://www.flipkart.com/tommy-hilfiger-retro-square-sunglasses/p/itm1a873a2d8e9b9?pid=SGLHYXF8FTFUGHPZ&lid=LSTSGLHYXF8FTFUGHPZRVLIXE&marketplace=FLIPKART&q=tommy+hilfiger+sunglasses+&store=26x&srno=s_1_35&otracker=search&otracker1=search&fm=organic&iid=03418ec7-f1c4-4d47-ad5b-c7847a9aa3e2.SGLHYXF8FTFUGHPZ.SEARCH&ppt=None&ppn=None&ssid=zuwjl8ve1s0000001745049813855&qH=3bfbf1356aa2161d,https://rukminim2.flixcart.com/image/832/832/xif0q/sunglass/h/u/t/58-th-2581-c2-58-tommy-hilfiger-original-imahyxf8myk3v6ps.jpeg?q=70&crop=false
"Tommy Hilfiger Mirrored, UV Protection Aviator Sunglasses (60)  (For Men & Women, Blue)","₹6,629",https://www.flipkart.com/tommy-hilfiger-aviator-sunglasses/p/itmfc70614d88c6c?pid=SGLFPCW77QWYYYAZ&lid=LSTSGLFPCW77QWYYYAZYC4XQO&marketplace=FLIPKART&q=tommy+hilfiger+sunglasses+&store=26x&srno=s_1_34&otracker=search&otracker1=search&fm=organic&iid=03418ec7-f1c4-4d47-ad5b-c7847a9aa3e2.SGLFPCW77QWYYYAZ.SEARCH&ppt=None&ppn=None&ssid=zuwjl8ve1s0000001745049813855&qH=3bfbf1356aa2161d,https://rukminim2.flixcart.com/image/832/832/k70spzk0/sunglass/y/a/z/60-th-9719-c2-60-tommy-hilfiger-original-imafpdy2zh8rhbny.jpeg?q=70&crop=false
"Tommy Hilfiger UV Protection, Gradient Rectangular Sunglasses (62)  (For Men & Women, Brown, Yellow)","₹6,990",https://www.flipkart.com/tommy-hilfiger-rectangular-sunglasses/p/itm8b4df3d3924dc?pid=SGLGZW3Z7TSJ9Z4V&lid=LSTSGLGZW3Z7TSJ9Z4VWF3W1R&marketplace=FLIPKART&q=tommy+hilfiger+sunglasses+&store=26x&srno=s_1_33&otracker=search&otracker1=search&fm=organic&iid=03418ec7-f1c4-4d47-ad5b-c7847a9aa3e2.SGLGZW3Z7TSJ9Z4V.SEARCH&ppt=None&ppn=None&ssid=zuwjl8ve1s0000001745049813855&qH=3bfbf1356aa2161d,https://rukminim2.flixcart.com/image/832/832/xif0q/sunglass/i/d/q/62-th-2628-c4-62-tommy-hilfiger-original-imagzw3zwkue27uk.jpeg?q=70&crop=false
"Tommy Hilfiger Polarized Rectangular Sunglasses (59)  (For Men & Women, Brown)","₹7,300",https://www.flipkart.com/tommy-hilfiger-rectangular-sunglasses/p/itm407aaccf0dbb8?pid=SGLGZFZSYFMNUJAZ&lid=LSTSGLGZFZSYFMNUJAZIKUBFU&marketplace=FLIPKART&q=tommy+hilfiger+sunglasses+&store=26x&srno=s_1_32&otracker=search&otracker1=search&fm=organic&iid=03418ec7-f1c4-4d47-ad5b-c7847a9aa3e2.SGLGZFZSYFMNUJAZ.SEARCH&ppt=None&ppn=None&ssid=zuwjl8ve1s0000001745049813855&qH=3bfbf1356aa2161d,https://rukminim2.flixcart.com/image/832/832/xif0q/sunglass/y/s/9/59-th-1575pl-c4-59-tommy-hilfiger-original-imagzfzsecxmfdmr.jpeg?q=70&crop=false
"Tommy Hilfiger Gradient, UV Protection Aviator Sunglasses (61)  (For Men & Women, Grey)","₹7,041",https://www.flipkart.com/tommy-hilfiger-aviator-sunglasses/p/itm64b0626884b67?pid=SGLFPWHEZSKHYBDV&lid=LSTSGLFPWHEZSKHYBDVM5KIHY&marketplace=FLIPKART&q=tommy+hilfiger+sunglasses+&store=26x&srno=s_1_31&otracker=search&otracker1=search&fm=organic&iid=03418ec7-f1c4-4d47-ad5b-c7847a9aa3e2.SGLFPWHEZSKHYBDV.SEARCH&ppt=None&ppn=None&ssid=zuwjl8ve1s0000001745049813855&qH=3bfbf1356aa2161d,https://rukminim2.flixcart.com/image/832/832/k7qinbk0/sunglass/b/d/v/61-th-847-c2-61-tommy-hilfiger-original-imafpwqqgahdggys.jpeg?q=70&crop=false
"Tommy Hilfiger Polarized Aviator Sunglasses (58)  (For Men & Women, Brown)","₹6,993",https://www.flipkart.com/tommy-hilfiger-aviator-sunglasses/p/itmd1a1f5e2c6c43?pid=SGLGZU4PZFZG3D3P&lid=LSTSGLGZU4PZFZG3D3POXK3BA&marketplace=FLIPKART&q=tommy+hilfiger+sunglasses+&store=26x&srno=s_1_30&otracker=search&otracker1=search&fm=organic&iid=03418ec7-f1c4-4d47-ad5b-c7847a9aa3e2.SGLGZU4PZFZG3D3P.SEARCH&ppt=None&ppn=None&ssid=zuwjl8ve1s0000001745049813855&qH=3bfbf1356aa2161d,https://rukminim2.flixcart.com/image/832/832/xif0q/sunglass/4/h/l/58-th-1573pl-c1-58-tommy-hilfiger-original-imagzu4pxh7awdha.jpeg?q=70&crop=false
"Tommy Hilfiger UV Protection Aviator Sunglasses (58)  (For Men & Women, Grey)","₹6,993",https://www.flipkart.com/tommy-hilfiger-aviator-sunglasses/p/itm2a10fcc8785d6?pid=SGLGZU5VQJZJ4GCE&lid=LSTSGLGZU5VQJZJ4GCEWHU3QP&marketplace=FLIPKART&q=tommy+hilfiger+sunglasses+&store=26x&srno=s_1_29&otracker=search&otracker1=search&fm=organic&iid=03418ec7-f1c4-4d47-ad5b-c7847a9aa3e2.SGLGZU5VQJZJ4GCE.SEARCH&ppt=None&ppn=None&ssid=zuwjl8ve1s0000001745049813855&qH=3bfbf1356aa2161d,https://rukminim2.flixcart.com/image/832/832/xif0q/sunglass/l/c/u/58-th-1574-c7-58-tommy-hilfiger-original-imagzu5vshhxqhae.jpeg?q=70&crop=false
"Tommy Hilfiger Polarized, UV Protection, Gradient Retro Square Sunglasses (60)  (For Men & Women, Brown)","₹6,188",https://www.flipkart.com/tommy-hilfiger-retro-square-sunglasses/p/itmb3a75838fe542?pid=SGLFPR785TZXZHF2&lid=LSTSGLFPR785TZXZHF26GI3WS&marketplace=FLIPKART&q=tommy+hilfiger+sunglasses+&store=26x&srno=s_1_28&otracker=search&otracker1=search&fm=organic&iid=03418ec7-f1c4-4d47-ad5b-c7847a9aa3e2.SGLFPR785TZXZHF2.SEARCH&ppt=None&ppn=None&ssid=zuwjl8ve1s0000001745049813855&qH=3bfbf1356aa2161d,https://rukminim2.flixcart.com/image/832/832/k7jdg280/sunglass/h/f/2/60-th-858-c1-60-tommy-hilfiger-original-imafprd4zmhqh2yq.jpeg?q=70&crop=false
"Tommy Hilfiger UV Protection Aviator Sunglasses (58)  (For Men & Women, Blue)","₹6,772",https://www.flipkart.com/tommy-hilfiger-aviator-sunglasses/p/itmc5e6c43a781cb?pid=SGLGZV5BGTHGKT7M&lid=LSTSGLGZV5BGTHGKT7M8SC37K&marketplace=FLIPKART&q=tommy+hilfiger+sunglasses+&store=26x&srno=s_1_27&otracker=search&otracker1=search&fm=organic&iid=03418ec7-f1c4-4d47-ad5b-c7847a9aa3e2.SGLGZV5BGTHGKT7M.SEARCH&ppt=None&ppn=None&ssid=zuwjl8ve1s0000001745049813855&qH=3bfbf1356aa2161d,https://rukminim2.flixcart.com/image/832/832/xif0q/sunglass/e/f/t/58-th-1574-c12-58-tommy-hilfiger-original-imagzv5bgsfvkykd.jpeg?q=70&crop=false
"Tommy Hilfiger UV Protection, Mirrored Aviator Sunglasses (59)  (For Men & Women, Blue)","₹6,259",https://www.flipkart.com/tommy-hilfiger-aviator-sunglasses/p/itm105527de568a3?pid=SGLGUB36HTUYNZKV&lid=LSTSGLGUB36HTUYNZKVTBJY7S&marketplace=FLIPKART&q=tommy+hilfiger+sunglasses+&store=26x&srno=s_1_26&otracker=search&otracker1=search&fm=organic&iid=03418ec7-f1c4-4d47-ad5b-c7847a9aa3e2.SGLGUB36HTUYNZKV.SEARCH&ppt=None&ppn=None&ssid=zuwjl8ve1s0000001745049813855&qH=3bfbf1356aa2161d,https://rukminim2.flixcart.com/image/832/832/xif0q/sunglass/d/k/e/59-th-9081-c2-59-tommy-hilfiger-original-imagub36xnaxejk4.jpeg?q=70&crop=false
"Tommy Hilfiger UV Protection, Gradient Rectangular Sunglasses (62)  (For Men & Women, Green)","₹6,990",https://www.flipkart.com/tommy-hilfiger-rectangular-sunglasses/p/itm6efa02705f56f?pid=SGLGZW4YRGZP4ZGW&lid=LSTSGLGZW4YRGZP4ZGWCTBECG&marketplace=FLIPKART&q=tommy+hilfiger+sunglasses+&store=26x&srno=s_1_25&otracker=search&otracker1=search&fm=organic&iid=03418ec7-f1c4-4d47-ad5b-c7847a9aa3e2.SGLGZW4YRGZP4ZGW.SEARCH&ppt=None&ppn=None&ssid=zuwjl8ve1s0000001745049813855&qH=3bfbf1356aa2161d,https://rukminim2.flixcart.com/image/832/832/xif0q/sunglass/o/p/a/62-th-2628-c5-62-tommy-hilfiger-original-imagzw4ypngpyg27.jpeg?q=70&crop=false
"Tommy Hilfiger Polarized Rectangular Sunglasses (58)  (For Men & Women, Brown)","₹6,362",https://www.flipkart.com/tommy-hilfiger-rectangular-sunglasses/p/itm07263dda96601?pid=SGLGQ33GD8QZ6ZNG&lid=LSTSGLGQ33GD8QZ6ZNGWLUPYD&marketplace=FLIPKART&q=tommy+hilfiger+sunglasses+&store=26x&srno=s_1_24&otracker=search&otracker1=search&fm=organic&iid=03418ec7-f1c4-4d47-ad5b-c7847a9aa3e2.SGLGQ33GD8QZ6ZNG.SEARCH&ppt=None&ppn=None&ssid=zuwjl8ve1s0000001745049813855&qH=3bfbf1356aa2161d,https://rukminim2.flixcart.com/image/832/832/xif0q/sunglass/6/q/f/th-1568-c3-58-58-tommy-hilfiger-original-imagq33gebndg4gd.jpeg?q=70&crop=false
"Tommy Hilfiger UV Protection Rectangular Sunglasses (57)  (For Men & Women, Brown)","₹6,849",https://www.flipkart.com/tommy-hilfiger-rectangular-sunglasses/p/itm2f61b6064fc23?pid=SGLGZ6PUM3FUUCCC&lid=LSTSGLGZ6PUM3FUUCCCL5PZR6&marketplace=FLIPKART&q=tommy+hilfiger+sunglasses+&store=26x&srno=s_1_23&otracker=search&otracker1=search&fm=organic&iid=03418ec7-f1c4-4d47-ad5b-c7847a9aa3e2.SGLGZ6PUM3FUUCCC.SEARCH&ppt=None&ppn=None&ssid=zuwjl8ve1s0000001745049813855&qH=3bfbf1356aa2161d,https://rukminim2.flixcart.com/image/832/832/xif0q/sunglass/s/e/6/57-th-1572-c2-57-tommy-hilfiger-original-imagz6punfccxc9b.jpeg?q=70&crop=false
"Tommy Hilfiger Polarized Aviator Sunglasses (59)  (For Men & Women, Grey)","₹6,490",https://www.flipkart.com/tommy-hilfiger-aviator-sunglasses/p/itm200ee40a76850?pid=SGLGZBZQNN6UZZT6&lid=LSTSGLGZBZQNN6UZZT6ISEH4P&marketplace=FLIPKART&q=tommy+hilfiger+sunglasses+&store=26x&srno=s_1_22&otracker=search&otracker1=search&fm=organic&iid=03418ec7-f1c4-4d47-ad5b-c7847a9aa3e2.SGLGZBZQNN6UZZT6.SEARCH&ppt=None&ppn=None&ssid=zuwjl8ve1s0000001745049813855&qH=3bfbf1356aa2161d,https://rukminim2.flixcart.com/image/832/832/xif0q/sunglass/l/h/p/na-59-th-1551pl-c1-59-tommy-hilfiger-original-imagzbzqafyvwchk.jpeg?q=70&crop=false
"Tommy Hilfiger Polarized, Gradient Retro Square Sunglasses (55)  (For Men & Women, Brown)","₹6,807",https://www.flipkart.com/tommy-hilfiger-retro-square-sunglasses/p/itmc5a2f5e6ca052?pid=SGLFPYGJ76S3DZ4Z&lid=LSTSGLFPYGJ76S3DZ4ZUM3UYB&marketplace=FLIPKART&q=tommy+hilfiger+sunglasses+&store=26x&srno=s_1_21&otracker=search&otracker1=search&fm=organic&iid=03418ec7-f1c4-4d47-ad5b-c7847a9aa3e2.SGLFPYGJ76S3DZ4Z.SEARCH&ppt=None&ppn=None&ssid=zuwjl8ve1s0000001745049813855&qH=3bfbf1356aa2161d,https://rukminim2.flixcart.com/image/832/832/k6mibgw0/sunglass/z/4/z/55-th-1502-c3-55-tommy-hilfiger-original-imafpywftyxz97cq.jpeg?q=70&crop=false
"Tommy Hilfiger Gradient, UV Protection Wayfarer Sunglasses (56)  (For Men & Women, Brown)","₹6,248",https://www.flipkart.com/tommy-hilfiger-wayfarer-sunglasses/p/itmd3fef80c3dd4a?pid=SGLFQ4GXMBTVGWQ2&lid=LSTSGLFQ4GXMBTVGWQ2G3F1QF&marketplace=FLIPKART&q=tommy+hilfiger+sunglasses+&store=26x&srno=s_1_20&otracker=search&otracker1=search&fm=organic&iid=03418ec7-f1c4-4d47-ad5b-c7847a9aa3e2.SGLFQ4GXMBTVGWQ2.SEARCH&ppt=None&ppn=None&ssid=zuwjl8ve1s0000001745049813855&qH=3bfbf1356aa2161d,https://rukminim2.flixcart.com/image/832/832/k80iqa80/sunglass/w/q/2/56-th-1532-c4-56-tommy-hilfiger-original-imafq4mjy5dcpzez.jpeg?q=70&crop=false
"Tommy Hilfiger UV Protection Rectangular Sunglasses (60)  (For Men & Women, Black)","₹7,204",https://www.flipkart.com/tommy-hilfiger-rectangular-sunglasses/p/itm1467e87187cc8?pid=SGLFVWD36BWFVM2W&lid=LSTSGLFVWD36BWFVM2WYKJZGS&marketplace=FLIPKART&q=tommy+hilfiger+sunglasses+&store=26x&srno=s_1_19&otracker=search&otracker1=search&fm=organic&iid=03418ec7-f1c4-4d47-ad5b-c7847a9aa3e2.SGLFVWD36BWFVM2W.SEARCH&ppt=None&ppn=None&ssid=zuwjl8ve1s0000001745049813855&qH=3bfbf1356aa2161d,https://rukminim2.flixcart.com/image/832/832/kffq2kw0-0/sunglass/p/e/j/th-851pl-c4-60-60-tommy-hilfiger-original-imafvwd3a9dpfqju.jpeg?q=70&crop=false
"Tommy Hilfiger Polarized Retro Square Sunglasses (57)  (For Men & Women, Blue)","₹6,590",https://www.flipkart.com/tommy-hilfiger-retro-square-sunglasses/p/itma5b59bd04b9a6?pid=SGLHYXYHKJ8CYGUC&lid=LSTSGLHYXYHKJ8CYGUCZJTDI3&marketplace=FLIPKART&q=tommy+hilfiger+sunglasses+&store=26x&srno=s_1_18&otracker=search&otracker1=search&fm=organic&iid=03418ec7-f1c4-4d47-ad5b-c7847a9aa3e2.SGLHYXYHKJ8CYGUC.SEARCH&ppt=None&ppn=None&ssid=zuwjl8ve1s0000001745049813855&qH=3bfbf1356aa2161d,https://rukminim2.flixcart.com/image/832/832/xif0q/sunglass/s/3/e/57-th-855-c3-57-tommy-hilfiger-original-imahyxyhn9fpwwpz.jpeg?q=70&crop=false
"Tommy Hilfiger Gradient, UV Protection Retro Square Sunglasses (58)  (For Men & Women, Grey)","₹6,652",https://www.flipkart.com/tommy-hilfiger-retro-square-sunglasses/p/itm64397a2160ef5?pid=SGLHYXYTUZGYPNF6&lid=LSTSGLHYXYTUZGYPNF6UQCJNF&marketplace=FLIPKART&q=tommy+hilfiger+sunglasses+&store=26x&srno=s_1_17&otracker=search&otracker1=search&fm=organic&iid=03418ec7-f1c4-4d47-ad5b-c7847a9aa3e2.SGLHYXYTUZGYPNF6.SEARCH&ppt=None&ppn=None&ssid=zuwjl8ve1s0000001745049813855&qH=3bfbf1356aa2161d,https://rukminim2.flixcart.com/image/832/832/xif0q/sunglass/o/x/g/58-th-2581-c1-58-tommy-hilfiger-original-imahyxytechycbhx.jpeg?q=70&crop=false
"Tommy Hilfiger UV Protection Aviator Sunglasses (58)  (For Men & Women, Grey)","₹6,299",https://www.flipkart.com/tommy-hilfiger-aviator-sunglasses/p/itmd29240d4d4a76?pid=SGLGZU5FY9GFCTYH&lid=LSTSGLGZU5FY9GFCTYHTUK7NJ&marketplace=FLIPKART&q=tommy+hilfiger+sunglasses+&store=26x&srno=s_1_16&otracker=search&otracker1=search&fm=organic&iid=03418ec7-f1c4-4d47-ad5b-c7847a9aa3e2.SGLGZU5FY9GFCTYH.SEARCH&ppt=None&ppn=None&ssid=zuwjl8ve1s0000001745049813855&qH=3bfbf1356aa2161d,https://rukminim2.flixcart.com/image/832/832/xif0q/sunglass/t/y/3/58-th-1574-c4-58-tommy-hilfiger-original-imagzu5ewpdmsnjg.jpeg?q=70&crop=false
"Tommy Hilfiger UV Protection, Others Rectangular Sunglasses (62)  (For Men & Women, Brown)","₹6,929",https://www.flipkart.com/tommy-hilfiger-rectangular-sunglasses/p/itm1dcb58b34a7c8?pid=SGLGFZN3EGGSZ3AW&lid=LSTSGLGFZN3EGGSZ3AWOWHJI5&marketplace=FLIPKART&q=tommy+hilfiger+sunglasses+&store=26x&srno=s_1_15&otracker=search&otracker1=search&fm=organic&iid=03418ec7-f1c4-4d47-ad5b-c7847a9aa3e2.SGLGFZN3EGGSZ3AW.SEARCH&ppt=None&ppn=None&ssid=zuwjl8ve1s0000001745049813855&qH=3bfbf1356aa2161d,https://rukminim2.flixcart.com/image/832/832/l59xq4w0/sunglass/s/3/n/62-th-1524-c2-62-tommy-hilfiger-original-imagfzn2pm8ncfps.jpeg?q=70&crop=false
"Tommy Hilfiger UV Protection Aviator Sunglasses (58)  (For Men & Women, Blue)","₹6,459",https://www.flipkart.com/tommy-hilfiger-aviator-sunglasses/p/itme16782ad53a85?pid=SGLGQ554RHRWVKRY&lid=LSTSGLGQ554RHRWVKRY99Q3MI&marketplace=FLIPKART&q=tommy+hilfiger+sunglasses+&store=26x&srno=s_1_14&otracker=search&otracker1=search&fm=organic&iid=03418ec7-f1c4-4d47-ad5b-c7847a9aa3e2.SGLGQ554RHRWVKRY.SEARCH&ppt=None&ppn=None&ssid=zuwjl8ve1s0000001745049813855&qH=3bfbf1356aa2161d,https://rukminim2.flixcart.com/image/832/832/xif0q/sunglass/e/k/x/th-1565-c5-58-58-tommy-hilfiger-original-imagq5549yjxhw2s.jpeg?q=70&crop=false
"Tommy Hilfiger UV Protection, Gradient Rectangular Sunglasses (60)  (For Men & Women, Brown)","₹6,548",https://www.flipkart.com/tommy-hilfiger-rectangular-sunglasses/p/itm264229222cdc1?pid=SGLHYXFFPEYGAJZH&lid=LSTSGLHYXFFPEYGAJZHKKZ3NZ&marketplace=FLIPKART&q=tommy+hilfiger+sunglasses+&store=26x&srno=s_1_13&otracker=search&otracker1=search&fm=organic&iid=03418ec7-f1c4-4d47-ad5b-c7847a9aa3e2.SGLHYXFFPEYGAJZH.SEARCH&ppt=None&ppn=None&ssid=zuwjl8ve1s0000001745049813855&qH=3bfbf1356aa2161d,https://rukminim2.flixcart.com/image/832/832/xif0q/sunglass/z/g/g/60-th-9712-c2-60-tommy-hilfiger-original-imahyxff9mtezdvg.jpeg?q=70&crop=false
"Tommy Hilfiger Polarized Rectangular Sunglasses (57)  (For Men & Women, Brown)","₹6,990",https://www.flipkart.com/tommy-hilfiger-rectangular-sunglasses/p/itm25145ca5c3dfe?pid=SGLGZ7XHCEWNKVR4&lid=LSTSGLGZ7XHCEWNKVR42FEKCL&marketplace=FLIPKART&q=tommy+hilfiger+sunglasses+&store=26x&srno=s_1_12&otracker=search&otracker1=search&fm=organic&iid=03418ec7-f1c4-4d47-ad5b-c7847a9aa3e2.SGLGZ7XHCEWNKVR4.SEARCH&ppt=None&ppn=None&ssid=zuwjl8ve1s0000001745049813855&qH=3bfbf1356aa2161d,https://rukminim2.flixcart.com/image/832/832/xif0q/sunglass/x/e/v/57-th-1581pl-c2-57-tommy-hilfiger-original-imagz7xhfgtznnhn.jpeg?q=70&crop=false
"Tommy Hilfiger Gradient, UV Protection Aviator Sunglasses (60)  (For Men & Women, Grey)","₹5,992",https://www.flipkart.com/tommy-hilfiger-aviator-sunglasses/p/itmae9d5e1168748?pid=SGLFPDYZJW3W5CSX&lid=LSTSGLFPDYZJW3W5CSXDFGRCJ&marketplace=FLIPKART&q=tommy+hilfiger+sunglasses+&store=26x&srno=s_1_11&otracker=search&otracker1=search&fm=organic&iid=03418ec7-f1c4-4d47-ad5b-c7847a9aa3e2.SGLFPDYZJW3W5CSX.SEARCH&ppt=None&ppn=None&ssid=zuwjl8ve1s0000001745049813855&qH=3bfbf1356aa2161d,https://rukminim2.flixcart.com/image/832/832/k73nlow0/sunglass/c/s/x/60-th-9719-c4-60-tommy-hilfiger-original-imafpe8whcygwy4y.jpeg?q=70&crop=false
"Tommy Hilfiger Polarized Retro Square, Rectangular Sunglasses (59)  (For Men & Women, Brown)","₹7,421",https://www.flipkart.com/tommy-hilfiger-retro-square-rectangular-sunglasses/p/itm0f40089328b83?pid=SGLHYWYJWGHYYBWX&lid=LSTSGLHYWYJWGHYYBWXZHJ2LO&marketplace=FLIPKART&q=tommy+hilfiger+sunglasses+&store=26x&srno=s_1_10&otracker=search&otracker1=search&fm=organic&iid=03418ec7-f1c4-4d47-ad5b-c7847a9aa3e2.SGLHYWYJWGHYYBWX.SEARCH&ppt=None&ppn=None&ssid=zuwjl8ve1s0000001745049813855&qH=3bfbf1356aa2161d,https://rukminim2.flixcart.com/image/832/832/xif0q/sunglass/f/w/y/59-th-1575pl-c6-59-tommy-hilfiger-original-imahf6z572ghwgqk.jpeg?q=70&crop=false
"Tommy Hilfiger Polarized Aviator Sunglasses (58)  (For Men & Women, Green)","₹6,719",https://www.flipkart.com/tommy-hilfiger-aviator-sunglasses/p/itm2980261e4e0b4?pid=SGLGZU5YZWAYHHZB&lid=LSTSGLGZU5YZWAYHHZBESK6U1&marketplace=FLIPKART&q=tommy+hilfiger+sunglasses+&store=26x&srno=s_1_9&otracker=search&otracker1=search&fm=organic&iid=03418ec7-f1c4-4d47-ad5b-c7847a9aa3e2.SGLGZU5YZWAYHHZB.SEARCH&ppt=None&ppn=None&ssid=zuwjl8ve1s0000001745049813855&qH=3bfbf1356aa2161d,https://rukminim2.flixcart.com/image/832/832/xif0q/sunglass/p/a/u/58-th-1573pl-c4-58-tommy-hilfiger-original-imagzu5yyhzada2f.jpeg?q=70&crop=false
"Tommy Hilfiger Mirrored, UV Protection Aviator Sunglasses (60)  (For Men & Women, Green)","₹6,631",https://www.flipkart.com/tommy-hilfiger-aviator-sunglasses/p/itmdd0cf8b09f82a?pid=SGLFPCVYMNBRB9BB&lid=LSTSGLFPCVYMNBRB9BBFW3WZM&marketplace=FLIPKART&q=tommy+hilfiger+sunglasses+&store=26x&srno=s_1_8&otracker=search&otracker1=search&fm=organic&iid=03418ec7-f1c4-4d47-ad5b-c7847a9aa3e2.SGLFPCVYMNBRB9BB.SEARCH&ppt=None&ppn=None&ssid=zuwjl8ve1s0000001745049813855&qH=3bfbf1356aa2161d,https://rukminim2.flixcart.com/image/832/832/k70spzk0/sunglass/9/b/b/60-th-9719-c1-60-tommy-hilfiger-original-imafpcwtwmjqegxq.jpeg?q=70&crop=false
"Tommy Hilfiger Gradient, UV Protection Retro Square Sunglasses (58)  (For Men & Women, Brown)","₹6,293",https://www.flipkart.com/tommy-hilfiger-retro-square-sunglasses/p/itm86f0d34de1cb1?pid=SGLGUBYGWBPFBYKD&lid=LSTSGLGUBYGWBPFBYKDSZ5LQT&marketplace=FLIPKART&q=tommy+hilfiger+sunglasses+&store=26x&srno=s_1_7&otracker=search&otracker1=search&fm=organic&iid=03418ec7-f1c4-4d47-ad5b-c7847a9aa3e2.SGLGUBYGWBPFBYKD.SEARCH&ppt=None&ppn=None&ssid=zuwjl8ve1s0000001745049813855&qH=3bfbf1356aa2161d,https://rukminim2.flixcart.com/image/832/832/xif0q/sunglass/p/i/c/58-th-1566-c3-58-tommy-hilfiger-original-imagubygmcqcfhn8.jpeg?q=70&crop=false
"Tommy Hilfiger Polarized Rectangular, Wayfarer Sunglasses (56)  (For Men & Women, Brown)","₹7,503",https://www.flipkart.com/tommy-hilfiger-rectangular-wayfarer-sunglasses/p/itmdb57f4e29292e?pid=SGLHYWXTKAG62H7F&lid=LSTSGLHYWXTKAG62H7FHFGTHK&marketplace=FLIPKART&q=tommy+hilfiger+sunglasses+&store=26x&srno=s_1_6&otracker=search&otracker1=search&fm=organic&iid=03418ec7-f1c4-4d47-ad5b-c7847a9aa3e2.SGLHYWXTKAG62H7F.SEARCH&ppt=None&ppn=None&ssid=zuwjl8ve1s0000001745049813855&qH=3bfbf1356aa2161d,https://rukminim2.flixcart.com/image/832/832/xif0q/sunglass/i/t/n/56-th-7203pl-c2-56-tommy-hilfiger-original-imahywxthdxn9x49.jpeg?q=70&crop=false
"Tommy Hilfiger UV Protection, Gradient Butterfly Sunglasses (58)  (For Women, Green)","₹7,693",https://www.flipkart.com/tommy-hilfiger-butterfly-sunglasses/p/itm238930e40e309?pid=SGLGZGM2X8HGNUZT&lid=LSTSGLGZGM2X8HGNUZTWMFPL5&marketplace=FLIPKART&q=tommy+hilfiger+sunglasses+&store=26x&srno=s_1_5&otracker=search&otracker1=search&fm=organic&iid=03418ec7-f1c4-4d47-ad5b-c7847a9aa3e2.SGLGZGM2X8HGNUZT.SEARCH&ppt=None&ppn=None&ssid=zuwjl8ve1s0000001745049813855&qH=3bfbf1356aa2161d,https://rukminim2.flixcart.com/image/832/832/xif0q/sunglass/p/o/a/58-th-2641-c6-58-tommy-hilfiger-original-imagzgm2nexzywzd.jpeg?q=70&crop=false
"Tommy Hilfiger Gradient Oval Sunglasses (53)  (For Women, Brown)","₹7,599",https://www.flipkart.com/tommy-hilfiger-oval-sunglasses/p/itmffc9ee040b038?pid=SGLHYWWSWZMTSBXA&lid=LSTSGLHYWWSWZMTSBXAW9HNE8&marketplace=FLIPKART&q=tommy+hilfiger+sunglasses+&store=26x&srno=s_1_4&otracker=search&otracker1=search&fm=organic&iid=03418ec7-f1c4-4d47-ad5b-c7847a9aa3e2.SGLHYWWSWZMTSBXA.SEARCH&ppt=None&ppn=None&ssid=zuwjl8ve1s0000001745049813855&qH=3bfbf1356aa2161d,https://rukminim2.flixcart.com/image/832/832/xif0q/sunglass/v/c/w/53-th-7201-c2-53-tommy-hilfiger-original-imahywwsqck9znju.jpeg?q=70&crop=false
"Tommy Hilfiger Polarized Aviator Sunglasses (59)  (For Men & Women, Brown)","₹5,927",https://www.flipkart.com/tommy-hilfiger-aviator-sunglasses/p/itm423686d51d4b4?pid=SGLGZ96YPPAQKUUC&lid=LSTSGLGZ96YPPAQKUUCME4MYZ&marketplace=FLIPKART&q=tommy+hilfiger+sunglasses+&store=26x&srno=s_1_3&otracker=search&otracker1=search&fm=organic&iid=03418ec7-f1c4-4d47-ad5b-c7847a9aa3e2.SGLGZ96YPPAQKUUC.SEARCH&ppt=None&ppn=None&ssid=zuwjl8ve1s0000001745049813855&qH=3bfbf1356aa2161d,https://rukminim2.flixcart.com/image/832/832/xif0q/sunglass/j/i/5/na-59-th-1551pl-c4-59-tommy-hilfiger-original-imagz96y69vzqsyh.jpeg?q=70&crop=false
"Tommy Hilfiger Gradient, UV Protection Retro Square Sunglasses (58)  (For Men & Women, Grey)","₹5,751",https://www.flipkart.com/tommy-hilfiger-retro-square-sunglasses/p/itm4d5fa747ba990?pid=SGLGUB3GG5RMXJBQ&lid=LSTSGLGUB3GG5RMXJBQSUIIUC&marketplace=FLIPKART&q=tommy+hilfiger+sunglasses+&store=26x&srno=s_1_2&otracker=search&otracker1=search&fm=organic&iid=03418ec7-f1c4-4d47-ad5b-c7847a9aa3e2.SGLGUB3GG5RMXJBQ.SEARCH&ppt=None&ppn=None&ssid=zuwjl8ve1s0000001745049813855&qH=3bfbf1356aa2161d,https://rukminim2.flixcart.com/image/832/832/xif0q/sunglass/s/p/t/58-th-1566-c4-58-tommy-hilfiger-original-imagub3geptfzmyc.jpeg?q=70&crop=false
"Tommy Hilfiger UV Protection Rectangular Sunglasses (59)  (For Men & Women, Brown)","₹7,275",https://www.flipkart.com/tommy-hilfiger-rectangular-sunglasses/p/itmc5131d6d63408?pid=SGLHYWZZAXXACYYA&lid=LSTSGLHYWZZAXXACYYA0G9NNR&marketplace=FLIPKART&q=tommy+hilfiger+sunglasses+&store=26x&srno=s_1_1&otracker=search&otracker1=search&fm=organic&iid=03418ec7-f1c4-4d47-ad5b-c7847a9aa3e2.SGLHYWZZAXXACYYA.SEARCH&ppt=None&ppn=None&ssid=zuwjl8ve1s0000001745049813855&qH=3bfbf1356aa2161d,https://rukminim2.flixcart.com/image/832/832/xif0q/sunglass/r/3/h/59-th-9733-c3-59-tommy-hilfiger-original-imahywzzfuse3avw.jpeg?q=70&crop=false
"Tommy Hilfiger by Lenskart Polarized, UV Protection Rectangular Sunglasses (Free Size)  (For Men & Women, Grey)",₹747,https://www.flipkart.com/vincent-chase-lenskart-rectangular-sunglasses/p/itmac4e3b27bae6b?pid=SGLGUTSMZWVXKJXX&lid=LSTSGLGUTSMZWVXKJXXFQIX0L&marketplace=FLIPKART&q=tommy+hilfiger+sunglasses+&store=26x&srno=s_2_80&otracker=AS_Query_HistoryAutoSuggest_1_4_na_na_na&otracker1=AS_Query_HistoryAutoSuggest_1_4_na_na_na&fm=organic&iid=33ad5d9e-c095-4a05-b932-2c9c1e187504.SGLGUTSMZWVXKJXX.SEARCH&ppt=None&ppn=None&ssid=icrgjarats0000001745052165994&qH=3bfbf1356aa2161d,
"Tommy Hilfiger Polarized, UV Protection Retro Square Sunglasses (54)  (For Men & Women, Green)","₹1,399",https://www.flipkart.com/john-jacobs-retro-square-sunglasses/p/itme17ee5437138a?pid=SGLFXCEGYZNZMYHE&lid=LSTSGLFXCEGYZNZMYHEUL3N3H&marketplace=FLIPKART&q=tommy+hilfiger+sunglasses+&store=26x&srno=s_2_79&otracker=AS_Query_HistoryAutoSuggest_1_4_na_na_na&otracker1=AS_Query_HistoryAutoSuggest_1_4_na_na_na&fm=organic&iid=33ad5d9e-c095-4a05-b932-2c9c1e187504.SGLFXCEGYZNZMYHE.SEARCH&ppt=None&ppn=None&ssid=icrgjarats0000001745052165994&qH=3bfbf1356aa2161d,https://rukminim2.flixcart.com/image/832/832/xif0q/sunglass/l/o/u/54-136404-john-jacobs-original-imah6xkzszznhkhe.jpeg?q=70&crop=false
"Tommy Hilfiger UV Protection Sports Sunglasses (Free Size)  (For Men & Women, Black)",₹389,https://www.flipkart.com/tom-martin-sports-sunglasses/p/itmf3ykzpd2fr4sg?pid=SGLEU3HAN9HGJTAM&lid=LSTSGLEU3HAN9HGJTAMZJMK4S&marketplace=FLIPKART&q=tommy+hilfiger+sunglasses+&store=26x&srno=s_2_78&otracker=AS_Query_HistoryAutoSuggest_1_4_na_na_na&otracker1=AS_Query_HistoryAutoSuggest_1_4_na_na_na&fm=organic&iid=33ad5d9e-c095-4a05-b932-2c9c1e187504.SGLEU3HAN9HGJTAM.SEARCH&ppt=None&ppn=None&ssid=icrgjarats0000001745052165994&qH=3bfbf1356aa2161d,https://rukminim2.flixcart.com/image/832/832/xif0q/sunglass/z/u/p/64-uv-400-protected-sunglasses-hector-tom-martin-original-imah7n4secsxr6hj.jpeg?q=70&crop=false
"Tommy Hilfiger UV Protection Sports Sunglasses (Free Size)  (For Men & Women, Yellow)",₹400,https://www.flipkart.com/tom-martin-sports-sunglasses/p/itmf3ykp58gmnrme?pid=SGLEU3HAHZZVGPD7&lid=LSTSGLEU3HAHZZVGPD7QHNC4G&marketplace=FLIPKART&q=tommy+hilfiger+sunglasses+&store=26x&srno=s_2_77&otracker=AS_Query_HistoryAutoSuggest_1_4_na_na_na&otracker1=AS_Query_HistoryAutoSuggest_1_4_na_na_na&fm=organic&iid=33ad5d9e-c095-4a05-b932-2c9c1e187504.SGLEU3HAHZZVGPD7.SEARCH&ppt=None&ppn=None&ssid=icrgjarats0000001745052165994&qH=3bfbf1356aa2161d,https://rukminim2.flixcart.com/image/832/832/xif0q/sunglass/v/k/z/64-uv-400-protected-sunglasses-hector-tom-martin-original-imah7m54szhzswae.jpeg?q=70&crop=false
"Tommy Hilfiger Polarized Retro Square Sunglasses (50)  (For Men & Women, Blue)",₹792,https://www.flipkart.com/peter-jones-retro-square-sunglasses/p/itm2b213767b1cd0?pid=SGLGSQNGPPKBDDKG&lid=LSTSGLGSQNGPPKBDDKGYANRF8&marketplace=FLIPKART&q=tommy+hilfiger+sunglasses+&store=26x&srno=s_2_76&otracker=AS_Query_HistoryAutoSuggest_1_4_na_na_na&otracker1=AS_Query_HistoryAutoSuggest_1_4_na_na_na&fm=organic&iid=33ad5d9e-c095-4a05-b932-2c9c1e187504.SGLGSQNGPPKBDDKG.SEARCH&ppt=None&ppn=None&ssid=icrgjarats0000001745052165994&qH=3bfbf1356aa2161d,https://rukminim2.flixcart.com/image/832/832/xif0q/sunglass/v/a/m/m-po-n730bl-peter-jones-original-imagsqngmsdwfvqx.jpeg?q=70&crop=false
"Tommy Hilfiger Polarized, UV Protection Rectangular Sunglasses (Free Size)  (For Men & Women, Brown)",₹439,https://www.flipkart.com/tom-martin-rectangular-sunglasses/p/itmf3yh5adenfxhs?pid=SGLEUJTJ6XYEEYH4&lid=LSTSGLEUJTJ6XYEEYH4UQQR2Y&marketplace=FLIPKART&q=tommy+hilfiger+sunglasses+&store=26x&srno=s_2_75&otracker=AS_Query_HistoryAutoSuggest_1_4_na_na_na&otracker1=AS_Query_HistoryAutoSuggest_1_4_na_na_na&fm=organic&iid=33ad5d9e-c095-4a05-b932-2c9c1e187504.SGLEUJTJ6XYEEYH4.SEARCH&ppt=None&ppn=None&ssid=icrgjarats0000001745052165994&qH=3bfbf1356aa2161d,https://rukminim2.flixcart.com/image/832/832/xif0q/sunglass/r/6/l/58-uv-400-protected-sunglasses-jules-6-tom-martin-original-imah7m5yz88dvzxx.jpeg?q=70&crop=false
"Tommy Hilfiger by Lenskart Polarized, UV Protection Rectangular Sunglasses (Free Size)  (For Men & Women, Blue)",₹749,https://www.flipkart.com/vincent-chase-lenskart-rectangular-sunglasses/p/itm03b3108c722f0?pid=SGLGUTT8HASCKYGK&lid=LSTSGLGUTT8HASCKYGKSIFHSN&marketplace=FLIPKART&q=tommy+hilfiger+sunglasses+&store=26x&srno=s_2_74&otracker=AS_Query_HistoryAutoSuggest_1_4_na_na_na&otracker1=AS_Query_HistoryAutoSuggest_1_4_na_na_na&fm=organic&iid=33ad5d9e-c095-4a05-b932-2c9c1e187504.SGLGUTT8HASCKYGK.SEARCH&ppt=None&ppn=None&ssid=icrgjarats0000001745052165994&qH=3bfbf1356aa2161d,https://rukminim2.flixcart.com/image/832/832/xif0q/sunglass/i/z/i/l-209999-vincent-chase-original-imah4hk9uxfbdgfy.jpeg?q=70&crop=false
"Tommy Hilfiger by Lenskart Polarized, UV Protection Rectangular Sunglasses (Free Size)  (For Men & Women, Brown)",₹749,https://www.flipkart.com/vincent-chase-lenskart-rectangular-sunglasses/p/itm4044b038e6c2a?pid=SGLGUTSM7TYZMH3M&lid=LSTSGLGUTSM7TYZMH3MAXRR5H&marketplace=FLIPKART&q=tommy+hilfiger+sunglasses+&store=26x&srno=s_2_73&otracker=AS_Query_HistoryAutoSuggest_1_4_na_na_na&otracker1=AS_Query_HistoryAutoSuggest_1_4_na_na_na&fm=organic&iid=33ad5d9e-c095-4a05-b932-2c9c1e187504.SGLGUTSM7TYZMH3M.SEARCH&ppt=None&ppn=None&ssid=icrgjarats0000001745052165994&qH=3bfbf1356aa2161d,https://rukminim2.flixcart.com/image/832/832/xif0q/sunglass/o/n/m/l-209584-vincent-chase-original-imah4hk9cqwvheqh.jpeg?q=70&crop=false
"Tommy Hilfiger Polarized, UV Protection Rectangular Sunglasses (Free Size)  (For Men & Women, Black)",₹448,https://www.flipkart.com/tom-martin-rectangular-sunglasses/p/itm973969c137726?pid=SGLGY7TTUJBDA4KV&lid=LSTSGLGY7TTUJBDA4KV8QTTIO&marketplace=FLIPKART&q=tommy+hilfiger+sunglasses+&store=26x&srno=s_2_72&otracker=AS_Query_HistoryAutoSuggest_1_4_na_na_na&otracker1=AS_Query_HistoryAutoSuggest_1_4_na_na_na&fm=organic&iid=33ad5d9e-c095-4a05-b932-2c9c1e187504.SGLGY7TTUJBDA4KV.SEARCH&ppt=None&ppn=None&ssid=icrgjarats0000001745052165994&qH=3bfbf1356aa2161d,https://rukminim2.flixcart.com/image/832/832/xif0q/sunglass/f/u/w/53-polarized-uv-400-protected-sunglasses-tom-martin-original-imah7m4rcxp9va5d.jpeg?q=70&crop=false
"Tommy Hilfiger by Lenskart Polarized, UV Protection Cat-eye Sunglasses (52)  (For Men & Women, Pink)",₹749,https://www.flipkart.com/vincent-chase-lenskart-cat-eye-sunglasses/p/itm0de1ca7308d49?pid=SGLGVJPFBXAFGQZN&lid=LSTSGLGVJPFBXAFGQZNZMNHJY&marketplace=FLIPKART&q=tommy+hilfiger+sunglasses+&store=26x&srno=s_2_71&otracker=AS_Query_HistoryAutoSuggest_1_4_na_na_na&otracker1=AS_Query_HistoryAutoSuggest_1_4_na_na_na&fm=organic&iid=33ad5d9e-c095-4a05-b932-2c9c1e187504.SGLGVJPFBXAFGQZN.SEARCH&ppt=None&ppn=None&ssid=icrgjarats0000001745052165994&qH=3bfbf1356aa2161d,https://rukminim2.flixcart.com/image/832/832/xif0q/sunglass/e/t/c/l-212296-vincent-chase-original-imah4hkaqh6rkdmv.jpeg?q=70&crop=false
"Tommy Hilfiger by Lenskart Polarized, UV Protection Rectangular Sunglasses (58)  (For Men & Women, Green)",₹559,https://www.flipkart.com/vincent-chase-lenskart-rectangular-sunglasses/p/itmba54fc7e93beb?pid=SGLFZSPFKMA4HN5A&lid=LSTSGLFZSPFKMA4HN5AQZ1E6J&marketplace=FLIPKART&q=tommy+hilfiger+sunglasses+&store=26x&srno=s_2_70&otracker=AS_Query_HistoryAutoSuggest_1_4_na_na_na&otracker1=AS_Query_HistoryAutoSuggest_1_4_na_na_na&fm=organic&iid=33ad5d9e-c095-4a05-b932-2c9c1e187504.SGLFZSPFKMA4HN5A.SEARCH&ppt=None&ppn=None&ssid=icrgjarats0000001745052165994&qH=3bfbf1356aa2161d,https://rukminim2.flixcart.com/image/832/832/xif0q/sunglass/r/e/b/58-135530-vincent-chase-original-imahyq7jaqwmsdhs.jpeg?q=70&crop=false
"Fastrack Gradient Rectangular Sunglasses (Free Size)  (For Men, Brown)","₹2,099",https://www.flipkart.com/fastrack-rectangular-sunglasses/p/itmf7h5myagbbymy?pid=SGLEY8FHHRGX5SMZ&lid=LSTSGLEY8FHHRGX5SMZ8APJOQ&marketplace=FLIPKART&q=fastrack+sunglasses&store=26x&srno=s_1_40&otracker=AS_QueryStore_OrganicAutoSuggest_1_12_na_na_na&otracker1=AS_QueryStore_OrganicAutoSuggest_1_12_na_na_na&fm=organic&iid=85c2ca3f-af10-41fb-98aa-b41df4425deb.SGLEY8FHHRGX5SMZ.SEARCH&ppt=None&ppn=None&ssid=b1t91m6auo0000001745048323354&qH=6c320ddeb59e61ac,https://rukminim2.flixcart.com/image/832/832/jnnhua80/sunglass/s/m/z/nbm183br1-one-size-fits-all-fastrack-original-imafaazfcnfuhnzu.jpeg?q=70&crop=false
"Fastrack UV Protection Wrap-around, Rectangular Sunglasses (Free Size)  (For Men & Women, Clear)","₹1,329",https://www.flipkart.com/fastrack-wrap-around-rectangular-sunglasses/p/itmfe69386c39af8?pid=SGLDNGSBNGHNCHYU&lid=LSTSGLDNGSBNGHNCHYUMN7YIV&marketplace=FLIPKART&q=fastrack+sunglasses&store=26x&srno=s_1_39&otracker=AS_QueryStore_OrganicAutoSuggest_1_12_na_na_na&otracker1=AS_QueryStore_OrganicAutoSuggest_1_12_na_na_na&fm=organic&iid=85c2ca3f-af10-41fb-98aa-b41df4425deb.SGLDNGSBNGHNCHYU.SEARCH&ppt=None&ppn=None&ssid=b1t91m6auo0000001745048323354&qH=6c320ddeb59e61ac,
"Fastrack UV Protection Sports Sunglasses (Free Size)  (For Men, Green)","₹1,744",https://www.flipkart.com/fastrack-sports-sunglasses/p/itmf4srngcu94fxq?pid=SGLEXGFW3H68BTGZ&lid=LSTSGLEXGFW3H68BTGZNRSIJG&marketplace=FLIPKART&q=fastrack+sunglasses&store=26x&srno=s_1_38&otracker=AS_QueryStore_OrganicAutoSuggest_1_12_na_na_na&otracker1=AS_QueryStore_OrganicAutoSuggest_1_12_na_na_na&fm=organic&iid=85c2ca3f-af10-41fb-98aa-b41df4425deb.SGLEXGFW3H68BTGZ.SEARCH&ppt=None&ppn=None&ssid=b1t91m6auo0000001745048323354&qH=6c320ddeb59e61ac,https://rukminim2.flixcart.com/image/832/832/xif0q/sunglass/v/q/m/one-size-fits-all-nbp089gr5p-fastrack-original-imahamryzy6jyzhd.jpeg?q=70&crop=false
"Fastrack UV Protection Sports Sunglasses (Free Size)  (For Men, Green)","₹1,999",https://www.flipkart.com/fastrack-sports-sunglasses/p/itmf4srnywysek5a?pid=SGLEXGFW9DNNQJQ5&lid=LSTSGLEXGFW9DNNQJQ56ZAXNZ&marketplace=FLIPKART&q=fastrack+sunglasses&store=26x&srno=s_1_37&otracker=AS_QueryStore_OrganicAutoSuggest_1_12_na_na_na&otracker1=AS_QueryStore_OrganicAutoSuggest_1_12_na_na_na&fm=organic&iid=85c2ca3f-af10-41fb-98aa-b41df4425deb.SGLEXGFW9DNNQJQ5.SEARCH&ppt=None&ppn=None&ssid=b1t91m6auo0000001745048323354&qH=6c320ddeb59e61ac,https://rukminim2.flixcart.com/image/832/832/xif0q/sunglass/g/6/8/one-size-fits-all-nbp223gr3p-fastrack-original-imahamrythh2zx9p.jpeg?q=70&crop=false
"Fastrack UV Protection Wayfarer Sunglasses (Free Size)  (For Men & Women, Green)",₹890,https://www.flipkart.com/fastrack-wayfarer-sunglasses/p/itmf6v2fjypq8y8r?pid=SGLF75GR5FHFD3CF&lid=LSTSGLF75GR5FHFD3CF9OWXPO&marketplace=FLIPKART&q=fastrack+sunglasses&store=26x&srno=s_1_36&otracker=AS_QueryStore_OrganicAutoSuggest_1_12_na_na_na&otracker1=AS_QueryStore_OrganicAutoSuggest_1_12_na_na_na&fm=organic&iid=85c2ca3f-af10-41fb-98aa-b41df4425deb.SGLF75GR5FHFD3CF.SEARCH&ppt=None&ppn=None&ssid=b1t91m6auo0000001745048323354&qH=6c320ddeb59e61ac,https://rukminim2.flixcart.com/image/832/832/xif0q/sunglass/f/w/7/50-nbp357bk1-fastrack-original-imahyvzyhfetjbsc.jpeg?q=70&crop=false
"Fastrack UV Protection Shield Sunglasses (Free Size)  (For Men, Grey)",₹649,https://www.flipkart.com/fastrack-shield-sunglasses/p/itme31b29c245e9d?pid=SGLF79DPQHKPREWV&lid=LSTSGLF79DPQHKPREWVH4OGVF&marketplace=FLIPKART&q=fastrack+sunglasses&store=26x&srno=s_1_35&otracker=AS_QueryStore_OrganicAutoSuggest_1_12_na_na_na&otracker1=AS_QueryStore_OrganicAutoSuggest_1_12_na_na_na&fm=organic&iid=85c2ca3f-af10-41fb-98aa-b41df4425deb.SGLF79DPQHKPREWV.SEARCH&ppt=None&ppn=None&ssid=b1t91m6auo0000001745048323354&qH=6c320ddeb59e61ac,https://rukminim2.flixcart.com/image/832/832/kgtqhe80-0/sunglass/p/g/p/p427bk1-one-size-fits-all-fastrack-original-imafwyqxmhpcaagg.jpeg?q=70&crop=false
"Fastrack UV Protection Round Sunglasses (52)  (For Men, Brown)",₹579,https://www.flipkart.com/fastrack-round-sunglasses/p/itmf1b98908d36a4?pid=SGLFHBY3Z7RQAYAX&lid=LSTSGLFHBY3Z7RQAYAXU9FIYZ&marketplace=FLIPKART&q=fastrack+sunglasses&store=26x&srno=s_1_34&otracker=AS_QueryStore_OrganicAutoSuggest_1_12_na_na_na&otracker1=AS_QueryStore_OrganicAutoSuggest_1_12_na_na_na&fm=organic&iid=85c2ca3f-af10-41fb-98aa-b41df4425deb.SGLFHBY3Z7RQAYAX.SEARCH&ppt=None&ppn=None&ssid=b1t91m6auo0000001745048323354&qH=6c320ddeb59e61ac,https://rukminim2.flixcart.com/image/832/832/k1v1h8w0/sunglass/y/a/x/52-p444br2-fastrack-original-imafhc9kxkscqxkb.jpeg?q=70&crop=false
"Fastrack Gradient, UV Protection Aviator Sunglasses (58)  (For Men & Women, Grey)","₹1,299",https://www.flipkart.com/fastrack-aviator-sunglasses/p/itm78d3506403c61?pid=SGLGH8SG2ZHJK3FM&lid=LSTSGLGH8SG2ZHJK3FMQDBCNL&marketplace=FLIPKART&q=fastrack+sunglasses&store=26x&srno=s_1_33&otracker=AS_QueryStore_OrganicAutoSuggest_1_12_na_na_na&otracker1=AS_QueryStore_OrganicAutoSuggest_1_12_na_na_na&fm=organic&iid=85c2ca3f-af10-41fb-98aa-b41df4425deb.SGLGH8SG2ZHJK3FM.SEARCH&ppt=None&ppn=None&ssid=b1t91m6auo0000001745048323354&qH=6c320ddeb59e61ac,https://rukminim2.flixcart.com/image/832/832/xif0q/sunglass/j/j/4/58-m258gr4-fastrack-original-imagh8sgrnnybxu7.jpeg?q=70&crop=false
"Fastrack UV Protection Aviator Sunglasses (58)  (For Men & Women, Green)","₹2,100",https://www.flipkart.com/fastrack-aviator-sunglasses/p/itmdf08539703b11?pid=SGLFPH8DHBGYPYMD&lid=LSTSGLFPH8DHBGYPYMDI0OPXE&marketplace=FLIPKART&q=fastrack+sunglasses&store=26x&srno=s_1_32&otracker=AS_QueryStore_OrganicAutoSuggest_1_12_na_na_na&otracker1=AS_QueryStore_OrganicAutoSuggest_1_12_na_na_na&fm=organic&iid=85c2ca3f-af10-41fb-98aa-b41df4425deb.SGLFPH8DHBGYPYMD.SEARCH&ppt=None&ppn=None&ssid=b1t91m6auo0000001745048323354&qH=6c320ddeb59e61ac,https://rukminim2.flixcart.com/image/832/832/k77xx8w0/sunglass/y/m/d/58-nbm165gr1-fastrack-original-imafphjhhfpad8bm.jpeg?q=70&crop=false
"Fastrack Gradient, UV Protection Retro Square Sunglasses (56)  (For Men & Women, Green)","₹1,499",https://www.flipkart.com/fastrack-retro-square-sunglasses/p/itmfa0063591b7ca?pid=SGLGJ8GQESYNKPJE&lid=LSTSGLGJ8GQESYNKPJEGBQQV1&marketplace=FLIPKART&q=fastrack+sunglasses&store=26x&srno=s_1_31&otracker=AS_QueryStore_OrganicAutoSuggest_1_12_na_na_na&otracker1=AS_QueryStore_OrganicAutoSuggest_1_12_na_na_na&fm=organic&iid=85c2ca3f-af10-41fb-98aa-b41df4425deb.SGLGJ8GQESYNKPJE.SEARCH&ppt=None&ppn=None&ssid=b1t91m6auo0000001745048323354&qH=6c320ddeb59e61ac,https://rukminim2.flixcart.com/image/832/832/xif0q/sunglass/s/y/e/56-m253gr5-fastrack-original-imagj8gqhgkkgsgc.jpeg?q=70&crop=false
"Fastrack UV Protection Round Sunglasses (Free Size)  (For Men, Grey)","₹1,426",https://www.flipkart.com/fastrack-round-sunglasses/p/itmf3yh3a5atud2k?pid=SGLECPQFQFFPBAKS&lid=LSTSGLECPQFQFFPBAKSJABEVL&marketplace=FLIPKART&q=fastrack+sunglasses&store=26x&srno=s_1_30&otracker=AS_QueryStore_OrganicAutoSuggest_1_12_na_na_na&otracker1=AS_QueryStore_OrganicAutoSuggest_1_12_na_na_na&fm=organic&iid=85c2ca3f-af10-41fb-98aa-b41df4425deb.SGLECPQFQFFPBAKS.SEARCH&ppt=None&ppn=None&ssid=b1t91m6auo0000001745048323354&qH=6c320ddeb59e61ac,https://rukminim2.flixcart.com/image/832/832/sunglass/a/k/s/p120bk1-fastrack-m-original-imaeckdfkdhzubmu.jpeg?q=70&crop=false
"Fastrack Gradient Aviator Sunglasses (55)  (For Men & Women, Black)","₹1,440",https://www.flipkart.com/fastrack-aviator-sunglasses/p/itmbde53bd235d85?pid=SGLH8Z2GFTZVJHQH&lid=LSTSGLH8Z2GFTZVJHQH80LKTH&marketplace=FLIPKART&q=fastrack+sunglasses&store=26x&srno=s_1_29&otracker=AS_QueryStore_OrganicAutoSuggest_1_12_na_na_na&otracker1=AS_QueryStore_OrganicAutoSuggest_1_12_na_na_na&fm=organic&iid=85c2ca3f-af10-41fb-98aa-b41df4425deb.SGLH8Z2GFTZVJHQH.SEARCH&ppt=None&ppn=None&ssid=b1t91m6auo0000001745048323354&qH=6c320ddeb59e61ac,https://rukminim2.flixcart.com/image/832/832/xif0q/sunglass/y/o/u/55-m258bk1v-fastrack-original-imah8yygyswh9bxy.jpeg?q=70&crop=false
"Fastrack Gradient Round Sunglasses (Free Size)  (For Men & Women, Black)","₹1,521",https://www.flipkart.com/fastrack-round-sunglasses/p/itm740d38d78d422?pid=SGLGQJHANDYXE9EG&lid=LSTSGLGQJHANDYXE9EGEPXOX6&marketplace=FLIPKART&q=fastrack+sunglasses&store=26x&srno=s_1_28&otracker=AS_QueryStore_OrganicAutoSuggest_1_12_na_na_na&otracker1=AS_QueryStore_OrganicAutoSuggest_1_12_na_na_na&fm=organic&iid=85c2ca3f-af10-41fb-98aa-b41df4425deb.SGLGQJHANDYXE9EG.SEARCH&ppt=None&ppn=None&ssid=b1t91m6auo0000001745048323354&qH=6c320ddeb59e61ac,https://rukminim2.flixcart.com/image/832/832/xif0q/sunglass/i/z/n/m257gy9v-free-fastrack-original-imagqjh84xhf8cfa.jpeg?q=70&crop=false
"Fastrack UV Protection Retro Square Sunglasses (Free Size)  (For Men & Women, Brown)",₹885,https://www.flipkart.com/fastrack-retro-square-sunglasses/p/itmf3ykwh5nzrrnk?pid=SGLF3GFHXMC6M7DC&lid=LSTSGLF3GFHXMC6M7DCEI9ZE3&marketplace=FLIPKART&q=fastrack+sunglasses&store=26x&srno=s_1_27&otracker=AS_QueryStore_OrganicAutoSuggest_1_12_na_na_na&otracker1=AS_QueryStore_OrganicAutoSuggest_1_12_na_na_na&fm=organic&iid=85c2ca3f-af10-41fb-98aa-b41df4425deb.SGLF3GFHXMC6M7DC.SEARCH&ppt=None&ppn=None&ssid=b1t91m6auo0000001745048323354&qH=6c320ddeb59e61ac,https://rukminim2.flixcart.com/image/832/832/xif0q/sunglass/h/c/5/free-p357br3-fastrack-original-imah28hcwfjsd6zh.jpeg?q=70&crop=false
"Fastrack UV Protection Aviator Sunglasses (58)  (For Men & Women, Green)",₹919,https://www.flipkart.com/fastrack-aviator-sunglasses/p/itmd86675766ab22?pid=SGLFKYGH5RNKQFHZ&lid=LSTSGLFKYGH5RNKQFHZ5CEBU2&marketplace=FLIPKART&q=fastrack+sunglasses&store=26x&srno=s_1_26&otracker=AS_QueryStore_OrganicAutoSuggest_1_12_na_na_na&otracker1=AS_QueryStore_OrganicAutoSuggest_1_12_na_na_na&fm=organic&iid=85c2ca3f-af10-41fb-98aa-b41df4425deb.SGLFKYGH5RNKQFHZ.SEARCH&ppt=None&ppn=None&ssid=b1t91m6auo0000001745048323354&qH=6c320ddeb59e61ac,https://rukminim2.flixcart.com/image/832/832/k4n2avk0/sunglass/f/h/z/l-m242gr3t-fastrack-original-imafnhsfvfgbpy6t.jpeg?q=70&crop=false
"Fastrack UV Protection Aviator Sunglasses (Free Size)  (For Men & Women, Black)",₹882,https://www.flipkart.com/fastrack-aviator-sunglasses/p/itmf3yh8gkcgztpg?pid=SGLF4QP8YSS9EUBC&lid=LSTSGLF4QP8YSS9EUBCCP4FAG&marketplace=FLIPKART&q=fastrack+sunglasses&store=26x&srno=s_1_25&otracker=AS_QueryStore_OrganicAutoSuggest_1_12_na_na_na&otracker1=AS_QueryStore_OrganicAutoSuggest_1_12_na_na_na&fm=organic&iid=85c2ca3f-af10-41fb-98aa-b41df4425deb.SGLF4QP8YSS9EUBC.SEARCH&ppt=None&ppn=None&ssid=b1t91m6auo0000001745048323354&qH=6c320ddeb59e61ac,https://rukminim2.flixcart.com/image/832/832/jpa2w7k0/sunglass/u/b/c/free-size-p358bk2-fastrack-original-imafbjvf4kyfckcr.jpeg?q=70&crop=false
"Fastrack UV Protection Wayfarer Sunglasses (52)  (For Men & Women, Green)",₹389,https://www.flipkart.com/fastrack-wayfarer-sunglasses/p/itm90ae8b9ce633b?pid=SGLFHBY3ZHESCSHR&lid=LSTSGLFHBY3ZHESCSHRWHRPJ2&marketplace=FLIPKART&q=fastrack+sunglasses&store=26x&spotlightTagId=default_TrendingId_26x&srno=s_1_24&otracker=AS_QueryStore_OrganicAutoSuggest_1_12_na_na_na&otracker1=AS_QueryStore_OrganicAutoSuggest_1_12_na_na_na&fm=organic&iid=85c2ca3f-af10-41fb-98aa-b41df4425deb.SGLFHBY3ZHESCSHR.SEARCH&ppt=None&ppn=None&ssid=b1t91m6auo0000001745048323354&qH=6c320ddeb59e61ac,https://rukminim2.flixcart.com/image/832/832/k1v1h8w0/sunglass/s/h/r/52-p444gr1-fastrack-original-imafhc9kzydpacae.jpeg?q=70&crop=false
"Fastrack UV Protection Wayfarer, Retro Square Sunglasses (53)  (For Men, Green)","₹2,030",https://www.flipkart.com/fastrack-wayfarer-retro-square-sunglasses/p/itm816500834727f?pid=SGLESWQYQGY5QTBA&lid=LSTSGLESWQYQGY5QTBARNTZD9&marketplace=FLIPKART&q=fastrack+sunglasses&store=26x&srno=s_1_23&otracker=AS_QueryStore_OrganicAutoSuggest_1_12_na_na_na&otracker1=AS_QueryStore_OrganicAutoSuggest_1_12_na_na_na&fm=organic&iid=85c2ca3f-af10-41fb-98aa-b41df4425deb.SGLESWQYQGY5QTBA.SEARCH&ppt=None&ppn=None&ssid=b1t91m6auo0000001745048323354&qH=6c320ddeb59e61ac,https://rukminim2.flixcart.com/image/832/832/xif0q/sunglass/k/z/n/free-size-p365gr2v-fastrack-original-imahamryymusmz5q.jpeg?q=70&crop=false
"Fastrack UV Protection Wayfarer Sunglasses (54)  (For Men, Green)",₹699,https://www.flipkart.com/fastrack-wayfarer-sunglasses/p/itmf791cd4e500c2?pid=SGLFHBY3WUEYE76H&lid=LSTSGLFHBY3WUEYE76HL6ZMNE&marketplace=FLIPKART&q=fastrack+sunglasses&store=26x&srno=s_1_22&otracker=AS_QueryStore_OrganicAutoSuggest_1_12_na_na_na&otracker1=AS_QueryStore_OrganicAutoSuggest_1_12_na_na_na&fm=organic&iid=85c2ca3f-af10-41fb-98aa-b41df4425deb.SGLFHBY3WUEYE76H.SEARCH&ppt=None&ppn=None&ssid=b1t91m6auo0000001745048323354&qH=6c320ddeb59e61ac,https://rukminim2.flixcart.com/image/832/832/k1v1h8w0/sunglass/7/6/h/54-p446gr3-fastrack-original-imafhc9kxwgrqdjr.jpeg?q=70&crop=false
"Fastrack UV Protection Retro Square Sunglasses (56)  (For Men & Women, Black)","₹1,499",https://www.flipkart.com/fastrack-retro-square-sunglasses/p/itmdd5bb3e98f530?pid=SGLGPHXDFGJZSV6Z&lid=LSTSGLGPHXDFGJZSV6ZY4FBV4&marketplace=FLIPKART&q=fastrack+sunglasses&store=26x&srno=s_1_21&otracker=AS_QueryStore_OrganicAutoSuggest_1_12_na_na_na&otracker1=AS_QueryStore_OrganicAutoSuggest_1_12_na_na_na&fm=organic&iid=85c2ca3f-af10-41fb-98aa-b41df4425deb.SGLGPHXDFGJZSV6Z.SEARCH&ppt=None&ppn=None&ssid=b1t91m6auo0000001745048323354&qH=6c320ddeb59e61ac,https://rukminim2.flixcart.com/image/832/832/xif0q/sunglass/z/b/x/56-m254bk5-fastrack-original-imagys4ycgmkd8vs.jpeg?q=70&crop=false
"Fastrack UV Protection Wayfarer Sunglasses (Free Size)  (For Men, Brown)",₹863,https://www.flipkart.com/fastrack-wayfarer-sunglasses/p/itmcc8e49cdbd6f8?pid=SGLES2WMQRHCY3PP&lid=LSTSGLES2WMQRHCY3PPU5BXS0&marketplace=FLIPKART&q=fastrack+sunglasses&store=26x&srno=s_1_20&otracker=AS_QueryStore_OrganicAutoSuggest_1_12_na_na_na&otracker1=AS_QueryStore_OrganicAutoSuggest_1_12_na_na_na&fm=organic&iid=85c2ca3f-af10-41fb-98aa-b41df4425deb.SGLES2WMQRHCY3PP.SEARCH&ppt=None&ppn=None&ssid=b1t91m6auo0000001745048323354&qH=6c320ddeb59e61ac,https://rukminim2.flixcart.com/image/832/832/xif0q/sunglass/w/z/n/free-size-nbp357br3-p357br3v-fastrack-original-imahamryzfwzwbrg.jpeg?q=70&crop=false
"Fastrack Gradient, UV Protection Retro Square Sunglasses (56)  (For Men & Women, Black)","₹1,795",https://www.flipkart.com/fastrack-retro-square-sunglasses/p/itm3c9eae09ed1ea?pid=SGLGUB4HFVRRGHVX&lid=LSTSGLGUB4HFVRRGHVXRNRLXV&marketplace=FLIPKART&q=fastrack+sunglasses&store=26x&srno=s_1_19&otracker=AS_QueryStore_OrganicAutoSuggest_1_12_na_na_na&otracker1=AS_QueryStore_OrganicAutoSuggest_1_12_na_na_na&fm=organic&iid=85c2ca3f-af10-41fb-98aa-b41df4425deb.SGLGUB4HFVRRGHVX.SEARCH&ppt=None&ppn=None&ssid=b1t91m6auo0000001745048323354&qH=6c320ddeb59e61ac,https://rukminim2.flixcart.com/image/832/832/xif0q/sunglass/h/i/1/m-m253gy8pv-fastrack-original-imagub4hw3ddbmd3.jpeg?q=70&crop=false
"Fastrack UV Protection Rectangular Sunglasses (59)  (For Men, Brown)",₹869,https://www.flipkart.com/fastrack-rectangular-sunglasses/p/itm8242678f2c3c0?pid=SGLFKYGHF2AMZZQE&lid=LSTSGLFKYGHF2AMZZQE3QYYKR&marketplace=FLIPKART&q=fastrack+sunglasses&store=26x&srno=s_1_18&otracker=AS_QueryStore_OrganicAutoSuggest_1_12_na_na_na&otracker1=AS_QueryStore_OrganicAutoSuggest_1_12_na_na_na&fm=organic&iid=85c2ca3f-af10-41fb-98aa-b41df4425deb.SGLFKYGHF2AMZZQE.SEARCH&ppt=None&ppn=None&ssid=b1t91m6auo0000001745048323354&qH=6c320ddeb59e61ac,https://rukminim2.flixcart.com/image/832/832/k2xmd8w0/sunglass/z/q/e/l-m243br4t-fastrack-original-imafm4hkwdgghgzm.jpeg?q=70&crop=false
"Fastrack Polarized, UV Protection Wayfarer Sunglasses (55)  (For Men & Women, Black)","₹1,295",https://www.flipkart.com/eyewearlabs-wayfarer-sunglasses/p/itm6e954ddb25269?pid=SGLGZDPU4RRFNYVQ&lid=LSTSGLGZDPU4RRFNYVQZOSIU6&marketplace=FLIPKART&q=fastrack+sunglasses&store=26x&srno=s_1_17&otracker=AS_QueryStore_OrganicAutoSuggest_1_12_na_na_na&otracker1=AS_QueryStore_OrganicAutoSuggest_1_12_na_na_na&fm=organic&iid=en_YqtGjcxY--MvlwjfTFJoTGcrFDCoKLm-Dl-5u9t_R58ALNIYUrciwjmVMb4X5bkhrZjH4W787zdhArtUZNC0tw891ypMzu4_aryI8_sihJ8%3D&ppt=None&ppn=None&ssid=b1t91m6auo0000001745048323354&qH=6c320ddeb59e61ac,https://rukminim2.flixcart.com/image/832/832/xif0q/sunglass/r/f/p/medium-elkac2myles-eyewearlabs-original-imagzdpucdm5hvbf.jpeg?q=70&crop=false
"Fastrack UV Protection Wayfarer Sunglasses (58)  (For Men, Blue)",₹869,https://www.flipkart.com/fastrack-wayfarer-sunglasses/p/itmae1e26d526927?pid=SGLFQD8YJKQGVYKF&lid=LSTSGLFQD8YJKQGVYKFKQNNCU&marketplace=FLIPKART&q=fastrack+sunglasses&store=26x&srno=s_1_16&otracker=AS_QueryStore_OrganicAutoSuggest_1_12_na_na_na&otracker1=AS_QueryStore_OrganicAutoSuggest_1_12_na_na_na&fm=organic&iid=85c2ca3f-af10-41fb-98aa-b41df4425deb.SGLFQD8YJKQGVYKF.SEARCH&ppt=None&ppn=None&ssid=b1t91m6auo0000001745048323354&qH=6c320ddeb59e61ac,https://rukminim2.flixcart.com/image/832/832/kg8avm80-0/sunglass/m/f/3/p429bu7-l-fastrack-original-imafwgdkpbfvfzth.jpeg?q=70&crop=false
"Fastrack UV Protection Aviator Sunglasses (58)  (For Men & Women, Brown)",₹929,https://www.flipkart.com/fastrack-aviator-sunglasses/p/itm31dc0ae7bd481?pid=SGLFKYGHGZU6HVNG&lid=LSTSGLFKYGHGZU6HVNGJQICUF&marketplace=FLIPKART&q=fastrack+sunglasses&store=26x&srno=s_1_15&otracker=AS_QueryStore_OrganicAutoSuggest_1_12_na_na_na&otracker1=AS_QueryStore_OrganicAutoSuggest_1_12_na_na_na&fm=organic&iid=85c2ca3f-af10-41fb-98aa-b41df4425deb.SGLFKYGHGZU6HVNG.SEARCH&ppt=None&ppn=None&ssid=b1t91m6auo0000001745048323354&qH=6c320ddeb59e61ac,https://rukminim2.flixcart.com/image/832/832/xif0q/sunglass/t/2/c/m242br1tv-l-fastrack-original-imagzws2xbp6876g.jpeg?q=70&crop=false
"Fastrack UV Protection Aviator Sunglasses (57)  (For Men & Women, Brown)",₹830,https://www.flipkart.com/fastrack-aviator-sunglasses/p/itm69a637e094a17?pid=SGLF26MSBHYZ6B37&lid=LSTSGLF26MSBHYZ6B37DBD6JY&marketplace=FLIPKART&q=fastrack+sunglasses&store=26x&srno=s_1_14&otracker=AS_QueryStore_OrganicAutoSuggest_1_12_na_na_na&otracker1=AS_QueryStore_OrganicAutoSuggest_1_12_na_na_na&fm=organic&iid=85c2ca3f-af10-41fb-98aa-b41df4425deb.SGLF26MSBHYZ6B37.SEARCH&ppt=None&ppn=None&ssid=b1t91m6auo0000001745048323354&qH=6c320ddeb59e61ac,https://rukminim2.flixcart.com/image/832/832/kplisnk0/sunglass/k/s/p/m-nbp358br1-fastrack-original-imag3sqepuzf3a74.jpeg?q=70&crop=false
"Fastrack UV Protection Round Sunglasses (52)  (For Men, Black)",₹579,https://www.flipkart.com/fastrack-round-sunglasses/p/itm68e66b4db7c72?pid=SGLFHBY3NYEK8WVC&lid=LSTSGLFHBY3NYEK8WVCNV5K9Y&marketplace=FLIPKART&q=fastrack+sunglasses&store=26x&srno=s_1_13&otracker=AS_QueryStore_OrganicAutoSuggest_1_12_na_na_na&otracker1=AS_QueryStore_OrganicAutoSuggest_1_12_na_na_na&fm=organic&iid=85c2ca3f-af10-41fb-98aa-b41df4425deb.SGLFHBY3NYEK8WVC.SEARCH&ppt=None&ppn=None&ssid=b1t91m6auo0000001745048323354&qH=6c320ddeb59e61ac,https://rukminim2.flixcart.com/image/832/832/k1v1h8w0/sunglass/w/v/c/52-p444bk3-fastrack-original-imafhc9kuxzu6trs.jpeg?q=70&crop=false
"Fastrack by Lenskart Polarized, UV Protection Wayfarer Sunglasses (Free Size)  (For Men & Women, Grey)",₹529,https://www.flipkart.com/vincent-chase-lenskart-wayfarer-sunglasses/p/itme29372d05036b?pid=SGLFU52GNK9NX7SS&lid=LSTSGLFU52GNK9NX7SS6EFZFE&marketplace=FLIPKART&q=fastrack+sunglasses&store=26x&srno=s_1_12&otracker=AS_QueryStore_OrganicAutoSuggest_1_12_na_na_na&otracker1=AS_QueryStore_OrganicAutoSuggest_1_12_na_na_na&fm=organic&iid=en_YqtGjcxY--MvlwjfTFJoTGcrFDCoKLm-Dl-5u9t_R58067XWKIgvjDxzbvIETfr4B8NE645tXiJHRNH_mm20Ug%3D%3D&ppt=None&ppn=None&ssid=b1t91m6auo0000001745048323354&qH=6c320ddeb59e61ac,https://rukminim2.flixcart.com/image/832/832/xif0q/sunglass/o/z/8/this-product-is-sold-as-free-size-by-the-brand-131315-vincent-original-imahyqamcxy3pmjg.jpeg?q=70&crop=false
"Fastrack Polarized, UV Protection, Others Wayfarer Sunglasses (73)  (For Men & Women, Black)","₹1,509",https://www.flipkart.com/eyewearlabs-wayfarer-sunglasses/p/itmee1f7b2bea61d?pid=SGLGV8FZZAFCFEVT&lid=LSTSGLGV8FZZAFCFEVTFOGRAH&marketplace=FLIPKART&q=fastrack+sunglasses&store=26x&srno=s_1_11&otracker=AS_QueryStore_OrganicAutoSuggest_1_12_na_na_na&otracker1=AS_QueryStore_OrganicAutoSuggest_1_12_na_na_na&fm=organic&iid=en_YqtGjcxY--MvlwjfTFJoTGcrFDCoKLm-Dl-5u9t_R5_vNhBWZkWh5SZiQ2uL9_yNYhwySeTiKpFFgOQ0J5s7kA%3D%3D&ppt=None&ppn=None&ssid=b1t91m6auo0000001745048323354&qH=6c320ddeb59e61ac,
"Fastrack UV Protection Aviator Sunglasses (58)  (For Men & Women, Green)",₹939,https://www.flipkart.com/fastrack-aviator-sunglasses/p/itm047bd71f167bb?pid=SGLFKYGHKP4BXEMH&lid=LSTSGLFKYGHKP4BXEMHEM9FJD&marketplace=FLIPKART&q=fastrack+sunglasses&store=26x&spotlightTagId=default_BestsellerId_26x&srno=s_1_10&otracker=AS_QueryStore_OrganicAutoSuggest_1_12_na_na_na&otracker1=AS_QueryStore_OrganicAutoSuggest_1_12_na_na_na&fm=organic&iid=85c2ca3f-af10-41fb-98aa-b41df4425deb.SGLFKYGHKP4BXEMH.SEARCH&ppt=None&ppn=None&ssid=b1t91m6auo0000001745048323354&qH=6c320ddeb59e61ac,https://rukminim2.flixcart.com/image/832/832/k1i6ikw0/sunglass/e/m/h/l-m242gr4t-fastrack-original-imafh268xhfd4zna.jpeg?q=70&crop=false
"Fastrack UV Protection Wayfarer Sunglasses (Free Size)  (For Men & Women, Black)",₹890,https://www.flipkart.com/fastrack-wayfarer-sunglasses/p/itmf3yhagpqcsmsy?pid=SGLEY4UMZU2B7HEU&lid=LSTSGLEY4UMZU2B7HEUCI6I7K&marketplace=FLIPKART&q=fastrack+sunglasses&store=26x&srno=s_1_9&otracker=AS_QueryStore_OrganicAutoSuggest_1_12_na_na_na&otracker1=AS_QueryStore_OrganicAutoSuggest_1_12_na_na_na&fm=organic&iid=85c2ca3f-af10-41fb-98aa-b41df4425deb.SGLEY4UMZU2B7HEU.SEARCH&ppt=None&ppn=None&ssid=b1t91m6auo0000001745048323354&qH=6c320ddeb59e61ac,https://rukminim2.flixcart.com/image/832/832/xif0q/sunglass/1/1/x/small-nbp357bk1-fastrack-original-imah3mvry7kxgpfx.jpeg?q=70&crop=false
"Fastrack UV Protection Wayfarer Sunglasses (Free Size)  (For Men, Grey)",₹509,https://www.flipkart.com/fastrack-wayfarer-sunglasses/p/itm86ea087ff83c9?pid=SGLF79DQNHPY9N6U&lid=LSTSGLF79DQNHPY9N6UQMQHJK&marketplace=FLIPKART&q=fastrack+sunglasses&store=26x&spotlightTagId=default_FkPickId_26x&srno=s_1_8&otracker=AS_QueryStore_OrganicAutoSuggest_1_12_na_na_na&otracker1=AS_QueryStore_OrganicAutoSuggest_1_12_na_na_na&fm=organic&iid=85c2ca3f-af10-41fb-98aa-b41df4425deb.SGLF79DQNHPY9N6U.SEARCH&ppt=None&ppn=None&ssid=b1t91m6auo0000001745048323354&qH=6c320ddeb59e61ac,https://rukminim2.flixcart.com/image/832/832/kf1fo280-0/sunglass/g/r/8/p428bk1-one-size-fits-all-fastrack-original-imafvh29ra8pjn4q.jpeg?q=70&crop=false
"Fastrack UV Protection Aviator Sunglasses (58)  (For Men & Women, Grey)",₹829,https://www.flipkart.com/fastrack-aviator-sunglasses/p/itme329e717c3c42?pid=SGLFKYGHRDPNJGGG&lid=LSTSGLFKYGHRDPNJGGGM7DHUP&marketplace=FLIPKART&q=fastrack+sunglasses&store=26x&srno=s_1_7&otracker=AS_QueryStore_OrganicAutoSuggest_1_12_na_na_na&otracker1=AS_QueryStore_OrganicAutoSuggest_1_12_na_na_na&fm=organic&iid=85c2ca3f-af10-41fb-98aa-b41df4425deb.SGLFKYGHRDPNJGGG.SEARCH&ppt=None&ppn=None&ssid=b1t91m6auo0000001745048323354&qH=6c320ddeb59e61ac,https://rukminim2.flixcart.com/image/832/832/k0zlsi80/sunglass/g/g/g/l-m242bk2t-fastrack-original-imafkz5mzkkdhv72.jpeg?q=70&crop=false
"Fastrack by Lenskart Polarized, UV Protection Retro Square Sunglasses (57)  (For Men & Women, Green)",₹709,https://www.flipkart.com/vincent-chase-lenskart-retro-square-sunglasses/p/itmb5f58c7d01e82?pid=SGLGFYDUHNXNHUFC&lid=LSTSGLGFYDUHNXNHUFCWCURFA&marketplace=FLIPKART&q=fastrack+sunglasses&store=26x&srno=s_1_6&otracker=AS_QueryStore_OrganicAutoSuggest_1_12_na_na_na&otracker1=AS_QueryStore_OrganicAutoSuggest_1_12_na_na_na&fm=organic&iid=en_YqtGjcxY--MvlwjfTFJoTGcrFDCoKLm-Dl-5u9t_R58o9Me2viiDriFMdZvjYxQVo2yduuVZPqa5FNRcJCTnFA%3D%3D&ppt=None&ppn=None&ssid=b1t91m6auo0000001745048323354&qH=6c320ddeb59e61ac,https://rukminim2.flixcart.com/image/832/832/xif0q/sunglass/h/r/t/57-vc-s13830-vincent-chase-original-imahyq7jygnj5qym.jpeg?q=70&crop=false
"Fastrack UV Protection Wayfarer Sunglasses (Free Size)  (For Men, Grey)",₹529,https://www.flipkart.com/fastrack-wayfarer-sunglasses/p/itm325d0677baea3?pid=SGLES2WMQBQ2GFHT&lid=LSTSGLES2WMQBQ2GFHT4ISIVE&marketplace=FLIPKART&q=fastrack+sunglasses&store=26x&srno=s_1_5&otracker=AS_QueryStore_OrganicAutoSuggest_1_12_na_na_na&otracker1=AS_QueryStore_OrganicAutoSuggest_1_12_na_na_na&fm=organic&iid=85c2ca3f-af10-41fb-98aa-b41df4425deb.SGLES2WMQBQ2GFHT.SEARCH&ppt=None&ppn=None&ssid=b1t91m6auo0000001745048323354&qH=6c320ddeb59e61ac,https://rukminim2.flixcart.com/image/832/832/xif0q/sunglass/g/s/j/free-size-p357bk2v-fastrack-original-imahamry5rsw5asc.jpeg?q=70&crop=false
"Fastrack UV Protection Rectangular Sunglasses (Free Size)  (For Men, Green)",₹459,https://www.flipkart.com/fastrack-rectangular-sunglasses/p/itm3c6e13efc17e0?pid=SGLES2WMF6CH5GYF&lid=LSTSGLES2WMF6CH5GYFDHPNOE&marketplace=FLIPKART&q=fastrack+sunglasses&store=26x&spotlightTagId=default_BestsellerId_26x&srno=s_1_4&otracker=AS_QueryStore_OrganicAutoSuggest_1_12_na_na_na&otracker1=AS_QueryStore_OrganicAutoSuggest_1_12_na_na_na&fm=search-autosuggest&iid=85c2ca3f-af10-41fb-98aa-b41df4425deb.SGLES2WMF6CH5GYF.SEARCH&ppt=sp&ppn=sp&ssid=b1t91m6auo0000001745048323354&qH=6c320ddeb59e61ac,https://rukminim2.flixcart.com/image/832/832/xif0q/sunglass/m/o/b/-original-imah79tkafzedf4q.jpeg?q=70&crop=false
"Fastrack Gradient, UV Protection Retro Square Sunglasses (56)  (For Men, Green)",₹579,https://www.flipkart.com/fastrack-retro-square-sunglasses/p/itm2d3730b4b7d31?pid=SGLFG94CQZ4AYS2F&lid=LSTSGLFG94CQZ4AYS2FQMJAV7&marketplace=FLIPKART&q=fastrack+sunglasses&store=26x&spotlightTagId=default_BestsellerId_26x&srno=s_1_3&otracker=AS_QueryStore_OrganicAutoSuggest_1_12_na_na_na&otracker1=AS_QueryStore_OrganicAutoSuggest_1_12_na_na_na&fm=search-autosuggest&iid=85c2ca3f-af10-41fb-98aa-b41df4425deb.SGLFG94CQZ4AYS2F.SEARCH&ppt=sp&ppn=sp&ssid=b1t91m6auo0000001745048323354&qH=6c320ddeb59e61ac,https://rukminim2.flixcart.com/image/832/832/k0jvy4w0/sunglass/s/2/f/m-p449gr1t-fastrack-original-imafkbezmkfchuzb.jpeg?q=70&crop=false
"Fastrack by Lenskart Polarized, UV Protection Wayfarer Sunglasses (54)  (For Men & Women, Green)",₹529,https://www.flipkart.com/vincent-chase-lenskart-wayfarer-sunglasses/p/itmf1a35fa830d0f?pid=SGLFZSZSEKTPZFJH&lid=LSTSGLFZSZSEKTPZFJHQIBA6G&marketplace=FLIPKART&q=fastrack+sunglasses&store=26x&srno=s_1_2&otracker=AS_QueryStore_OrganicAutoSuggest_1_12_na_na_na&otracker1=AS_QueryStore_OrganicAutoSuggest_1_12_na_na_na&fm=organic&iid=en_YqtGjcxY--MvlwjfTFJoTGcrFDCoKLm-Dl-5u9t_R595qLBQNahUTOHCquySDZxcA7wFgMKaHhM3smYkqdtOgA%3D%3D&ppt=None&ppn=None&ssid=b1t91m6auo0000001745048323354&qH=6c320ddeb59e61ac,https://rukminim2.flixcart.com/image/832/832/xif0q/sunglass/l/a/w/54-138628-vincent-chase-original-imahyvspscfehren.jpeg?q=70&crop=false
"Fastrack by Lenskart Polarized, UV Protection Aviator Sunglasses (57)  (For Men & Women, Grey)",₹729,https://www.flipkart.com/vincent-chase-lenskart-aviator-sunglasses/p/itmebd9c68c82e2f?pid=SGLGFYDUUTWDRZFB&lid=LSTSGLGFYDUUTWDRZFBY2WCNH&marketplace=FLIPKART&q=fastrack+sunglasses&store=26x&srno=s_1_1&otracker=AS_QueryStore_OrganicAutoSuggest_1_12_na_na_na&otracker1=AS_QueryStore_OrganicAutoSuggest_1_12_na_na_na&fm=organic&iid=en_YqtGjcxY--MvlwjfTFJoTGcrFDCoKLm-Dl-5u9t_R5_dfl6-7Dzx9Qw9WVYRpNAhjd2JTuy41M7X2cgM9qs5-g%3D%3D&ppt=None&ppn=None&ssid=b1t91m6auo0000001745048323354&qH=6c320ddeb59e61ac,https://rukminim2.flixcart.com/image/832/832/xif0q/sunglass/a/o/s/57-vc-s13835-vincent-chase-original-imahyrrsgfme4vwt.jpeg?q=70&crop=false
"Fastrack UV Protection Wrap-around Sunglasses (Free Size)  (For Men & Women, Green)","₹1,710",https://www.flipkart.com/fastrack-wrap-around-sunglasses/p/itmf3ykhg9ghryrk?pid=SGLF4QZWHQQHG2UW&lid=LSTSGLF4QZWHQQHG2UWNVV0UU&marketplace=FLIPKART&q=fastrack+sunglasses&store=26x&srno=s_2_80&otracker=AS_QueryStore_OrganicAutoSuggest_1_12_na_na_na&otracker1=AS_QueryStore_OrganicAutoSuggest_1_12_na_na_na&fm=organic&iid=15441784-155a-4274-b4fc-2f3854cb2196.SGLF4QZWHQQHG2UW.SEARCH&ppt=None&ppn=None&ssid=vsi8sox03k0000001745052710773&qH=6c320ddeb59e61ac,https://rukminim2.flixcart.com/image/832/832/jle1qq80/sunglass/2/u/w/p089gr5p-free-size-fastrack-original-imaf8jfjepwdqzm5.jpeg?q=70&crop=false
"Fastrack UV Protection Retro Square Sunglasses (58)  (For Men & Women, Black)","₹1,499",https://www.flipkart.com/fastrack-retro-square-sunglasses/p/itm79f78e566c081?pid=SGLGMYK854KJAZ7Z&lid=LSTSGLGMYK854KJAZ7ZR5RPWW&marketplace=FLIPKART&q=fastrack+sunglasses&store=26x&srno=s_2_79&otracker=AS_QueryStore_OrganicAutoSuggest_1_12_na_na_na&otracker1=AS_QueryStore_OrganicAutoSuggest_1_12_na_na_na&fm=organic&iid=15441784-155a-4274-b4fc-2f3854cb2196.SGLGMYK854KJAZ7Z.SEARCH&ppt=None&ppn=None&ssid=vsi8sox03k0000001745052710773&qH=6c320ddeb59e61ac,https://rukminim2.flixcart.com/image/832/832/xif0q/sunglass/g/i/n/58-p467bk5-fastrack-original-imagmyk8putfwuxn.jpeg?q=70&crop=false
"Fastrack Polarized, UV Protection Aviator Sunglasses (54)  (For Men & Women, Grey)","₹1,916",https://www.flipkart.com/fastrack-aviator-sunglasses/p/itmf0a56fa388647?pid=SGLH4ME3DPVRVQ3K&lid=LSTSGLH4ME3DPVRVQ3KZLLUXH&marketplace=FLIPKART&q=fastrack+sunglasses&store=26x&srno=s_2_78&otracker=AS_QueryStore_OrganicAutoSuggest_1_12_na_na_na&otracker1=AS_QueryStore_OrganicAutoSuggest_1_12_na_na_na&fm=organic&iid=15441784-155a-4274-b4fc-2f3854cb2196.SGLH4ME3DPVRVQ3K.SEARCH&ppt=None&ppn=None&ssid=vsi8sox03k0000001745052710773&qH=6c320ddeb59e61ac,https://rukminim2.flixcart.com/image/832/832/xif0q/sunglass/d/b/i/large-size-ntc-m277gy2pv-fastrack-original-imah4me3hjgzxwga.jpeg?q=70&crop=false
"Fastrack UV Protection Aviator Sunglasses (57)  (For Men & Women, Grey)","₹2,799",https://www.flipkart.com/fastrack-aviator-sunglasses/p/itmf4ky4zxxyczb9?pid=SGLFMUS2ZJJPDVHV&lid=LSTSGLFMUS2ZJJPDVHVKRGIEN&marketplace=FLIPKART&q=fastrack+sunglasses&store=26x&srno=s_2_77&otracker=AS_QueryStore_OrganicAutoSuggest_1_12_na_na_na&otracker1=AS_QueryStore_OrganicAutoSuggest_1_12_na_na_na&fm=organic&iid=15441784-155a-4274-b4fc-2f3854cb2196.SGLFMUS2ZJJPDVHV.SEARCH&ppt=None&ppn=None&ssid=vsi8sox03k0000001745052710773&qH=6c320ddeb59e61ac,https://rukminim2.flixcart.com/image/832/832/k4ehnrk0/sunglass/v/h/v/medium-m165gy20g-fastrack-original-imafnbqh86hwbzr8.jpeg?q=70&crop=false
"Fastrack UV Protection Wayfarer Sunglasses (53)  (For Men & Women, Black)","₹1,989",https://www.flipkart.com/fastrack-wayfarer-sunglasses/p/itmf3ykpk3dvfxcg?pid=SGLHFBQ2CCUWGYSM&lid=LSTSGLHFBQ2CCUWGYSMRNWF2L&marketplace=FLIPKART&q=fastrack+sunglasses&store=26x&srno=s_2_76&otracker=AS_QueryStore_OrganicAutoSuggest_1_12_na_na_na&otracker1=AS_QueryStore_OrganicAutoSuggest_1_12_na_na_na&fm=organic&iid=15441784-155a-4274-b4fc-2f3854cb2196.SGLHFBQ2CCUWGYSM.SEARCH&ppt=None&ppn=None&ssid=vsi8sox03k0000001745052710773&qH=6c320ddeb59e61ac,https://rukminim2.flixcart.com/image/832/832/xif0q/sunglass/3/4/8/53-p365gr2-fastrack-original-imahfbq2qananqhm.jpeg?q=70&crop=false
"Fastrack Gradient Aviator Sunglasses (Free Size)  (For Men, Black)","₹2,099",https://www.flipkart.com/fastrack-aviator-sunglasses/p/itmd1ad18fbdf4fe?pid=SGLF7VNYFBHA6BQU&lid=LSTSGLF7VNYFBHA6BQUXXXCHJ&marketplace=FLIPKART&q=fastrack+sunglasses&store=26x&srno=s_2_75&otracker=AS_QueryStore_OrganicAutoSuggest_1_12_na_na_na&otracker1=AS_QueryStore_OrganicAutoSuggest_1_12_na_na_na&fm=organic&iid=15441784-155a-4274-b4fc-2f3854cb2196.SGLF7VNYFBHA6BQU.SEARCH&ppt=None&ppn=None&ssid=vsi8sox03k0000001745052710773&qH=6c320ddeb59e61ac,https://rukminim2.flixcart.com/image/832/832/xif0q/sunglass/k/3/b/58-m198bk4v-fastrack-original-imahamryzw8drn65.jpeg?q=70&crop=false
"Fastrack Gradient Aviator Sunglasses (Free Size)  (For Men, Blue)","₹2,310",https://www.flipkart.com/fastrack-aviator-sunglasses/p/itmfaxmj8myurwdp?pid=SGLFAXH2ZKZZWU2Y&lid=LSTSGLFAXH2ZKZZWU2Y0CN4NQ&marketplace=FLIPKART&q=fastrack+sunglasses&store=26x&srno=s_2_74&otracker=AS_QueryStore_OrganicAutoSuggest_1_12_na_na_na&otracker1=AS_QueryStore_OrganicAutoSuggest_1_12_na_na_na&fm=organic&iid=15441784-155a-4274-b4fc-2f3854cb2196.SGLFAXH2ZKZZWU2Y.SEARCH&ppt=None&ppn=None&ssid=vsi8sox03k0000001745052710773&qH=6c320ddeb59e61ac,https://rukminim2.flixcart.com/image/832/832/xif0q/sunglass/8/p/v/m-nbm165br10-fastrack-original-imah52eun8b4agey.jpeg?q=70&crop=false
"Fastrack Polarized Aviator Sunglasses (64)  (For Men, Green)","₹2,910",https://www.flipkart.com/fastrack-aviator-sunglasses/p/itmebd2cbfbd8711?pid=SGLFEH2UHZRTJFKE&lid=LSTSGLFEH2UHZRTJFKEJROWX3&marketplace=FLIPKART&q=fastrack+sunglasses&store=26x&srno=s_2_73&otracker=AS_QueryStore_OrganicAutoSuggest_1_12_na_na_na&otracker1=AS_QueryStore_OrganicAutoSuggest_1_12_na_na_na&fm=organic&iid=15441784-155a-4274-b4fc-2f3854cb2196.SGLFEH2UHZRTJFKE.SEARCH&ppt=None&ppn=None&ssid=vsi8sox03k0000001745052710773&qH=6c320ddeb59e61ac,https://rukminim2.flixcart.com/image/832/832/kuczmvk0/sunglass/y/o/c/m050gr3v-64-fastrack-original-imag7hsrbn4c8f6z.jpeg?q=70&crop=false
"Fastrack UV Protection Aviator Sunglasses (58)  (For Men, Black)","₹2,033",https://www.flipkart.com/fastrack-aviator-sunglasses/p/itmf7vnfbzrhpgwp?pid=SGLF7VNYERZDHMFG&lid=LSTSGLF7VNYERZDHMFG1F8RDY&marketplace=FLIPKART&q=fastrack+sunglasses&store=26x&srno=s_2_72&otracker=AS_QueryStore_OrganicAutoSuggest_1_12_na_na_na&otracker1=AS_QueryStore_OrganicAutoSuggest_1_12_na_na_na&fm=organic&iid=15441784-155a-4274-b4fc-2f3854cb2196.SGLF7VNYERZDHMFG.SEARCH&ppt=None&ppn=None&ssid=vsi8sox03k0000001745052710773&qH=6c320ddeb59e61ac,https://rukminim2.flixcart.com/image/832/832/xif0q/sunglass/r/o/o/58-m198sl5-fastrack-original-imahamryxyddn6jf.jpeg?q=70&crop=false
"Fastrack UV Protection Wrap-around, Rectangular Sunglasses (63)  (For Men & Women, Green)","₹2,700",https://www.flipkart.com/fastrack-wrap-around-rectangular-sunglasses/p/itmfgdgfgmvtebvh?pid=SGLFP5TYFDANZKKC&lid=LSTSGLFP5TYFDANZKKCYHUQK2&marketplace=FLIPKART&q=fastrack+sunglasses&store=26x&srno=s_2_71&otracker=AS_QueryStore_OrganicAutoSuggest_1_12_na_na_na&otracker1=AS_QueryStore_OrganicAutoSuggest_1_12_na_na_na&fm=organic&iid=15441784-155a-4274-b4fc-2f3854cb2196.SGLFP5TYFDANZKKC.SEARCH&ppt=None&ppn=None&ssid=vsi8sox03k0000001745052710773&qH=6c320ddeb59e61ac,https://rukminim2.flixcart.com/image/832/832/k6s82vk0/sunglass/k/k/c/63-nbm080gr2-fastrack-original-imafp5whjfyhv2j6.jpeg?q=70&crop=false
"Fastrack UV Protection Retro Square, Wayfarer Sunglasses (50)  (For Men & Women, Brown)","₹1,439",https://www.flipkart.com/fastrack-retro-square-wayfarer-sunglasses/p/itm5ef4285cf8c2b?pid=SGLGTCKX95CKEXUS&lid=LSTSGLGTCKX95CKEXUSAURKCN&marketplace=FLIPKART&q=fastrack+sunglasses&store=26x&srno=s_2_70&otracker=AS_QueryStore_OrganicAutoSuggest_1_12_na_na_na&otracker1=AS_QueryStore_OrganicAutoSuggest_1_12_na_na_na&fm=organic&iid=15441784-155a-4274-b4fc-2f3854cb2196.SGLGTCKX95CKEXUS.SEARCH&ppt=None&ppn=None&ssid=vsi8sox03k0000001745052710773&qH=6c320ddeb59e61ac,https://rukminim2.flixcart.com/image/832/832/xif0q/sunglass/1/8/7/50-p467br2-fastrack-original-imagtckxzdcavsfh.jpeg?q=70&crop=false
"Fastrack Gradient, UV Protection Rectangular Sunglasses (60)  (For Men & Women, Blue)","₹2,230",https://www.flipkart.com/fastrack-rectangular-sunglasses/p/itmf3yh2zz9kgzws?pid=SGLDNGSBKZHDC6ZZ&lid=LSTSGLDNGSBKZHDC6ZZMTVIWO&marketplace=FLIPKART&q=fastrack+sunglasses&store=26x&srno=s_2_69&otracker=AS_QueryStore_OrganicAutoSuggest_1_12_na_na_na&otracker1=AS_QueryStore_OrganicAutoSuggest_1_12_na_na_na&fm=organic&iid=15441784-155a-4274-b4fc-2f3854cb2196.SGLDNGSBKZHDC6ZZ.SEARCH&ppt=None&ppn=None&ssid=vsi8sox03k0000001745052710773&qH=6c320ddeb59e61ac,https://rukminim2.flixcart.com/image/832/832/xif0q/sunglass/h/k/1/free-size-nbm032bk2-fastrack-original-imahyn4yasbxq6cp.jpeg?q=70&crop=false
"Fastrack Polarized Rectangular Sunglasses (56)  (For Men & Women, Green)","₹1,999",https://www.flipkart.com/fastrack-rectangular-sunglasses/p/itm0b8e89c5fa85f?pid=SGLH4QZMWYP2ZFGA&lid=LSTSGLH4QZMWYP2ZFGAQDTEQX&marketplace=FLIPKART&q=fastrack+sunglasses&store=26x&srno=s_2_68&otracker=AS_QueryStore_OrganicAutoSuggest_1_12_na_na_na&otracker1=AS_QueryStore_OrganicAutoSuggest_1_12_na_na_na&fm=organic&iid=15441784-155a-4274-b4fc-2f3854cb2196.SGLH4QZMWYP2ZFGA.SEARCH&ppt=None&ppn=None&ssid=vsi8sox03k0000001745052710773&qH=6c320ddeb59e61ac,https://rukminim2.flixcart.com/image/832/832/xif0q/sunglass/6/p/m/56-m278gr1p-fastrack-original-imah4qzmt8fygwtf.jpeg?q=70&crop=false
"Fastrack UV Protection Cat-eye Sunglasses (Free Size)  (For Men, Brown)","₹1,080",https://www.flipkart.com/fastrack-cat-eye-sunglasses/p/itm01a4c64ca7e7a?pid=SGLEXGFW2TZESSXW&lid=LSTSGLEXGFW2TZESSXWPICXBG&marketplace=FLIPKART&q=fastrack+sunglasses&store=26x&srno=s_2_67&otracker=AS_QueryStore_OrganicAutoSuggest_1_12_na_na_na&otracker1=AS_QueryStore_OrganicAutoSuggest_1_12_na_na_na&fm=organic&iid=15441784-155a-4274-b4fc-2f3854cb2196.SGLEXGFW2TZESSXW.SEARCH&ppt=None&ppn=None&ssid=vsi8sox03k0000001745052710773&qH=6c320ddeb59e61ac,https://rukminim2.flixcart.com/image/832/832/xif0q/sunglass/y/p/6/one-size-fits-all-p381br1fv-fastrack-original-imahamry26wyfeja.jpeg?q=70&crop=false
"Fastrack UV Protection Wrap-around Sunglasses (Free Size)  (For Men & Women, Black)","₹2,149",https://www.flipkart.com/fastrack-wrap-around-sunglasses/p/itmf3yhe94e7vdmy?pid=SGLF3R2AHJQAVKW9&lid=LSTSGLF3R2AHJQAVKW9CYZVSV&marketplace=FLIPKART&q=fastrack+sunglasses&store=26x&srno=s_2_66&otracker=AS_QueryStore_OrganicAutoSuggest_1_12_na_na_na&otracker1=AS_QueryStore_OrganicAutoSuggest_1_12_na_na_na&fm=organic&iid=15441784-155a-4274-b4fc-2f3854cb2196.SGLF3R2AHJQAVKW9.SEARCH&ppt=None&ppn=None&ssid=vsi8sox03k0000001745052710773&qH=6c320ddeb59e61ac,https://rukminim2.flixcart.com/image/832/832/jkebqfk0/sunglass/k/w/9/p314gr2p-free-fastrack-original-imaf7r8gaanpetxf.jpeg?q=70&crop=false
"Fastrack UV Protection Wrap-around Sunglasses (60)  (For Men, Green)","₹1,188",https://www.flipkart.com/fastrack-wrap-around-sunglasses/p/itm835a1feb26879?pid=SGLFVNKEHYGSP7BN&lid=LSTSGLFVNKEHYGSP7BNPUOC3A&marketplace=FLIPKART&q=fastrack+sunglasses&store=26x&srno=s_2_65&otracker=AS_QueryStore_OrganicAutoSuggest_1_12_na_na_na&otracker1=AS_QueryStore_OrganicAutoSuggest_1_12_na_na_na&fm=organic&iid=15441784-155a-4274-b4fc-2f3854cb2196.SGLFVNKEHYGSP7BN.SEARCH&ppt=None&ppn=None&ssid=vsi8sox03k0000001745052710773&qH=6c320ddeb59e61ac,https://rukminim2.flixcart.com/image/832/832/kf4ajrk0-0/sunglass/g/r/j/new-wraparound-sunglass-large-fastrack-original-imafvnke7pzxzzny.jpeg?q=70&crop=false
"Fastrack Mirrored Aviator Sunglasses (59)  (For Men & Women, Green)","₹2,349",https://www.flipkart.com/fastrack-aviator-sunglasses/p/itm36ea9a70445e3?pid=SGLG322QFNTMQJDX&lid=LSTSGLG322QFNTMQJDXONYGNP&marketplace=FLIPKART&q=fastrack+sunglasses&store=26x&srno=s_2_64&otracker=AS_QueryStore_OrganicAutoSuggest_1_12_na_na_na&otracker1=AS_QueryStore_OrganicAutoSuggest_1_12_na_na_na&fm=organic&iid=15441784-155a-4274-b4fc-2f3854cb2196.SGLG322QFNTMQJDX.SEARCH&ppt=None&ppn=None&ssid=vsi8sox03k0000001745052710773&qH=6c320ddeb59e61ac,https://rukminim2.flixcart.com/image/832/832/kon887k0/sunglass/y/v/a/59-fast-m138gr5p-fastrack-original-imag322pgyv44kv6.jpeg?q=70&crop=false
"Fastrack Gradient, UV Protection Rectangular Sunglasses (58)  (For Men & Women, Grey)","₹2,050",https://www.flipkart.com/fastrack-rectangular-sunglasses/p/itmfe7jy3kgzsnch?pid=SGLG4ZSVYNRMZH7H&lid=LSTSGLG4ZSVYNRMZH7HU3REVX&marketplace=FLIPKART&q=fastrack+sunglasses&store=26x&srno=s_2_63&otracker=AS_QueryStore_OrganicAutoSuggest_1_12_na_na_na&otracker1=AS_QueryStore_OrganicAutoSuggest_1_12_na_na_na&fm=organic&iid=15441784-155a-4274-b4fc-2f3854cb2196.SGLG4ZSVYNRMZH7H.SEARCH&ppt=None&ppn=None&ssid=vsi8sox03k0000001745052710773&qH=6c320ddeb59e61ac,https://rukminim2.flixcart.com/image/832/832/kqqykcw0/sunglass/g/i/3/m197bk4-58-fastrack-original-imag4zsv3pthq3g8.jpeg?q=70&crop=false
"Fastrack UV Protection Aviator Sunglasses (Free Size)  (For Men & Women, Blue)","₹2,120",https://www.flipkart.com/fastrack-aviator-sunglasses/p/itmf3yhbzttjyy2q?pid=SGLF3GF7TPF89BFC&lid=LSTSGLF3GF7TPF89BFCR9SSQE&marketplace=FLIPKART&q=fastrack+sunglasses&store=26x&srno=s_2_62&otracker=AS_QueryStore_OrganicAutoSuggest_1_12_na_na_na&otracker1=AS_QueryStore_OrganicAutoSuggest_1_12_na_na_na&fm=organic&iid=15441784-155a-4274-b4fc-2f3854cb2196.SGLF3GF7TPF89BFC.SEARCH&ppt=None&ppn=None&ssid=vsi8sox03k0000001745052710773&qH=6c320ddeb59e61ac,https://rukminim2.flixcart.com/image/832/832/xif0q/sunglass/l/q/7/free-m171bk1-fastrack-original-imah4n8mspnscnbc.jpeg?q=70&crop=false
"Fastrack Gradient, UV Protection Aviator Sunglasses (58)  (For Men & Women, Grey)","₹1,498",https://www.flipkart.com/fastrack-aviator-sunglasses/p/itm65580daae0a54?pid=SGLGYBSZYED5QGBY&lid=LSTSGLGYBSZYED5QGBYKQMRUN&marketplace=FLIPKART&q=fastrack+sunglasses&store=26x&srno=s_2_61&otracker=AS_QueryStore_OrganicAutoSuggest_1_12_na_na_na&otracker1=AS_QueryStore_OrganicAutoSuggest_1_12_na_na_na&fm=organic&iid=15441784-155a-4274-b4fc-2f3854cb2196.SGLGYBSZYED5QGBY.SEARCH&ppt=None&ppn=None&ssid=vsi8sox03k0000001745052710773&qH=6c320ddeb59e61ac,https://rukminim2.flixcart.com/image/832/832/xif0q/sunglass/r/t/8/57-m258gr5v-fastrack-original-imagybszvhzjyjxz.jpeg?q=70&crop=false
"Fastrack Gradient Round Sunglasses (Free Size)  (For Men & Women, Green)","₹1,455",https://www.flipkart.com/fastrack-round-sunglasses/p/itm032c02e603229?pid=SGLGQJHDBBZFSEZG&lid=LSTSGLGQJHDBBZFSEZGESEELL&marketplace=FLIPKART&q=fastrack+sunglasses&store=26x&srno=s_2_60&otracker=AS_QueryStore_OrganicAutoSuggest_1_12_na_na_na&otracker1=AS_QueryStore_OrganicAutoSuggest_1_12_na_na_na&fm=organic&iid=15441784-155a-4274-b4fc-2f3854cb2196.SGLGQJHDBBZFSEZG.SEARCH&ppt=None&ppn=None&ssid=vsi8sox03k0000001745052710773&qH=6c320ddeb59e61ac,https://rukminim2.flixcart.com/image/832/832/xif0q/sunglass/o/9/c/m257gr6v-free-fastrack-original-imagqjhdmrg7xhu7.jpeg?q=70&crop=false
"Fastrack Gradient, UV Protection Aviator Sunglasses (59)  (For Men & Women, Green)","₹2,950",https://www.flipkart.com/fastrack-aviator-sunglasses/p/itmfb7427286e3f1?pid=SGLGR6WBBXWAGGBW&lid=LSTSGLGR6WBBXWAGGBW57QU1T&marketplace=FLIPKART&q=fastrack+sunglasses&store=26x&srno=s_2_59&otracker=AS_QueryStore_OrganicAutoSuggest_1_12_na_na_na&otracker1=AS_QueryStore_OrganicAutoSuggest_1_12_na_na_na&fm=organic&iid=15441784-155a-4274-b4fc-2f3854cb2196.SGLGR6WBBXWAGGBW.SEARCH&ppt=None&ppn=None&ssid=vsi8sox03k0000001745052710773&qH=6c320ddeb59e61ac,https://rukminim2.flixcart.com/image/832/832/xif0q/sunglass/p/o/s/m226gr4gv-59-fastrack-original-imagr6wbh7qddzfh.jpeg?q=70&crop=false
"Fastrack Gradient Aviator Sunglasses (58)  (For Men & Women, Grey)","₹1,440",https://www.flipkart.com/fastrack-aviator-sunglasses/p/itmccc2ca99a474e?pid=SGLGVYSXTBG6AJ98&lid=LSTSGLGVYSXTBG6AJ98LIFFFR&marketplace=FLIPKART&q=fastrack+sunglasses&store=26x&srno=s_2_58&otracker=AS_QueryStore_OrganicAutoSuggest_1_12_na_na_na&otracker1=AS_QueryStore_OrganicAutoSuggest_1_12_na_na_na&fm=organic&iid=15441784-155a-4274-b4fc-2f3854cb2196.SGLGVYSXTBG6AJ98.SEARCH&ppt=None&ppn=None&ssid=vsi8sox03k0000001745052710773&qH=6c320ddeb59e61ac,https://rukminim2.flixcart.com/image/832/832/xif0q/sunglass/7/j/z/58-nbm258bk2-fastrack-original-imagvysx8gmuagcs.jpeg?q=70&crop=false
"Fastrack Gradient Retro Square, Wayfarer Sunglasses (50)  (For Men & Women, Black)","₹1,440",https://www.flipkart.com/fastrack-retro-square-wayfarer-sunglasses/p/itm20602ae4dbaf4?pid=SGLGTCH5RMX9ZSPF&lid=LSTSGLGTCH5RMX9ZSPFBQXOHT&marketplace=FLIPKART&q=fastrack+sunglasses&store=26x&srno=s_2_57&otracker=AS_QueryStore_OrganicAutoSuggest_1_12_na_na_na&otracker1=AS_QueryStore_OrganicAutoSuggest_1_12_na_na_na&fm=organic&iid=15441784-155a-4274-b4fc-2f3854cb2196.SGLGTCH5RMX9ZSPF.SEARCH&ppt=None&ppn=None&ssid=vsi8sox03k0000001745052710773&qH=6c320ddeb59e61ac,https://rukminim2.flixcart.com/image/832/832/xif0q/sunglass/x/i/v/56-p467bu1-fastrack-original-imahyqn6bz9tpzpg.jpeg?q=70&crop=false
"Fastrack UV Protection Round Sunglasses (48)  (For Men & Women, Grey)","₹1,440",https://www.flipkart.com/fastrack-round-sunglasses/p/itm38ff8094305c6?pid=SGLGP7RNZBSB6WXK&lid=LSTSGLGP7RNZBSB6WXKK1ZUSR&marketplace=FLIPKART&q=fastrack+sunglasses&store=26x&srno=s_2_56&otracker=AS_QueryStore_OrganicAutoSuggest_1_12_na_na_na&otracker1=AS_QueryStore_OrganicAutoSuggest_1_12_na_na_na&fm=organic&iid=15441784-155a-4274-b4fc-2f3854cb2196.SGLGP7RNZBSB6WXK.SEARCH&ppt=None&ppn=None&ssid=vsi8sox03k0000001745052710773&qH=6c320ddeb59e61ac,https://rukminim2.flixcart.com/image/832/832/xif0q/sunglass/p/b/6/m259gr5-48-fastrack-original-imagp7rnvshwbcyg.jpeg?q=70&crop=false
"Fastrack Gradient Aviator Sunglasses (57)  (For Men & Women, Brown)","₹3,134",https://www.flipkart.com/fastrack-aviator-sunglasses/p/itm2acfe1f552740?pid=SGLG4GA6Y2FKCS57&lid=LSTSGLG4GA6Y2FKCS57I93QUZ&marketplace=FLIPKART&q=fastrack+sunglasses&store=26x&srno=s_2_55&otracker=AS_QueryStore_OrganicAutoSuggest_1_12_na_na_na&otracker1=AS_QueryStore_OrganicAutoSuggest_1_12_na_na_na&fm=organic&iid=15441784-155a-4274-b4fc-2f3854cb2196.SGLG4GA6Y2FKCS57.SEARCH&ppt=None&ppn=None&ssid=vsi8sox03k0000001745052710773&qH=6c320ddeb59e61ac,https://rukminim2.flixcart.com/image/832/832/kqidx8w0/sunglass/d/d/4/fast-m165br18g-57-fastrack-original-imag4ga4gjqn2ere.jpeg?q=70&crop=false
"Fastrack UV Protection Wayfarer Sunglasses (56)  (For Men & Women, Black)",₹894,https://www.flipkart.com/fastrack-wayfarer-sunglasses/p/itmf4udg6ytxhb2e?pid=SGLGR6WTQDFSVFXG&lid=LSTSGLGR6WTQDFSVFXG2XDZTN&marketplace=FLIPKART&q=fastrack+sunglasses&store=26x&srno=s_2_54&otracker=AS_QueryStore_OrganicAutoSuggest_1_12_na_na_na&otracker1=AS_QueryStore_OrganicAutoSuggest_1_12_na_na_na&fm=organic&iid=15441784-155a-4274-b4fc-2f3854cb2196.SGLGR6WTQDFSVFXG.SEARCH&ppt=None&ppn=None&ssid=vsi8sox03k0000001745052710773&qH=6c320ddeb59e61ac,https://rukminim2.flixcart.com/image/832/832/xif0q/sunglass/r/h/j/nbp357bk2-56-fastrack-original-imagr6wszrxxh2qj.jpeg?q=70&crop=false
"Fastrack Polarized Aviator Sunglasses (Free Size)  (For Men & Women, Black)","₹2,849",https://www.flipkart.com/fastrack-aviator-sunglasses/p/itmfc7xqpczh6vjr?pid=SGLDNGSB7UMQQGGZ&lid=LSTSGLDNGSB7UMQQGGZ93CREA&marketplace=FLIPKART&q=fastrack+sunglasses&store=26x&srno=s_2_53&otracker=AS_QueryStore_OrganicAutoSuggest_1_12_na_na_na&otracker1=AS_QueryStore_OrganicAutoSuggest_1_12_na_na_na&fm=organic&iid=15441784-155a-4274-b4fc-2f3854cb2196.SGLDNGSB7UMQQGGZ.SEARCH&ppt=None&ppn=None&ssid=vsi8sox03k0000001745052710773&qH=6c320ddeb59e61ac,https://rukminim2.flixcart.com/image/832/832/jmxrwy80/sunglass/g/g/z/free-size-nbm062bk1-fastrack-original-imaf9qh3edepzmhc.jpeg?q=70&crop=false
"Fastrack Polarized, UV Protection Wayfarer Sunglasses (55)  (For Men & Women, Black)","₹1,295",https://www.flipkart.com/eyewearlabs-wayfarer-sunglasses/p/itm6e954ddb25269?pid=SGLGZDPU4RRFNYVQ&lid=LSTSGLGZDPU4RRFNYVQZOSIU6&marketplace=FLIPKART&q=fastrack+sunglasses&store=26x&srno=s_2_52&otracker=AS_QueryStore_OrganicAutoSuggest_1_12_na_na_na&otracker1=AS_QueryStore_OrganicAutoSuggest_1_12_na_na_na&fm=organic&iid=en_wBSraPJ0ki_3tmGv93qStix8Tqu-WXt5DwxPBqjYC7xn0d9h34qztVZ3wtJPssDFrZjH4W787zdhArtUZNC0tw891ypMzu4_aryI8_sihJ8%3D&ppt=None&ppn=None&ssid=vsi8sox03k0000001745052710773&qH=6c320ddeb59e61ac,https://rukminim2.flixcart.com/image/832/832/xif0q/sunglass/r/f/p/medium-elkac2myles-eyewearlabs-original-imagzdpucdm5hvbf.jpeg?q=70&crop=false
"Fastrack by Lenskart Polarized, UV Protection Wayfarer Sunglasses (Free Size)  (For Men & Women, Grey)",₹529,https://www.flipkart.com/vincent-chase-lenskart-wayfarer-sunglasses/p/itme29372d05036b?pid=SGLFU52GNK9NX7SS&lid=LSTSGLFU52GNK9NX7SS6EFZFE&marketplace=FLIPKART&q=fastrack+sunglasses&store=26x&srno=s_2_51&otracker=AS_QueryStore_OrganicAutoSuggest_1_12_na_na_na&otracker1=AS_QueryStore_OrganicAutoSuggest_1_12_na_na_na&fm=organic&iid=en_wBSraPJ0ki_3tmGv93qStix8Tqu-WXt5DwxPBqjYC7zCFJUbJyah6o3GbtOzK79aB8NE645tXiJHRNH_mm20Ug%3D%3D&ppt=None&ppn=None&ssid=vsi8sox03k0000001745052710773&qH=6c320ddeb59e61ac,https://rukminim2.flixcart.com/image/832/832/xif0q/sunglass/o/z/8/this-product-is-sold-as-free-size-by-the-brand-131315-vincent-original-imahyqamcxy3pmjg.jpeg?q=70&crop=false
"Fastrack Polarized, UV Protection Aviator Sunglasses (Free Size)  (For Men & Women, Black)","₹2,805",https://www.flipkart.com/fastrack-aviator-sunglasses/p/itmf3ykmsvs9anwc?pid=SGLFGYJVHBFKZRGG&lid=LSTSGLFGYJVHBFKZRGGN7NPD2&marketplace=FLIPKART&q=fastrack+sunglasses&store=26x&srno=s_2_50&otracker=AS_QueryStore_OrganicAutoSuggest_1_12_na_na_na&otracker1=AS_QueryStore_OrganicAutoSuggest_1_12_na_na_na&fm=organic&iid=15441784-155a-4274-b4fc-2f3854cb2196.SGLFGYJVHBFKZRGG.SEARCH&ppt=None&ppn=None&ssid=vsi8sox03k0000001745052710773&qH=6c320ddeb59e61ac,https://rukminim2.flixcart.com/image/832/832/jw84ya80/sunglass/r/g/g/m035bk4p-66-fastrack-original-imafgyjefyshckdw.jpeg?q=70&crop=false
"Fastrack Polarized, UV Protection Sports Sunglasses (Free Size)  (For Men, Green)","₹2,090",https://www.flipkart.com/fastrack-sports-sunglasses/p/itmf3yka6grp467q?pid=SGLES2WHQQG5YDHD&lid=LSTSGLES2WHQQG5YDHD5QMVRP&marketplace=FLIPKART&q=fastrack+sunglasses&store=26x&srno=s_2_49&otracker=AS_QueryStore_OrganicAutoSuggest_1_12_na_na_na&otracker1=AS_QueryStore_OrganicAutoSuggest_1_12_na_na_na&fm=organic&iid=15441784-155a-4274-b4fc-2f3854cb2196.SGLES2WHQQG5YDHD.SEARCH&ppt=None&ppn=None&ssid=vsi8sox03k0000001745052710773&qH=6c320ddeb59e61ac,https://rukminim2.flixcart.com/image/832/832/xif0q/sunglass/0/m/i/free-size-nbp314gr2p-fastrack-original-imahamryknzzce44.jpeg?q=70&crop=false
"Fastrack Polarized, UV Protection, Others Wayfarer Sunglasses (73)  (For Men & Women, Black)","₹1,509",https://www.flipkart.com/eyewearlabs-wayfarer-sunglasses/p/itmee1f7b2bea61d?pid=SGLGV8FZZAFCFEVT&lid=LSTSGLGV8FZZAFCFEVTFOGRAH&marketplace=FLIPKART&q=fastrack+sunglasses&store=26x&srno=s_2_48&otracker=AS_QueryStore_OrganicAutoSuggest_1_12_na_na_na&otracker1=AS_QueryStore_OrganicAutoSuggest_1_12_na_na_na&fm=organic&iid=en_wBSraPJ0ki_3tmGv93qStix8Tqu-WXt5DwxPBqjYC7wgJdr6l9fdp2KZ6A7HHd0AN8GE2xLjJVFWKq4k_W6nZA%3D%3D&ppt=None&ppn=None&ssid=vsi8sox03k0000001745052710773&qH=6c320ddeb59e61ac,
"Fastrack by Lenskart Polarized, UV Protection Retro Square Sunglasses (57)  (For Men & Women, Green)",₹709,https://www.flipkart.com/vincent-chase-lenskart-retro-square-sunglasses/p/itmb5f58c7d01e82?pid=SGLGFYDUHNXNHUFC&lid=LSTSGLGFYDUHNXNHUFCWCURFA&marketplace=FLIPKART&q=fastrack+sunglasses&store=26x&srno=s_2_47&otracker=AS_QueryStore_OrganicAutoSuggest_1_12_na_na_na&otracker1=AS_QueryStore_OrganicAutoSuggest_1_12_na_na_na&fm=organic&iid=en_wBSraPJ0ki_3tmGv93qStix8Tqu-WXt5DwxPBqjYC7whZVfHlvEvftpnavgkWgy3ZOU2IrAsD7kM4niwGxSVaw%3D%3D&ppt=None&ppn=None&ssid=vsi8sox03k0000001745052710773&qH=6c320ddeb59e61ac,https://rukminim2.flixcart.com/image/832/832/xif0q/sunglass/h/r/t/57-vc-s13830-vincent-chase-original-imahyq7jygnj5qym.jpeg?q=70&crop=false
"Fastrack Gradient Aviator Sunglasses (Free Size)  (For Men, Blue)","₹2,149",https://www.flipkart.com/fastrack-aviator-sunglasses/p/itmfe7jyqz2suewt?pid=SGLFE7GZHHXGDKNR&lid=LSTSGLFE7GZHHXGDKNR9Z31ZG&marketplace=FLIPKART&q=fastrack+sunglasses&store=26x&srno=s_2_46&otracker=AS_QueryStore_OrganicAutoSuggest_1_12_na_na_na&otracker1=AS_QueryStore_OrganicAutoSuggest_1_12_na_na_na&fm=organic&iid=15441784-155a-4274-b4fc-2f3854cb2196.SGLFE7GZHHXGDKNR.SEARCH&ppt=None&ppn=None&ssid=vsi8sox03k0000001745052710773&qH=6c320ddeb59e61ac,https://rukminim2.flixcart.com/image/832/832/xif0q/sunglass/0/v/p/m-m206bu3-fastrack-original-imah4n8tatwyb93a.jpeg?q=70&crop=false
"Fastrack Polarized Wayfarer Sunglasses (59)  (For Men, Grey)","₹2,273",https://www.flipkart.com/fastrack-wayfarer-sunglasses/p/itmfe7jyugfhgu7u?pid=SGLFE7GZWZGHJQZH&lid=LSTSGLFE7GZWZGHJQZHJLQ5DZ&marketplace=FLIPKART&q=fastrack+sunglasses&store=26x&srno=s_2_45&otracker=AS_QueryStore_OrganicAutoSuggest_1_12_na_na_na&otracker1=AS_QueryStore_OrganicAutoSuggest_1_12_na_na_na&fm=organic&iid=15441784-155a-4274-b4fc-2f3854cb2196.SGLFE7GZWZGHJQZH.SEARCH&ppt=None&ppn=None&ssid=vsi8sox03k0000001745052710773&qH=6c320ddeb59e61ac,https://rukminim2.flixcart.com/image/832/832/kmjhw280/sunglass/f/d/t/m-m183bk4p-fastrack-original-imagffh2rec5zjry.jpeg?q=70&crop=false
"Fastrack UV Protection Wayfarer Sunglasses (Free Size)  (For Men, Violet)","₹2,699",https://www.flipkart.com/fastrack-wayfarer-sunglasses/p/itmf3ykqgharat64?pid=SGLEH4WYJUGCGP22&lid=LSTSGLEH4WYJUGCGP22DC00EK&marketplace=FLIPKART&q=fastrack+sunglasses&store=26x&srno=s_2_44&otracker=AS_QueryStore_OrganicAutoSuggest_1_12_na_na_na&otracker1=AS_QueryStore_OrganicAutoSuggest_1_12_na_na_na&fm=organic&iid=15441784-155a-4274-b4fc-2f3854cb2196.SGLEH4WYJUGCGP22.SEARCH&ppt=None&ppn=None&ssid=vsi8sox03k0000001745052710773&qH=6c320ddeb59e61ac,https://rukminim2.flixcart.com/image/832/832/sunglass/p/2/2/p239bk1-fastrack-m-original-imaeh3ghymfzb2hh.jpeg?q=70&crop=false
"Fastrack UV Protection Round Sunglasses (58)  (For Men & Women, Grey)","₹1,499",https://www.flipkart.com/fastrack-round-sunglasses/p/itm2375206953895?pid=SGLGT59VQZVTCZ6H&lid=LSTSGLGT59VQZVTCZ6HBO601K&marketplace=FLIPKART&q=fastrack+sunglasses&store=26x&srno=s_2_43&otracker=AS_QueryStore_OrganicAutoSuggest_1_12_na_na_na&otracker1=AS_QueryStore_OrganicAutoSuggest_1_12_na_na_na&fm=organic&iid=15441784-155a-4274-b4fc-2f3854cb2196.SGLGT59VQZVTCZ6H.SEARCH&ppt=None&ppn=None&ssid=vsi8sox03k0000001745052710773&qH=6c320ddeb59e61ac,https://rukminim2.flixcart.com/image/832/832/xif0q/sunglass/w/i/a/58-m257bk8-fastrack-original-imagt59uufgzfgz6.jpeg?q=70&crop=false
"Fastrack by Lenskart Polarized, UV Protection Wayfarer Sunglasses (54)  (For Men & Women, Green)",₹529,https://www.flipkart.com/vincent-chase-lenskart-wayfarer-sunglasses/p/itmf1a35fa830d0f?pid=SGLFZSZSEKTPZFJH&lid=LSTSGLFZSZSEKTPZFJHQIBA6G&marketplace=FLIPKART&q=fastrack+sunglasses&store=26x&srno=s_2_42&otracker=AS_QueryStore_OrganicAutoSuggest_1_12_na_na_na&otracker1=AS_QueryStore_OrganicAutoSuggest_1_12_na_na_na&fm=organic&iid=en_wBSraPJ0ki_3tmGv93qStix8Tqu-WXt5DwxPBqjYC7wH2ucksAq5APV31GDcDMxhXlXrlejyb0Jz7m1GUT8EwA%3D%3D&ppt=None&ppn=None&ssid=vsi8sox03k0000001745052710773&qH=6c320ddeb59e61ac,https://rukminim2.flixcart.com/image/832/832/xif0q/sunglass/l/a/w/54-138628-vincent-chase-original-imahyvspscfehren.jpeg?q=70&crop=false
"Fastrack by Lenskart Polarized, UV Protection Aviator Sunglasses (57)  (For Men & Women, Grey)",₹729,https://www.flipkart.com/vincent-chase-lenskart-aviator-sunglasses/p/itmebd9c68c82e2f?pid=SGLGFYDUUTWDRZFB&lid=LSTSGLGFYDUUTWDRZFBY2WCNH&marketplace=FLIPKART&q=fastrack+sunglasses&store=26x&srno=s_2_41&otracker=AS_QueryStore_OrganicAutoSuggest_1_12_na_na_na&otracker1=AS_QueryStore_OrganicAutoSuggest_1_12_na_na_na&fm=organic&iid=en_wBSraPJ0ki_3tmGv93qStix8Tqu-WXt5DwxPBqjYC7yNkRLDTkl19BKegNh0eJAbwt_XjoApjYkbmYzEfIGwnw%3D%3D&ppt=None&ppn=None&ssid=vsi8sox03k0000001745052710773&qH=6c320ddeb59e61ac,https://rukminim2.flixcart.com/image/832/832/xif0q/sunglass/a/o/s/57-vc-s13835-vincent-chase-original-imahyrrsgfme4vwt.jpeg?q=70&crop=false
