Title,Price,Product URL,Image URL
"Dot & Key Sunscreen - SPF 50 PA++++ Blueberry Hydrate Barrier Repair For Dry &Sensitive Skin,NonGreasy Finish  (80 g)",₹500,https://www.flipkart.com/dot-key-sunscreen-spf-50-pa-blueberry-hydrate-barrier-repair-dry-sensitive-skin-nongreasy-finish/p/itm37c55c164d679?pid=SNRGXWG3VGZTXHPT&lid=LSTSNRGXWG3VGZTXHPTJGKXWA&marketplace=FLIPKART&q=sunscreen&store=g9b%2Fema%2F5la%2Fxrh&srno=s_1_40&otracker=AS_Query_OrganicAutoSuggest_3_4_na_na_na&otracker1=AS_Query_OrganicAutoSuggest_3_4_na_na_na&fm=organic&iid=8c3ebcd8-aef3-4cc1-9e90-a30d7b53d4f8.SNRGXWG3VGZTXHPT.SEARCH&ppt=None&ppn=None&ssid=gpa5t5o1ps0000001744465706714&qH=a8faf39e5f831c63,https://rukminim2.flixcart.com/image/416/416/xif0q/sunscreen/b/c/o/80-blueberry-hydrate-barrier-repair-for-dry-sensitive-skin-original-imahanxg4r2xch4a.jpeg?q=70&crop=false
Aqualogica Sunscreen - SPF 50 PA++++ Hydrate+ Dewy Sunscreen with Coconut Water & Hyaluronic Acid- 50g (Pack of 2)  (100 g),₹678,https://www.flipkart.com/aqualogica-sunscreen-spf-50-pa-hydrate-dewy-coconut-water-hyaluronic-acid-50g-pack-2/p/itm43473a9ec1b46?pid=SNRGSBUUGXXHXU9D&lid=LSTSNRGSBUUGXXHXU9DK45VXV&marketplace=FLIPKART&q=sunscreen&store=g9b%2Fema%2F5la%2Fxrh&srno=s_1_39&otracker=AS_Query_OrganicAutoSuggest_3_4_na_na_na&otracker1=AS_Query_OrganicAutoSuggest_3_4_na_na_na&fm=organic&iid=8c3ebcd8-aef3-4cc1-9e90-a30d7b53d4f8.SNRGSBUUGXXHXU9D.SEARCH&ppt=None&ppn=None&ssid=gpa5t5o1ps0000001744465706714&qH=a8faf39e5f831c63,https://rukminim2.flixcart.com/image/416/416/xif0q/sunscreen/g/s/8/100-hydrate-dewy-sunscreen-with-coconut-water-hyaluronic-acid-original-imagsbus8mraznny.jpeg?q=70&crop=false
Dot & Key Sunscreen - SPF PA++++ PA++++ Lime Rush Swim+Sports Sunscreen SPF 50+  (50 g),₹476,https://www.flipkart.com/dot-key-sunscreen-spf-pa-lime-rush-swim-sports-50/p/itm458a219856940?pid=SNRGXQDNMK79VZPX&lid=LSTSNRGXQDNMK79VZPXBILTXW&marketplace=FLIPKART&q=sunscreen&store=g9b%2Fema%2F5la%2Fxrh&srno=s_1_38&otracker=AS_Query_OrganicAutoSuggest_3_4_na_na_na&otracker1=AS_Query_OrganicAutoSuggest_3_4_na_na_na&fm=organic&iid=8c3ebcd8-aef3-4cc1-9e90-a30d7b53d4f8.SNRGXQDNMK79VZPX.SEARCH&ppt=None&ppn=None&ssid=gpa5t5o1ps0000001744465706714&qH=a8faf39e5f831c63,https://rukminim2.flixcart.com/image/416/416/xif0q/sunscreen/8/u/4/50-lime-rush-swim-sports-sunscreen-spf-50-pa-dot-key-original-imahazxgssfhjvg5.jpeg?q=70&crop=false
Aqualogica Sunscreen - SPF 50 PA++++ Illuminate+ Dewy Sunscreen with Wild Berries & Alpha Arbutin | Fragrance-Free  (125 g),₹649,https://www.flipkart.com/aqualogica-sunscreen-spf-50-pa-illuminate-dewy-wild-berries-alpha-arbutin-fragrance-free/p/itma803f60ea1f9f?pid=SNRH2N5G7WHUHNGY&lid=LSTSNRH2N5G7WHUHNGYBZYXNR&marketplace=FLIPKART&q=sunscreen&store=g9b%2Fema%2F5la%2Fxrh&srno=s_1_37&otracker=AS_Query_OrganicAutoSuggest_3_4_na_na_na&otracker1=AS_Query_OrganicAutoSuggest_3_4_na_na_na&fm=organic&iid=8c3ebcd8-aef3-4cc1-9e90-a30d7b53d4f8.SNRH2N5G7WHUHNGY.SEARCH&ppt=None&ppn=None&ssid=gpa5t5o1ps0000001744465706714&qH=a8faf39e5f831c63,https://rukminim2.flixcart.com/image/416/416/xif0q/sunscreen/h/f/1/125-illuminate-dewy-sunscreen-with-wild-berries-alpha-arbutin-original-imah4m7xm6ugpg3x.jpeg?q=70&crop=false
Aqualogica Sunscreen - SPF 50 PA++++ Detan+ Dewy Sunscreen with Cherry Tomato & Hyaluronic Acid- 50g + 80g  (130 g),₹798,https://www.flipkart.com/aqualogica-sunscreen-spf-50-pa-detan-dewy-cherry-tomato-hyaluronic-acid-50g-80g/p/itm38628ec2c2858?pid=SNRGSBU78G6JBFED&lid=LSTSNRGSBU78G6JBFEDEPMNBU&marketplace=FLIPKART&q=sunscreen&store=g9b%2Fema%2F5la%2Fxrh&srno=s_1_36&otracker=AS_Query_OrganicAutoSuggest_3_4_na_na_na&otracker1=AS_Query_OrganicAutoSuggest_3_4_na_na_na&fm=organic&iid=8c3ebcd8-aef3-4cc1-9e90-a30d7b53d4f8.SNRGSBU78G6JBFED.SEARCH&ppt=None&ppn=None&ssid=gpa5t5o1ps0000001744465706714&qH=a8faf39e5f831c63,https://rukminim2.flixcart.com/image/416/416/xif0q/sunscreen/o/r/p/130-detan-dewy-sunscreen-with-cherry-tomato-hyaluronic-acid-50g-original-imagsbu7gcbcsg9y.jpeg?q=70&crop=false
"Dot & Key Sunscreen - SPF 50 PA++++ Strawberry Dew Tinted Shade-01 Porcelain,Water&Sweat resistant  (50 ml)",₹492,https://www.flipkart.com/dot-key-sunscreen-spf-50-pa-strawberry-dew-tinted-shade-01-porcelain-water-sweat-resistant/p/itm691f274fd5815?pid=SNRGYHMUUEX5XWMV&lid=LSTSNRGYHMUUEX5XWMVZPTUYX&marketplace=FLIPKART&q=sunscreen&store=g9b%2Fema%2F5la%2Fxrh&srno=s_1_35&otracker=AS_Query_OrganicAutoSuggest_3_4_na_na_na&otracker1=AS_Query_OrganicAutoSuggest_3_4_na_na_na&fm=organic&iid=8c3ebcd8-aef3-4cc1-9e90-a30d7b53d4f8.SNRGYHMUUEX5XWMV.SEARCH&ppt=None&ppn=None&ssid=gpa5t5o1ps0000001744465706714&qH=a8faf39e5f831c63,https://rukminim2.flixcart.com/image/416/416/xif0q/sunscreen/e/e/0/50-strawberry-dew-tinted-shade-01-porcelain-water-sweat-original-imahanwvgxw7nzxs.jpeg?q=70&crop=false
Dot & Key Sunscreen - SPF 50 PA++++ STRAWBERRY DEW TINTED SUNSCREEN SPF 50 PA++++ protects & perfects skin- 05 BEIGE  (50 ml),₹489,https://www.flipkart.com/dot-key-sunscreen-spf-50-pa-strawberry-dew-tinted-protects-perfects-skin-05-beige/p/itmf8bd32f900e7c?pid=SNRGYMFBXDWQG5NZ&lid=LSTSNRGYMFBXDWQG5NZTWCLYI&marketplace=FLIPKART&q=sunscreen&store=g9b%2Fema%2F5la%2Fxrh&srno=s_1_34&otracker=AS_Query_OrganicAutoSuggest_3_4_na_na_na&otracker1=AS_Query_OrganicAutoSuggest_3_4_na_na_na&fm=organic&iid=8c3ebcd8-aef3-4cc1-9e90-a30d7b53d4f8.SNRGYMFBXDWQG5NZ.SEARCH&ppt=None&ppn=None&ssid=gpa5t5o1ps0000001744465706714&qH=a8faf39e5f831c63,https://rukminim2.flixcart.com/image/416/416/xif0q/sunscreen/h/t/s/50-strawberry-dew-tinted-sunscreen-spf-50-pa-protects-perfects-original-imahanx8tthfhyss.jpeg?q=70&crop=false
Dr. Sheth's Sunscreen - SPF 50 PA+++ Ceramide & Vitamin C| In-Vivo Tested| SPF 50+ Pa+++| All Skin Types  (50 g),₹439,https://www.flipkart.com/dr-sheth-s-sunscreen-spf-50-pa-ceramide-vitamin-c-in-vivo-tested-50-pa-all-skin-types/p/itm77744a20a2bc9?pid=SNRGF4B8KQGFEJHU&lid=LSTSNRGF4B8KQGFEJHUCTHY7Q&marketplace=FLIPKART&q=sunscreen&store=g9b%2Fema%2F5la%2Fxrh&srno=s_1_33&otracker=AS_Query_OrganicAutoSuggest_3_4_na_na_na&otracker1=AS_Query_OrganicAutoSuggest_3_4_na_na_na&fm=organic&iid=8c3ebcd8-aef3-4cc1-9e90-a30d7b53d4f8.SNRGF4B8KQGFEJHU.SEARCH&ppt=None&ppn=None&ssid=gpa5t5o1ps0000001744465706714&qH=a8faf39e5f831c63,https://rukminim2.flixcart.com/image/416/416/xif0q/sunscreen/h/j/j/50-ceramide-vitamin-c-in-vivo-tested-spf-50-pa-all-skin-types-50-original-imah9zf9azdkjhps.jpeg?q=70&crop=false
Aqualogica Sunscreen - SPF 50+ PA++++ Illuminate+ Dewy Sunscreen with Wild Berries & Alpha Arbutin | Fragrance-Free  (80 g),₹449,https://www.flipkart.com/aqualogica-sunscreen-spf-50-pa-illuminate-dewy-wild-berries-alpha-arbutin-fragrance-free/p/itm51a904dff79ed?pid=SNRGVVUBK3BSEQ4P&lid=LSTSNRGVVUBK3BSEQ4PPR9AI6&marketplace=FLIPKART&q=sunscreen&store=g9b%2Fema%2F5la%2Fxrh&srno=s_1_32&otracker=AS_Query_OrganicAutoSuggest_3_4_na_na_na&otracker1=AS_Query_OrganicAutoSuggest_3_4_na_na_na&fm=organic&iid=8c3ebcd8-aef3-4cc1-9e90-a30d7b53d4f8.SNRGVVUBK3BSEQ4P.SEARCH&ppt=None&ppn=None&ssid=gpa5t5o1ps0000001744465706714&qH=a8faf39e5f831c63,https://rukminim2.flixcart.com/image/416/416/xif0q/sunscreen/6/a/9/80-illuminate-dewy-sunscreen-with-wild-berries-alpha-arbutin-original-imah9zenbmuqvvbb.jpeg?q=70&crop=false
"Dot & Key Sunscreen - SPF 50 PA+++ CICA Calming Mattifying For Oily AcneProne&Sensitive Skin,Quick Absorbing  (80 g)",₹500,https://www.flipkart.com/dot-key-sunscreen-spf-50-pa-cica-calming-mattifying-oily-acneprone-sensitive-skin-quick-absorbing/p/itmdb9816553d0f1?pid=SNRH22E488GDUZM7&lid=LSTSNRH22E488GDUZM7V0UOJV&marketplace=FLIPKART&q=sunscreen&store=g9b%2Fema%2F5la%2Fxrh&srno=s_1_31&otracker=AS_Query_OrganicAutoSuggest_3_4_na_na_na&otracker1=AS_Query_OrganicAutoSuggest_3_4_na_na_na&fm=organic&iid=8c3ebcd8-aef3-4cc1-9e90-a30d7b53d4f8.SNRH22E488GDUZM7.SEARCH&ppt=None&ppn=None&ssid=gpa5t5o1ps0000001744465706714&qH=a8faf39e5f831c63,https://rukminim2.flixcart.com/image/416/416/xif0q/sunscreen/b/z/h/80-cica-calming-mattifying-for-oily-acneprone-sensitive-skin-original-imahanxhz2jzhpvc.jpeg?q=70&crop=false
"Dot & Key Sunscreen - SPF 50 PA+++ CICA Calming Mattifying ,For Oily Acne Prone &Sensitive Skin,No White Cast  (50 g)",₹388,https://www.flipkart.com/dot-key-sunscreen-spf-50-pa-cica-calming-mattifying-for-oily-acne-prone-sensitive-skin-no-white-cast/p/itm2dc9684d9eb81?pid=SNRGFYX6FM6UHWHH&lid=LSTSNRGFYX6FM6UHWHHWBSUSD&marketplace=FLIPKART&q=sunscreen&store=g9b%2Fema%2F5la%2Fxrh&spotlightTagId=default_FkPickId_g9b%2Fema%2F5la%2Fxrh&srno=s_1_30&otracker=AS_Query_OrganicAutoSuggest_3_4_na_na_na&otracker1=AS_Query_OrganicAutoSuggest_3_4_na_na_na&fm=organic&iid=8c3ebcd8-aef3-4cc1-9e90-a30d7b53d4f8.SNRGFYX6FM6UHWHH.SEARCH&ppt=None&ppn=None&ssid=gpa5t5o1ps0000001744465706714&qH=a8faf39e5f831c63,https://rukminim2.flixcart.com/image/416/416/xif0q/sunscreen/l/a/w/50-cica-calming-mattifying-for-oily-acne-prone-sensitive-skin-no-original-imahanxhhkg2rf2g.jpeg?q=70&crop=false
"Dot & Key Sunscreen - SPF 50 PA++++ Watermelon Hyaluronic Cooling for Oily,Normal&Combination Skin,Lightweight  (80 g)",₹500,https://www.flipkart.com/dot-key-sunscreen-spf-50-pa-watermelon-hyaluronic-cooling-oily-normal-combination-skin-lightweight/p/itm4e219244e7aa0?pid=SNRGWTFHWCT8GHCK&lid=LSTSNRGWTFHWCT8GHCKGJRWME&marketplace=FLIPKART&q=sunscreen&store=g9b%2Fema%2F5la%2Fxrh&srno=s_1_29&otracker=AS_Query_OrganicAutoSuggest_3_4_na_na_na&otracker1=AS_Query_OrganicAutoSuggest_3_4_na_na_na&fm=organic&iid=8c3ebcd8-aef3-4cc1-9e90-a30d7b53d4f8.SNRGWTFHWCT8GHCK.SEARCH&ppt=None&ppn=None&ssid=gpa5t5o1ps0000001744465706714&qH=a8faf39e5f831c63,https://rukminim2.flixcart.com/image/416/416/xif0q/sunscreen/t/c/v/80-watermelon-hyaluronic-cooling-for-oily-normal-combination-original-imahanwpm4bzmuq4.jpeg?q=70&crop=false
Dr. Sheth's Sunscreen - SPF 50 PA+++ Ceramide & Vitamin C| In-Vivo Tested| SPF 50+ Pa++++| All Skin Types  (125 g),₹899,https://www.flipkart.com/dr-sheth-s-sunscreen-spf-50-pa-ceramide-vitamin-c-in-vivo-tested-50-pa-all-skin-types/p/itm452f4670978c1?pid=SNRHYKKWHAG2J6JG&lid=LSTSNRHYKKWHAG2J6JGYFFAGS&marketplace=FLIPKART&q=sunscreen&store=g9b%2Fema%2F5la%2Fxrh&srno=s_1_28&otracker=AS_Query_OrganicAutoSuggest_3_4_na_na_na&otracker1=AS_Query_OrganicAutoSuggest_3_4_na_na_na&fm=organic&iid=8c3ebcd8-aef3-4cc1-9e90-a30d7b53d4f8.SNRHYKKWHAG2J6JG.SEARCH&ppt=None&ppn=None&ssid=gpa5t5o1ps0000001744465706714&qH=a8faf39e5f831c63,https://rukminim2.flixcart.com/image/416/416/xif0q/sunscreen/v/f/i/125-ceramide-vitamin-c-uva-uvb-sun-protection-50-dr-sheth-s-original-imah4m4j99rhvhm9.jpeg?q=70&crop=false
Aqualogica Sunscreen - SPF 50 PA++++ Glow+ Dewy Sunscreen with Papaya & Vitamin C | Lightweight & No white-cast  (125 g),₹649,https://www.flipkart.com/aqualogica-sunscreen-spf-50-pa-glow-dewy-papaya-vitamin-c-lightweight-no-white-cast/p/itm870c0b1399572?pid=SNRHYG5BDGNKHG5Z&lid=LSTSNRHYG5BDGNKHG5ZNKR2BR&marketplace=FLIPKART&q=sunscreen&store=g9b%2Fema%2F5la%2Fxrh&srno=s_1_27&otracker=AS_Query_OrganicAutoSuggest_3_4_na_na_na&otracker1=AS_Query_OrganicAutoSuggest_3_4_na_na_na&fm=organic&iid=8c3ebcd8-aef3-4cc1-9e90-a30d7b53d4f8.SNRHYG5BDGNKHG5Z.SEARCH&ppt=None&ppn=None&ssid=gpa5t5o1ps0000001744465706714&qH=a8faf39e5f831c63,https://rukminim2.flixcart.com/image/416/416/xif0q/sunscreen/n/c/y/125-glow-dewy-sunscreen-with-papaya-vitamin-c-lightweight-no-original-imah4m4crztxjdvq.jpeg?q=70&crop=false
Aqualogica Sunscreen - SPF 50 PA++++ Bright+ Tone Up Sunscreen | Super Light | Instantly Brightens  (50 g),₹399,https://www.flipkart.com/aqualogica-sunscreen-spf-50-pa-bright-tone-up-super-light-instantly-brightens/p/itm0c71d4d5f96fe?pid=SNRH86Z8GQGM9CJP&lid=LSTSNRH86Z8GQGM9CJPANWMFY&marketplace=FLIPKART&q=sunscreen&store=g9b%2Fema%2F5la%2Fxrh&srno=s_1_26&otracker=AS_Query_OrganicAutoSuggest_3_4_na_na_na&otracker1=AS_Query_OrganicAutoSuggest_3_4_na_na_na&fm=organic&iid=8c3ebcd8-aef3-4cc1-9e90-a30d7b53d4f8.SNRH86Z8GQGM9CJP.SEARCH&ppt=None&ppn=None&ssid=gpa5t5o1ps0000001744465706714&qH=a8faf39e5f831c63,https://rukminim2.flixcart.com/image/416/416/xif0q/sunscreen/p/7/o/50-bright-tone-up-sunscreen-super-light-instantly-brightens-50-original-imah9d8wgdh2zj2r.jpeg?q=70&crop=false
Dot & Key Sunscreen - SPF 50 PA++++ STRAWBERRY DEW TINTED SUNSCREEN SPF 50 PA++++ protects & perfects skin -03 SAND  (50 ml),₹489,https://www.flipkart.com/dot-key-sunscreen-spf-50-pa-strawberry-dew-tinted-protects-perfects-skin-03-sand/p/itm09fdd4251bb65?pid=SNRGYHNZSKYFWTGG&lid=LSTSNRGYHNZSKYFWTGGP8QNXW&marketplace=FLIPKART&q=sunscreen&store=g9b%2Fema%2F5la%2Fxrh&srno=s_1_25&otracker=AS_Query_OrganicAutoSuggest_3_4_na_na_na&otracker1=AS_Query_OrganicAutoSuggest_3_4_na_na_na&fm=organic&iid=8c3ebcd8-aef3-4cc1-9e90-a30d7b53d4f8.SNRGYHNZSKYFWTGG.SEARCH&ppt=None&ppn=None&ssid=gpa5t5o1ps0000001744465706714&qH=a8faf39e5f831c63,https://rukminim2.flixcart.com/image/416/416/xif0q/sunscreen/r/s/g/50-strawberry-dew-tinted-sunscreen-spf-50-pa-protects-perfects-original-imahanx7afas6wgy.jpeg?q=70&crop=false
Aqualogica Sunscreen - SPF 50+ PA+++ Hydrate+ Sunscreen with UVA/B & Blue Light Protection  (50 g),₹336,https://www.flipkart.com/aqualogica-sunscreen-spf-50-pa-hydrate-uva-b-blue-light-protection/p/itme164e0f86a7d7?pid=SNRGBBKW7CGTB6NT&lid=LSTSNRGBBKW7CGTB6NTNIZZAD&marketplace=FLIPKART&q=sunscreen&store=g9b%2Fema%2F5la%2Fxrh&srno=s_1_24&otracker=AS_Query_OrganicAutoSuggest_3_4_na_na_na&otracker1=AS_Query_OrganicAutoSuggest_3_4_na_na_na&fm=organic&iid=8c3ebcd8-aef3-4cc1-9e90-a30d7b53d4f8.SNRGBBKW7CGTB6NT.SEARCH&ppt=None&ppn=None&ssid=gpa5t5o1ps0000001744465706714&qH=a8faf39e5f831c63,https://rukminim2.flixcart.com/image/416/416/xif0q/sunscreen/o/3/8/50-hydrate-sunscreen-with-uva-b-blue-light-protection-50-original-imagjwnbcwztw29z.jpeg?q=70&crop=false
Dr. Sheth's Sunscreen - SPF 50 PA++++ Kesar & Kojic Acid Sunscreen SPF 50+ For Pigmentation-free Skin  (50 g),₹439,https://www.flipkart.com/dr-sheth-s-sunscreen-spf-50-pa-kesar-kojic-acid-50-pigmentation-free-skin/p/itm34a91e7b68e2d?pid=SNRGW8FHY84WUAZM&lid=LSTSNRGW8FHY84WUAZMLVZMUP&marketplace=FLIPKART&q=sunscreen&store=g9b%2Fema%2F5la%2Fxrh&srno=s_1_23&otracker=AS_Query_OrganicAutoSuggest_3_4_na_na_na&otracker1=AS_Query_OrganicAutoSuggest_3_4_na_na_na&fm=organic&iid=8c3ebcd8-aef3-4cc1-9e90-a30d7b53d4f8.SNRGW8FHY84WUAZM.SEARCH&ppt=None&ppn=None&ssid=gpa5t5o1ps0000001744465706714&qH=a8faf39e5f831c63,https://rukminim2.flixcart.com/image/416/416/xif0q/sunscreen/y/f/7/50-kesar-kojic-acid-sunscreen-spf-50-for-pigmentation-free-skin-original-imah9zehfqxuzgez.jpeg?q=70&crop=false
Aqualogica Sunscreen - SPF 50 PA++++ Ray of Radiance Duo (2 Pck Dewy Sunscreen SPF 50 with Watermelon & Niacinamide)  (100 g),₹735,https://www.flipkart.com/aqualogica-sunscreen-spf-50-pa-ray-radiance-duo-2-pck-dewy-watermelon-niacinamide/p/itm56f962bec86d4?pid=SNRGNQGDHVYSG5TU&lid=LSTSNRGNQGDHVYSG5TULB1KCV&marketplace=FLIPKART&q=sunscreen&store=g9b%2Fema%2F5la%2Fxrh&srno=s_1_22&otracker=AS_Query_OrganicAutoSuggest_3_4_na_na_na&otracker1=AS_Query_OrganicAutoSuggest_3_4_na_na_na&fm=organic&iid=8c3ebcd8-aef3-4cc1-9e90-a30d7b53d4f8.SNRGNQGDHVYSG5TU.SEARCH&ppt=None&ppn=None&ssid=gpa5t5o1ps0000001744465706714&qH=a8faf39e5f831c63,https://rukminim2.flixcart.com/image/416/416/xif0q/sunscreen/3/4/b/100-ray-of-radiance-duo-2-pck-dewy-sunscreen-spf-50-with-original-imah948hzjhzfwxf.jpeg?q=70&crop=false
"Dot & Key Sunscreen - SPF 50 PA++++ Vitamin C + E Super Bright ,For Even Toned & Glowing Skin,No White Cast  (80 g)",₹500,https://www.flipkart.com/dot-key-sunscreen-spf-50-pa-vitamin-c-e-super-bright-for-even-toned-glowing-skin-no-white-cast/p/itmf321d0b15bd9a?pid=SNRGWTY4ZWFEKCQ6&lid=LSTSNRGWTY4ZWFEKCQ6SPFKCU&marketplace=FLIPKART&q=sunscreen&store=g9b%2Fema%2F5la%2Fxrh&srno=s_1_21&otracker=AS_Query_OrganicAutoSuggest_3_4_na_na_na&otracker1=AS_Query_OrganicAutoSuggest_3_4_na_na_na&fm=organic&iid=8c3ebcd8-aef3-4cc1-9e90-a30d7b53d4f8.SNRGWTY4ZWFEKCQ6.SEARCH&ppt=None&ppn=None&ssid=gpa5t5o1ps0000001744465706714&qH=a8faf39e5f831c63,https://rukminim2.flixcart.com/image/416/416/xif0q/sunscreen/m/x/u/80-vitamin-c-e-super-bright-for-even-toned-glowing-skin-no-white-original-imahanwk85densdt.jpeg?q=70&crop=false
Aqualogica Sunscreen - SPF 50+ PA++++ Illuminate+ Dewy with Wild Berries & Alpha Arbutin | Fragrance-Free  (50 g),₹359,https://www.flipkart.com/aqualogica-sunscreen-spf-50-pa-illuminate-dewy-wild-berries-alpha-arbutin-fragrance-free/p/itm5235dcd5b5b21?pid=SNRGVVUHH5K6SBYT&lid=LSTSNRGVVUHH5K6SBYTWX5Z9K&marketplace=FLIPKART&q=sunscreen&store=g9b%2Fema%2F5la%2Fxrh&srno=s_1_20&otracker=AS_Query_OrganicAutoSuggest_3_4_na_na_na&otracker1=AS_Query_OrganicAutoSuggest_3_4_na_na_na&fm=organic&iid=8c3ebcd8-aef3-4cc1-9e90-a30d7b53d4f8.SNRGVVUHH5K6SBYT.SEARCH&ppt=None&ppn=None&ssid=gpa5t5o1ps0000001744465706714&qH=a8faf39e5f831c63,https://rukminim2.flixcart.com/image/416/416/xif0q/sunscreen/b/4/i/50-illuminate-dewy-with-wild-berries-alpha-arbutin-fragrance-original-imaha8fqpgf9dg8g.jpeg?q=70&crop=false
"Dot & Key Sunscreen - SPF 50 PA++++ Blueberry Hydrate Barrier Repair ,For Dry&Sensitive Skin,No White Cast  (50 g)",₹388,https://www.flipkart.com/dot-key-sunscreen-spf-50-pa-blueberry-hydrate-barrier-repair-for-dry-sensitive-skin-no-white-cast/p/itm817401c6f3b38?pid=SNRGWTFMBPU63HUN&lid=LSTSNRGWTFMBPU63HUNPD6IC5&marketplace=FLIPKART&q=sunscreen&store=g9b%2Fema%2F5la%2Fxrh&srno=s_1_19&otracker=AS_Query_OrganicAutoSuggest_3_4_na_na_na&otracker1=AS_Query_OrganicAutoSuggest_3_4_na_na_na&fm=organic&iid=8c3ebcd8-aef3-4cc1-9e90-a30d7b53d4f8.SNRGWTFMBPU63HUN.SEARCH&ppt=None&ppn=None&ssid=gpa5t5o1ps0000001744465706714&qH=a8faf39e5f831c63,https://rukminim2.flixcart.com/image/416/416/xif0q/sunscreen/u/m/y/50-blueberry-hydrate-barrier-repair-for-dry-sensitive-skin-no-original-imahanxghued3hsh.jpeg?q=70&crop=false
Aqualogica Sunscreen - SPF 50 PA++++ Detan + Dewy Sunscreen with Cherry Tomato & Hyaluronic Acid with SPF 50 & PA++++  (80 g),₹449,https://www.flipkart.com/aqualogica-sunscreen-spf-50-pa-detan-dewy-cherry-tomato-hyaluronic-acid/p/itm47f7ddfcd608e?pid=SNRGQWXYPC6VYYJR&lid=LSTSNRGQWXYPC6VYYJR4HTVSS&marketplace=FLIPKART&q=sunscreen&store=g9b%2Fema%2F5la%2Fxrh&srno=s_1_18&otracker=AS_Query_OrganicAutoSuggest_3_4_na_na_na&otracker1=AS_Query_OrganicAutoSuggest_3_4_na_na_na&fm=organic&iid=8c3ebcd8-aef3-4cc1-9e90-a30d7b53d4f8.SNRGQWXYPC6VYYJR.SEARCH&ppt=None&ppn=None&ssid=gpa5t5o1ps0000001744465706714&qH=a8faf39e5f831c63,https://rukminim2.flixcart.com/image/416/416/xif0q/sunscreen/p/0/k/80-detan-dewy-sunscreen-with-cherry-tomato-hyaluronic-acid-with-original-imagqwxy7hnf5ddx.jpeg?q=70&crop=false
Dot & Key Sunscreen - SPF 50 PA++++ Watermelon Hyaluronic Cooling Sunscreen SPF 50 PA+++ UV + Blue Light Protection  (30 g),₹283,https://www.flipkart.com/dot-key-sunscreen-spf-50-pa-watermelon-hyaluronic-cooling-pa-uv-blue-light-protection/p/itme1c71133ac75f?pid=SNRH8AGAPMHFZTTT&lid=LSTSNRH8AGAPMHFZTTTL2KUWE&marketplace=FLIPKART&q=sunscreen&store=g9b%2Fema%2F5la%2Fxrh&srno=s_1_17&otracker=AS_Query_OrganicAutoSuggest_3_4_na_na_na&otracker1=AS_Query_OrganicAutoSuggest_3_4_na_na_na&fm=organic&iid=8c3ebcd8-aef3-4cc1-9e90-a30d7b53d4f8.SNRH8AGAPMHFZTTT.SEARCH&ppt=None&ppn=None&ssid=gpa5t5o1ps0000001744465706714&qH=a8faf39e5f831c63,https://rukminim2.flixcart.com/image/416/416/xif0q/sunscreen/b/i/a/30-watermelon-hyaluronic-cooling-sunscreen-spf-50-pa-uv-blue-original-imah9uy8zf9t6y22.jpeg?q=70&crop=false
"Dot & Key Sunscreen - SPF 50 PA++++ Mango Detan Gel oil free Sunscreen SPF 50 PA++++, reduces tan for all skin type  (50 g)",₹388,https://www.flipkart.com/dot-key-sunscreen-spf-50-pa-mango-detan-gel-oil-free-pa-reduces-tan-all-skin-type/p/itm210c389419d8e?pid=SNRH8J6ZZGFXQJMB&lid=LSTSNRH8J6ZZGFXQJMBWTSC5J&marketplace=FLIPKART&q=sunscreen&store=g9b%2Fema%2F5la%2Fxrh&srno=s_1_16&otracker=AS_Query_OrganicAutoSuggest_3_4_na_na_na&otracker1=AS_Query_OrganicAutoSuggest_3_4_na_na_na&fm=organic&iid=8c3ebcd8-aef3-4cc1-9e90-a30d7b53d4f8.SNRH8J6ZZGFXQJMB.SEARCH&ppt=None&ppn=None&ssid=gpa5t5o1ps0000001744465706714&qH=a8faf39e5f831c63,https://rukminim2.flixcart.com/image/416/416/xif0q/sunscreen/s/f/g/50-mango-detan-gel-oil-free-sunscreen-spf-50-pa-reduces-tan-for-original-imah99xf3pzhzqwu.jpeg?q=70&crop=false
"Dot & Key Sunscreen - SPF 50 PA++++ Vitamin C+E Super Bright,WaterLight, For Even Toned & Glowing Skin  (50 g)",₹388,https://www.flipkart.com/dot-key-sunscreen-spf-50-pa-vitamin-c-e-super-bright-waterlight-even-toned-glowing-skin/p/itm4a507f1a83904?pid=SNRGJZUDJZKGH9HF&lid=LSTSNRGJZUDJZKGH9HF0UBOAH&marketplace=FLIPKART&q=sunscreen&store=g9b%2Fema%2F5la%2Fxrh&spotlightTagId=default_BestsellerId_g9b%2Fema%2F5la%2Fxrh&srno=s_1_15&otracker=AS_Query_OrganicAutoSuggest_3_4_na_na_na&otracker1=AS_Query_OrganicAutoSuggest_3_4_na_na_na&fm=organic&iid=8c3ebcd8-aef3-4cc1-9e90-a30d7b53d4f8.SNRGJZUDJZKGH9HF.SEARCH&ppt=None&ppn=None&ssid=gpa5t5o1ps0000001744465706714&qH=a8faf39e5f831c63,https://rukminim2.flixcart.com/image/416/416/xif0q/sunscreen/t/l/x/50-vitamin-c-e-super-bright-waterlight-for-even-toned-glowing-original-imahanwgkqkgpfnr.jpeg?q=70&crop=false
"Aqualogica Sunscreen - SPF 50 PA++++ Glow+ Block the Sun Duo with Papaya, Fights Tan, Brightens Skin (2pc Sunscreen)  (100 g)",₹673,https://www.flipkart.com/aqualogica-sunscreen-spf-50-pa-glow-block-sun-duo-papaya-fights-tan-brightens-skin-2pc-sunscreen/p/itmdab56250d18c2?pid=SNRGN4HDHTUWVKH5&lid=LSTSNRGN4HDHTUWVKH5ZIZGFZ&marketplace=FLIPKART&q=sunscreen&store=g9b%2Fema%2F5la%2Fxrh&srno=s_1_14&otracker=AS_Query_OrganicAutoSuggest_3_4_na_na_na&otracker1=AS_Query_OrganicAutoSuggest_3_4_na_na_na&fm=organic&iid=en_6-dz0EVAPpNdzfSFSI_061Aojk-eNOdlu9Q6cVnQBD2u7E86CNImkjR8eOoDCP3Z5oZBEJ02DocD4PuEbdxMMssrgPW5YLzJU0_H6_RHKR0%3D&ppt=None&ppn=None&ssid=gpa5t5o1ps0000001744465706714&qH=a8faf39e5f831c63,https://rukminim2.flixcart.com/image/416/416/xif0q/sunscreen/j/h/e/100-glow-dewy-sunscreen-with-spf-50-for-uva-b-blue-light-original-imagn4hd2thkrgzh.jpeg?q=70&crop=false
Aqualogica Sunscreen - SPF 50 PA+++ Detan+ Dewy Sunscreen with Cherry Tomato Reduces Tan  (50 g),₹359,https://www.flipkart.com/aqualogica-sunscreen-spf-50-pa-detan-dewy-cherry-tomato-reduces-tan/p/itm08b2148ab78ce?pid=SNRGNCD9NVHDGVVK&lid=LSTSNRGNCD9NVHDGVVKABEDPO&marketplace=FLIPKART&q=sunscreen&store=g9b%2Fema%2F5la%2Fxrh&srno=s_1_13&otracker=AS_Query_OrganicAutoSuggest_3_4_na_na_na&otracker1=AS_Query_OrganicAutoSuggest_3_4_na_na_na&fm=organic&iid=8c3ebcd8-aef3-4cc1-9e90-a30d7b53d4f8.SNRGNCD9NVHDGVVK.SEARCH&ppt=None&ppn=None&ssid=gpa5t5o1ps0000001744465706714&qH=a8faf39e5f831c63,https://rukminim2.flixcart.com/image/416/416/xif0q/sunscreen/a/8/c/50-detan-dewy-sunscreen-with-cherry-tomato-spf-50-pa-reduces-tan-original-imagznv5jfgqgyhy.jpeg?q=70&crop=false
Aqualogica Sunscreen - SPF 50 PA++++ Glow+ Dewy Vitamin C Sunscreen For UVA/UVB & Blue Light Protection  (160 g),₹898,https://www.flipkart.com/aqualogica-sunscreen-spf-50-pa-glow-dewy-vitamin-c-uva-uvb-blue-light-protection/p/itma0d7bfc205c74?pid=SNRGYKHJ3QRHFA92&lid=LSTSNRGYKHJ3QRHFA92XNXXV8&marketplace=FLIPKART&q=sunscreen&store=g9b%2Fema%2F5la%2Fxrh&srno=s_1_12&otracker=AS_Query_OrganicAutoSuggest_3_4_na_na_na&otracker1=AS_Query_OrganicAutoSuggest_3_4_na_na_na&fm=organic&iid=en_6-dz0EVAPpNdzfSFSI_061Aojk-eNOdlu9Q6cVnQBD1MJAj_DUvt7FQyRF-dr3CqtbEBwQqN8VR8w46AlqRi2B7zrT4gkWAkPCdPBnPCejA%3D&ppt=None&ppn=None&ssid=gpa5t5o1ps0000001744465706714&qH=a8faf39e5f831c63,https://rukminim2.flixcart.com/image/416/416/xif0q/sunscreen/l/f/x/160-glow-dewy-vitamin-c-sunscreen-for-uva-uvb-blue-light-original-imah3xf6fqfxyxf7.jpeg?q=70&crop=false
Dr. Sheth's Sunscreen - SPF 50 PA++++ Kesar & Kojic Acid Sunscreen | For Pigmentation-Free Skin | No White Cast  (80 g),₹594,https://www.flipkart.com/dr-sheth-s-sunscreen-spf-50-pa-kesar-kojic-acid-pigmentation-free-skin-no-white-cast/p/itm30102ac4e932f?pid=SNRHY259PE7DTTGD&lid=LSTSNRHY259PE7DTTGDZUUA5Z&marketplace=FLIPKART&q=sunscreen&store=g9b%2Fema%2F5la%2Fxrh&srno=s_1_11&otracker=AS_Query_OrganicAutoSuggest_3_4_na_na_na&otracker1=AS_Query_OrganicAutoSuggest_3_4_na_na_na&fm=organic&iid=en_6-dz0EVAPpNdzfSFSI_061Aojk-eNOdlu9Q6cVnQBD1xzKS-WLSb4_o3pWhki96RnEiQGkN9KVwuG459bQzjz1F91k_NKRtsN7mkYTl-6AQ%3D&ppt=None&ppn=None&ssid=gpa5t5o1ps0000001744465706714&qH=a8faf39e5f831c63,https://rukminim2.flixcart.com/image/416/416/xif0q/sunscreen/v/z/x/80-kesar-kojic-acid-sunscreen-for-pigmentation-free-skin-no-original-imah9ze9swyftwhk.jpeg?q=70&crop=false
Dot & Key Sunscreen - SPF 50 PA++++ Sunscreen SPF 50 PA+++ with Vitamin C + E | for Even Toned & Glowing Skin  (30 g),₹279,https://www.flipkart.com/dot-key-sunscreen-spf-50-pa-pa-vitamin-c-e-even-toned-glowing-skin/p/itm70331bf37b388?pid=SNRH8AHXSCANARJG&lid=LSTSNRH8AHXSCANARJGOMSM8N&marketplace=FLIPKART&q=sunscreen&store=g9b%2Fema%2F5la%2Fxrh&spotlightTagId=default_BestsellerId_g9b%2Fema%2F5la%2Fxrh&srno=s_1_10&otracker=AS_Query_OrganicAutoSuggest_3_4_na_na_na&otracker1=AS_Query_OrganicAutoSuggest_3_4_na_na_na&fm=organic&iid=8c3ebcd8-aef3-4cc1-9e90-a30d7b53d4f8.SNRH8AHXSCANARJG.SEARCH&ppt=None&ppn=None&ssid=gpa5t5o1ps0000001744465706714&qH=a8faf39e5f831c63,https://rukminim2.flixcart.com/image/416/416/xif0q/sunscreen/b/u/g/30-sunscreen-spf-50-pa-with-vitamin-c-e-for-even-toned-glowing-original-imah8ahx9pk3csts.jpeg?q=70&crop=false
Aqualogica Sunscreen - SPF 50 PA++++ Glow+ Dewy Vitamin C for UVA/UVB & Blue Light Protection  (80 g),₹449,https://www.flipkart.com/aqualogica-sunscreen-spf-50-pa-glow-dewy-vitamin-c-uva-uvb-blue-light-protection/p/itm1a12e7ed7bee1?pid=SNRGNZBFXY72VWH6&lid=LSTSNRGNZBFXY72VWH6KDLP09&marketplace=FLIPKART&q=sunscreen&store=g9b%2Fema%2F5la%2Fxrh&srno=s_1_9&otracker=AS_Query_OrganicAutoSuggest_3_4_na_na_na&otracker1=AS_Query_OrganicAutoSuggest_3_4_na_na_na&fm=organic&iid=8c3ebcd8-aef3-4cc1-9e90-a30d7b53d4f8.SNRGNZBFXY72VWH6.SEARCH&ppt=None&ppn=None&ssid=gpa5t5o1ps0000001744465706714&qH=a8faf39e5f831c63,https://rukminim2.flixcart.com/image/416/416/xif0q/sunscreen/a/z/b/80-glow-dewy-vitamin-c-for-uva-uvb-blue-light-protection-spf-50-original-imah4gtsmc3mkghh.jpeg?q=70&crop=false
Aqualogica Sunscreen - SPF 50 PA+++ Radiance+ Dewy Sunscreen for Oily Skin with Watermelon & Niacinamide  (50 ml),₹359,https://www.flipkart.com/aqualogica-sunscreen-spf-50-pa-radiance-dewy-oily-skin-watermelon-niacinamide/p/itm5365ecb59e0ba?pid=SNRGFHXYB4S2H2UW&lid=LSTSNRGFHXYB4S2H2UWBSYQDJ&marketplace=FLIPKART&q=sunscreen&store=g9b%2Fema%2F5la%2Fxrh&srno=s_1_8&otracker=AS_Query_OrganicAutoSuggest_3_4_na_na_na&otracker1=AS_Query_OrganicAutoSuggest_3_4_na_na_na&fm=organic&iid=en_6-dz0EVAPpNdzfSFSI_061Aojk-eNOdlu9Q6cVnQBD0yZGww0CSn4OqoFgWYqjN1fCVzUjGYVozv4lafgqDz9DRKtQQVWB8eNWYNLe7VuyQ%3D&ppt=None&ppn=None&ssid=gpa5t5o1ps0000001744465706714&qH=a8faf39e5f831c63,https://rukminim2.flixcart.com/image/416/416/xif0q/sunscreen/k/m/k/50-radiance-dewy-sunscreen-with-watermelon-niacinamide-spf-50-50-original-imagm8fhjpqddzxz.jpeg?q=70&crop=false
"Dot & Key Sunscreen - SPF 50 PA++++ Watermelon Hyaluronic Cooling ,for Oily,Normal,Combination Skin,Lightweight  (50 g)",₹388,https://www.flipkart.com/dot-key-sunscreen-spf-50-pa-watermelon-hyaluronic-cooling-for-oily-normal-combination-skin-lightweight/p/itm9c61e2513ef50?pid=SNRGH4YBDDVGMJ9N&lid=LSTSNRGH4YBDDVGMJ9NBAYMPQ&marketplace=FLIPKART&q=sunscreen&store=g9b%2Fema%2F5la%2Fxrh&spotlightTagId=default_BestsellerId_g9b%2Fema%2F5la%2Fxrh&srno=s_1_7&otracker=AS_Query_OrganicAutoSuggest_3_4_na_na_na&otracker1=AS_Query_OrganicAutoSuggest_3_4_na_na_na&fm=organic&iid=8c3ebcd8-aef3-4cc1-9e90-a30d7b53d4f8.SNRGH4YBDDVGMJ9N.SEARCH&ppt=None&ppn=None&ssid=gpa5t5o1ps0000001744465706714&qH=a8faf39e5f831c63,https://rukminim2.flixcart.com/image/416/416/xif0q/sunscreen/e/4/z/50-watermelon-hyaluronic-cooling-for-oily-normal-combination-original-imahanwm78kmhksh.jpeg?q=70&crop=false
Dr. Sheth's Sunscreen - SPF 50 PA+++ Ceramide & Vitamin C |In-Vivo Tested| SPF 50+ Pa++++| All Skin Types  (30 g),₹269,https://www.flipkart.com/dr-sheth-s-sunscreen-spf-50-pa-ceramide-vitamin-c-in-vivo-tested-50-pa-all-skin-types/p/itmd3a75ab60d763?pid=SNRHYFYSBNVDG5YX&lid=LSTSNRHYFYSBNVDG5YXQ7O2RZ&marketplace=FLIPKART&q=sunscreen&store=g9b%2Fema%2F5la%2Fxrh&srno=s_1_6&otracker=AS_Query_OrganicAutoSuggest_3_4_na_na_na&otracker1=AS_Query_OrganicAutoSuggest_3_4_na_na_na&fm=organic&iid=8c3ebcd8-aef3-4cc1-9e90-a30d7b53d4f8.SNRHYFYSBNVDG5YX.SEARCH&ppt=None&ppn=None&ssid=gpa5t5o1ps0000001744465706714&qH=a8faf39e5f831c63,https://rukminim2.flixcart.com/image/416/416/xif0q/sunscreen/j/a/n/30-ceramide-vitamin-c-sunscreen-one-step-routine-for-healthy-original-imah4gzefeydnxxy.jpeg?q=70&crop=false
Aqualogica Sunscreen - SPF 50 PA++++ Glow+ Dewy Sunscreen with SPF 50 for UVA/B & Blue Light Protection  (50 g),₹359,https://www.flipkart.com/aqualogica-sunscreen-spf-50-pa-glow-dewy-uva-b-blue-light-protection/p/itm10498a64f4bfa?pid=SNRGCG2ZCRWQFHUY&lid=LSTSNRGCG2ZCRWQFHUY7OQIJ2&marketplace=FLIPKART&q=sunscreen&store=g9b%2Fema%2F5la%2Fxrh&srno=s_1_5&otracker=AS_Query_OrganicAutoSuggest_3_4_na_na_na&otracker1=AS_Query_OrganicAutoSuggest_3_4_na_na_na&fm=organic&iid=8c3ebcd8-aef3-4cc1-9e90-a30d7b53d4f8.SNRGCG2ZCRWQFHUY.SEARCH&ppt=None&ppn=None&ssid=gpa5t5o1ps0000001744465706714&qH=a8faf39e5f831c63,https://rukminim2.flixcart.com/image/416/416/xif0q/sunscreen/e/b/a/50-glow-dewy-sunscreen-with-spf-50-for-uva-b-blue-light-original-imah4gtwqyxkhcy6.jpeg?q=70&crop=false
Aqualogica Sunscreen - SPF 50+ PA++++ Glow+ Dewy Lightweight & Hydrating Travel-Friendly UVA/B & Blue Light Protection  (30 g),₹245,https://www.flipkart.com/aqualogica-sunscreen-spf-50-pa-glow-dewy-lightweight-hydrating-travel-friendly-uva-b-blue-light-protection/p/itm0859c8b9d7875?pid=SNRHYY5FZBAV594R&lid=LSTSNRHYY5FZBAV594REURSWN&marketplace=FLIPKART&q=sunscreen&store=g9b%2Fema%2F5la%2Fxrh&srno=s_1_4&otracker=AS_Query_OrganicAutoSuggest_3_4_na_na_na&otracker1=AS_Query_OrganicAutoSuggest_3_4_na_na_na&fm=organic&iid=8c3ebcd8-aef3-4cc1-9e90-a30d7b53d4f8.SNRHYY5FZBAV594R.SEARCH&ppt=None&ppn=None&ssid=gpa5t5o1ps0000001744465706714&qH=a8faf39e5f831c63,https://rukminim2.flixcart.com/image/416/416/xif0q/sunscreen/n/g/f/30-glow-dewy-lightweight-hydrating-travel-friendly-uva-b-blue-original-imah4gtyepyrm7y8.jpeg?q=70&crop=false
Aqualogica Sunscreen - SPF 50 PA+++ Radiance+ Dewy Sunscreen with Watermelon & Niacinamide| Lightweight & Non-Sticky  (30 g),₹239,https://www.flipkart.com/aqualogica-sunscreen-spf-50-pa-radiance-dewy-watermelon-niacinamide-lightweight-non-sticky/p/itm6fdec5578ba54?pid=SNRHYAU49GQXBKJA&lid=LSTSNRHYAU49GQXBKJASJWE0W&marketplace=FLIPKART&q=sunscreen&store=g9b%2Fema%2F5la%2Fxrh&srno=s_1_3&otracker=AS_Query_OrganicAutoSuggest_3_4_na_na_na&otracker1=AS_Query_OrganicAutoSuggest_3_4_na_na_na&fm=organic&iid=8c3ebcd8-aef3-4cc1-9e90-a30d7b53d4f8.SNRHYAU49GQXBKJA.SEARCH&ppt=None&ppn=None&ssid=gpa5t5o1ps0000001744465706714&qH=a8faf39e5f831c63,https://rukminim2.flixcart.com/image/416/416/xif0q/sunscreen/v/v/8/30-radiance-dewy-sunscreen-with-watermelon-niacinamide-original-imah3whc9a4z25yh.jpeg?q=70&crop=false
Dr. Sheth's Sunscreen - SPF 50 PA++++ Kesar & Kojic Acid Oil-Free Sunscreen | Reduces Pigmentation  (50 g),₹439,https://www.flipkart.com/dr-sheth-s-sunscreen-spf-50-pa-kesar-kojic-acid-oil-free-reduces-pigmentation/p/itm8237ea6d87bc2?pid=SNRH9C3ZSHZEZAVB&lid=LSTSNRH9C3ZSHZEZAVBGACR40&marketplace=FLIPKART&q=sunscreen&store=g9b%2Fema%2F5la%2Fxrh&srno=s_1_2&otracker=AS_Query_OrganicAutoSuggest_3_4_na_na_na&otracker1=AS_Query_OrganicAutoSuggest_3_4_na_na_na&fm=organic&iid=en_6-dz0EVAPpNdzfSFSI_061Aojk-eNOdlu9Q6cVnQBD0G5cpNQFUsLnWlLlowipte8D3JhW74insXAgXa0kds24QEIsITtCzc4bHaOMTqL08%3D&ppt=None&ppn=None&ssid=gpa5t5o1ps0000001744465706714&qH=a8faf39e5f831c63,https://rukminim2.flixcart.com/image/416/416/xif0q/sunscreen/d/r/8/50-kesar-kojic-acid-oil-free-sunscreen-reduces-pigmentation-50-original-imahahd54gkmttbt.jpeg?q=70&crop=false
"Dr. Sheth's Sunscreen - SPF 50 PA+++ Ceramide & Vitamin C Sunscreen | Non-greasy, hydrating sunscreen | Pack of 2  (100 g)",₹848,https://www.flipkart.com/dr-sheth-s-sunscreen-spf-50-pa-ceramide-vitamin-c-non-greasy-hydrating-pack-2/p/itm3388968d79e96?pid=SNRGZJA3UMHFGJCX&lid=LSTSNRGZJA3UMHFGJCXNBDLGP&marketplace=FLIPKART&q=sunscreen&store=g9b%2Fema%2F5la%2Fxrh&srno=s_1_1&otracker=AS_Query_OrganicAutoSuggest_3_4_na_na_na&otracker1=AS_Query_OrganicAutoSuggest_3_4_na_na_na&fm=organic&iid=en_6-dz0EVAPpNdzfSFSI_061Aojk-eNOdlu9Q6cVnQBD03DuprAid_DyF_q87gzBnNv41obWisZJn7XX02xfhc0U4IsYyWu-Pj9cxFjFAoaLk%3D&ppt=None&ppn=None&ssid=gpa5t5o1ps0000001744465706714&qH=a8faf39e5f831c63,https://rukminim2.flixcart.com/image/416/416/xif0q/sunscreen/i/e/7/100-ceramide-vitamin-c-sunscreen-non-greasy-hydrating-sunscreen-original-imahf5pyqhsy2k7r.jpeg?q=70&crop=false
Aqualogica Sunscreen - SPF 50 PA++++ 5 Barrier+ Repair Sunscreen with Avocado & 5 Essential Ceramides  (80 g),₹449,https://www.flipkart.com/aqualogica-sunscreen-spf-50-pa-5-barrier-repair-avocado-essential-ceramides/p/itmb4db038305f46?pid=SNRH3GEYVVFCQG39&lid=LSTSNRH3GEYVVFCQG39OUPGWD&marketplace=FLIPKART&q=sunscreen&store=g9b%2Fema%2F5la%2Fxrh&srno=s_2_41&otracker=AS_Query_OrganicAutoSuggest_3_4_na_na_na&otracker1=AS_Query_OrganicAutoSuggest_3_4_na_na_na&fm=search-autosuggest&iid=999b8b13-8935-4042-a122-215ab2a0f317.SNRH3GEYVVFCQG39.SEARCH&ppt=sp&ppn=sp&ssid=ayd5jjgeb40000001744465902516&qH=a8faf39e5f831c63,https://rukminim2.flixcart.com/image/416/416/xif0q/sunscreen/1/3/v/80-5-barrier-repair-sunscreen-with-avocado-5-essential-ceramides-original-imah6a2qvtk6bd3u.jpeg?q=70&crop=false
