Product URL,Title,Price,Image URL
https://www.flipkart.com/derma-co-5-nia-ceramide-moisturizing-cream-24hrs-moisturization-dry-sensitive-skin/p/itm18e22f638576a?pid=MSCHADWRMXHX5DZT&lid=LSTMSCHADWRMXHX5DZT9P3TMU&marketplace=FLIPKART&q=moisturizer&store=g9b%2Fema%2F5la%2F1ke&srno=s_2_75&otracker=AS_QueryStore_OrganicAutoSuggest_2_7_na_na_na&otracker1=AS_QueryStore_OrganicAutoSuggest_2_7_na_na_na&fm=organic&iid=6ed79fb2-5c0e-42e3-b242-2875fe734b15.MSCHADWRMXHX5DZT.SEARCH&ppt=None&ppn=None&ssid=blw6th6h5c0000001744465346395&qH=acc9cfaf85944a73,The Derma Co 5% Nia-Ceramide Moisturizing Cream 24hrs Moisturization For Dry & Sensitive Skin  (100 g),₹368,https://rukminim2.flixcart.com/image/416/416/xif0q/moisturizer-cream/j/z/p/100-5-nia-ceramide-moisturizing-cream-24hrs-moisturization-for-original-imahadwrsnnsp3yu.jpeg?q=70&crop=false
https://www.flipkart.com/derma-co-5-nia-ceramide-mattifying-moisturizer-niacinamide-2-ceramide/p/itmd4fee40505ebe?pid=MSCH4U6N5GHYHTSA&lid=LSTMSCH4U6N5GHYHTSA5INYX3&marketplace=FLIPKART&q=moisturizer&store=g9b%2Fema%2F5la%2F1ke&srno=s_2_74&otracker=AS_QueryStore_OrganicAutoSuggest_2_7_na_na_na&otracker1=AS_QueryStore_OrganicAutoSuggest_2_7_na_na_na&fm=organic&iid=6ed79fb2-5c0e-42e3-b242-2875fe734b15.MSCH4U6N5GHYHTSA.SEARCH&ppt=None&ppn=None&ssid=blw6th6h5c0000001744465346395&qH=acc9cfaf85944a73,"The Derma Co 5% Nia-Ceramide Mattifying Moisturizer | 5% Niacinamide, 2% Ceramide  (100 g)",₹359,https://rukminim2.flixcart.com/image/416/416/xif0q/moisturizer-cream/1/p/3/100-5-nia-ceramide-mattifying-moisturizer-5-niacinamide-2-original-imah7zybh6n9nyyc.jpeg?q=70&crop=false
https://www.flipkart.com/cetaphil-optimal-hydration-replenishing-lotion/p/itm042d12839570b?pid=MSCGSMXDZZPGRYKZ&lid=LSTMSCGSMXDZZPGRYKZX4AEK9&marketplace=FLIPKART&q=moisturizer&store=g9b%2Fema%2F5la%2F1ke&srno=s_2_73&otracker=AS_QueryStore_OrganicAutoSuggest_2_7_na_na_na&otracker1=AS_QueryStore_OrganicAutoSuggest_2_7_na_na_na&fm=organic&iid=6ed79fb2-5c0e-42e3-b242-2875fe734b15.MSCGSMXDZZPGRYKZ.SEARCH&ppt=None&ppn=None&ssid=blw6th6h5c0000001744465346395&qH=acc9cfaf85944a73,Cetaphil Optimal Hydration Replenishing Lotion  (237 ml),"₹1,110",https://rukminim2.flixcart.com/image/416/416/xif0q/moisturizer-cream/j/g/4/-original-imagt4penucr4vqh.jpeg?q=70&crop=false
https://www.flipkart.com/dot-key-barrier-repair-moisturizer-stick-go-dry-flaky-skin-restores-softness/p/itm939cbc7893b7a?pid=MSCGVNWRMFDHPATA&lid=LSTMSCGVNWRMFDHPATAETHIP9&marketplace=FLIPKART&q=moisturizer&store=g9b%2Fema%2F5la%2F1ke&srno=s_2_72&otracker=AS_QueryStore_OrganicAutoSuggest_2_7_na_na_na&otracker1=AS_QueryStore_OrganicAutoSuggest_2_7_na_na_na&fm=organic&iid=6ed79fb2-5c0e-42e3-b242-2875fe734b15.MSCGVNWRMFDHPATA.SEARCH&ppt=None&ppn=None&ssid=blw6th6h5c0000001744465346395&qH=acc9cfaf85944a73,"Dot & Key Barrier Repair Moisturizer stick on the go for Dry ,Flaky Skin,Restores Softness  (20 g)",₹495,https://rukminim2.flixcart.com/image/416/416/xif0q/moisturizer-cream/d/j/3/20-barrier-repair-moisturizer-stick-on-the-go-for-dry-flaky-skin-original-imah4jwbjtra35tw.jpeg?q=70&crop=false
https://www.flipkart.com/cetaphil-baby-daily-lotion-shea-butter/p/itmezbx75qhmw37v?pid=MSCEZBUTQNKN4EGW&lid=LSTMSCEZBUTQNKN4EGWVEAMKZ&marketplace=FLIPKART&q=moisturizer&store=g9b%2Fema%2F5la%2F1ke&srno=s_2_71&otracker=AS_QueryStore_OrganicAutoSuggest_2_7_na_na_na&otracker1=AS_QueryStore_OrganicAutoSuggest_2_7_na_na_na&fm=organic&iid=6ed79fb2-5c0e-42e3-b242-2875fe734b15.MSCEZBUTQNKN4EGW.SEARCH&ppt=None&ppn=None&ssid=blw6th6h5c0000001744465346395&qH=acc9cfaf85944a73,Cetaphil Baby Daily Lotion With Shea Butter  (400 ml),₹568,https://rukminim2.flixcart.com/image/416/416/xif0q/moisturizer-cream/7/l/9/-original-imaggujhegh6bhtt.jpeg?q=70&crop=false
https://www.flipkart.com/cetaphil-moisturising-lotion-body-dry-sensitive-skin-pack-2/p/itm1fc0840173637?pid=MSCFJHYHX2JD4GJE&lid=LSTMSCFJHYHX2JD4GJE97SONY&marketplace=FLIPKART&q=moisturizer&store=g9b%2Fema%2F5la%2F1ke&srno=s_2_70&otracker=AS_QueryStore_OrganicAutoSuggest_2_7_na_na_na&otracker1=AS_QueryStore_OrganicAutoSuggest_2_7_na_na_na&fm=organic&iid=6ed79fb2-5c0e-42e3-b242-2875fe734b15.MSCFJHYHX2JD4GJE.SEARCH&ppt=None&ppn=None&ssid=blw6th6h5c0000001744465346395&qH=acc9cfaf85944a73,"Cetaphil Moisturising Lotion Body For Dry, Sensitive Skin Pack of 2  (1 L)","₹3,290",https://rukminim2.flixcart.com/image/416/416/jzn0tjk0/moisturizer-cream/g/j/e/1-moisturising-lotion-body-for-dry-sensitive-skin-pack-of-2-original-imafjhg4tgbzhqgh.jpeg?q=70&crop=false
https://www.flipkart.com/cetaphil-moisturising-cream-face-body-250gm-pack-2-250gmx2/p/itm10cfa5a956fba?pid=MSCFJHWFPRGXJGCG&lid=LSTMSCFJHWFPRGXJGCGSRM3M7&marketplace=FLIPKART&q=moisturizer&store=g9b%2Fema%2F5la%2F1ke&srno=s_2_69&otracker=AS_QueryStore_OrganicAutoSuggest_2_7_na_na_na&otracker1=AS_QueryStore_OrganicAutoSuggest_2_7_na_na_na&fm=organic&iid=6ed79fb2-5c0e-42e3-b242-2875fe734b15.MSCFJHWFPRGXJGCG.SEARCH&ppt=None&ppn=None&ssid=blw6th6h5c0000001744465346395&qH=acc9cfaf85944a73,"Cetaphil Moisturising Cream Face & Body (250gm), Pack of 2 (250gmx2)  (500 g)","₹2,536",https://rukminim2.flixcart.com/image/416/416/xif0q/moisturizer-cream/a/i/1/-original-imagsqfgvz5uhz2q.jpeg?q=70&crop=false
https://www.flipkart.com/cetaphil-optimal-hydration-body-spray-moisturizer/p/itm587e8b0ff21d1?pid=MSCGSMXDXCMFMWSZ&lid=LSTMSCGSMXDXCMFMWSZYFPPLN&marketplace=FLIPKART&q=moisturizer&store=g9b%2Fema%2F5la%2F1ke&srno=s_2_68&otracker=AS_QueryStore_OrganicAutoSuggest_2_7_na_na_na&otracker1=AS_QueryStore_OrganicAutoSuggest_2_7_na_na_na&fm=organic&iid=6ed79fb2-5c0e-42e3-b242-2875fe734b15.MSCGSMXDXCMFMWSZ.SEARCH&ppt=None&ppn=None&ssid=blw6th6h5c0000001744465346395&qH=acc9cfaf85944a73,Cetaphil Optimal Hydration Body Spray Moisturizer  (207 ml),"₹1,050",https://rukminim2.flixcart.com/image/416/416/xif0q/moisturizer-cream/u/p/t/-original-imagt4peeghvhqzb.jpeg?q=70&crop=false
https://www.flipkart.com/cetaphil-bright-healthy-radiance-body-lotion/p/itm33f5dd8d11dc1?pid=MSCGYUVDVBTGBYD3&lid=LSTMSCGYUVDVBTGBYD3YKCN4H&marketplace=FLIPKART&q=moisturizer&store=g9b%2Fema%2F5la%2F1ke&spotlightTagId=default_TrendingId_g9b%2Fema%2F5la%2F1ke&srno=s_2_67&otracker=AS_QueryStore_OrganicAutoSuggest_2_7_na_na_na&otracker1=AS_QueryStore_OrganicAutoSuggest_2_7_na_na_na&fm=organic&iid=6ed79fb2-5c0e-42e3-b242-2875fe734b15.MSCGYUVDVBTGBYD3.SEARCH&ppt=None&ppn=None&ssid=blw6th6h5c0000001744465346395&qH=acc9cfaf85944a73,Cetaphil Bright Healthy Radiance Body Lotion  (245 ml),"₹1,400",https://rukminim2.flixcart.com/image/416/416/xif0q/moisturizer-cream/p/a/v/-original-imagskrffuh2wzfn.jpeg?q=70&crop=false
https://www.flipkart.com/cetaphil-moisturising-lotion-all-skin-pack-2/p/itm57506d83a4aeb?pid=MSCFVH9NFAZGSGZB&lid=LSTMSCFVH9NFAZGSGZBEYXIED&marketplace=FLIPKART&q=moisturizer&store=g9b%2Fema%2F5la%2F1ke&srno=s_2_66&otracker=AS_QueryStore_OrganicAutoSuggest_2_7_na_na_na&otracker1=AS_QueryStore_OrganicAutoSuggest_2_7_na_na_na&fm=organic&iid=6ed79fb2-5c0e-42e3-b242-2875fe734b15.MSCFVH9NFAZGSGZB.SEARCH&ppt=None&ppn=None&ssid=blw6th6h5c0000001744465346395&qH=acc9cfaf85944a73,Cetaphil Moisturising Lotion For All Skin (Pack Of 2)  (200 ml),"₹1,150",https://rukminim2.flixcart.com/image/416/416/xif0q/moisturizer-cream/e/x/f/-original-imagsqfg8gqqe24g.jpeg?q=70&crop=false
https://www.flipkart.com/cetaphil-moisturising-lotion-face-body-all-skin-type-100ml-3-pack-3/p/itm79a5b4b70e098?pid=MSCFYTQ3AGXHB2X5&lid=LSTMSCFYTQ3AGXHB2X5YA3IZ4&marketplace=FLIPKART&q=moisturizer&store=g9b%2Fema%2F5la%2F1ke&srno=s_2_65&otracker=AS_QueryStore_OrganicAutoSuggest_2_7_na_na_na&otracker1=AS_QueryStore_OrganicAutoSuggest_2_7_na_na_na&fm=organic&iid=6ed79fb2-5c0e-42e3-b242-2875fe734b15.MSCFYTQ3AGXHB2X5.SEARCH&ppt=None&ppn=None&ssid=blw6th6h5c0000001744465346395&qH=acc9cfaf85944a73,Cetaphil Moisturising Lotion for Face & Body (All Skin Type) (100ml*3) (Pack of 3)  (100 ml),"₹1,587",https://rukminim2.flixcart.com/image/416/416/xif0q/moisturizer-cream/g/h/l/-original-imagsqfgswjchekj.jpeg?q=70&crop=false
https://www.flipkart.com/cetaphil-moisturizing-lotion-gentle-skin-cleanser-100-ml-125/p/itme5fbc1cf826ec?pid=MSCH8VYGNQGNXF2Y&lid=LSTMSCH8VYGNQGNXF2YWNITZM&marketplace=FLIPKART&q=moisturizer&store=g9b%2Fema%2F5la%2F1ke&srno=s_2_64&otracker=AS_QueryStore_OrganicAutoSuggest_2_7_na_na_na&otracker1=AS_QueryStore_OrganicAutoSuggest_2_7_na_na_na&fm=organic&iid=6ed79fb2-5c0e-42e3-b242-2875fe734b15.MSCH8VYGNQGNXF2Y.SEARCH&ppt=None&ppn=None&ssid=blw6th6h5c0000001744465346395&qH=acc9cfaf85944a73,"Cetaphil Moisturizing Lotion + Gentle Skin Cleanser, 100 ml /125 ml  (225 ml)","₹1,054",https://rukminim2.flixcart.com/image/416/416/xif0q/moisturizer-cream/k/u/i/225-moisturizing-lotion-gentle-skin-cleanser-100-ml-125-ml-original-imah97t6cswegcxt.jpeg?q=70&crop=false
https://www.flipkart.com/cetaphil-baby-daily-lotion-400ml-pack-2/p/itm207ac2889d5c5?pid=MSCFKH49J5N6SFDA&lid=LSTMSCFKH49J5N6SFDA7KDKZX&marketplace=FLIPKART&q=moisturizer&store=g9b%2Fema%2F5la%2F1ke&srno=s_2_63&otracker=AS_QueryStore_OrganicAutoSuggest_2_7_na_na_na&otracker1=AS_QueryStore_OrganicAutoSuggest_2_7_na_na_na&fm=organic&iid=6ed79fb2-5c0e-42e3-b242-2875fe734b15.MSCFKH49J5N6SFDA.SEARCH&ppt=None&ppn=None&ssid=blw6th6h5c0000001744465346395&qH=acc9cfaf85944a73,Cetaphil Baby Daily Lotion (400ml) - Pack of 2  (800 ml),"₹1,767",https://rukminim2.flixcart.com/image/416/416/k0sgl8w0/moisturizer-cream/d/9/d/400-baby-daily-lotion-400ml-pack-of-2-cetaphil-lotion-original-imafkhmdwg4qbrnc.jpeg?q=70&crop=false
https://www.flipkart.com/cetaphil-baby-daily-lotion-400ml-gentle-wash-shampoo-230ml-pack-2/p/itmewywkzxv7qhss?pid=MSCEWXCC29HCFF66&lid=LSTMSCEWXCC29HCFF66HICPD4&marketplace=FLIPKART&q=moisturizer&store=g9b%2Fema%2F5la%2F1ke&srno=s_2_62&otracker=AS_QueryStore_OrganicAutoSuggest_2_7_na_na_na&otracker1=AS_QueryStore_OrganicAutoSuggest_2_7_na_na_na&fm=organic&iid=6ed79fb2-5c0e-42e3-b242-2875fe734b15.MSCEWXCC29HCFF66.SEARCH&ppt=None&ppn=None&ssid=blw6th6h5c0000001744465346395&qH=acc9cfaf85944a73,"Cetaphil Baby Daily Lotion, 400ml and Baby Gentle Wash and Shampoo, 230ml (Pack of 2)  (400 ml)","₹1,656",https://rukminim2.flixcart.com/image/416/416/j6jn24w0/moisturizer-cream/f/6/6/400-baby-daily-lotion-400ml-and-baby-gentle-wash-and-shampoo-original-imaewxc2fg8eyrfp.jpeg?q=70&crop=false
https://www.flipkart.com/dot-key-yoghurt-body-moisturizer-avalon-lemon-verbena-lotion-all-skin-types/p/itmac8b1aeb16fc4?pid=MSCG8KXGA2XSAVRU&lid=LSTMSCG8KXGA2XSAVRUKMNCWQ&marketplace=FLIPKART&q=moisturizer&store=g9b%2Fema%2F5la%2F1ke&srno=s_2_61&otracker=AS_QueryStore_OrganicAutoSuggest_2_7_na_na_na&otracker1=AS_QueryStore_OrganicAutoSuggest_2_7_na_na_na&fm=organic&iid=6ed79fb2-5c0e-42e3-b242-2875fe734b15.MSCG8KXGA2XSAVRU.SEARCH&ppt=None&ppn=None&ssid=blw6th6h5c0000001744465346395&qH=acc9cfaf85944a73,"Dot & Key Yoghurt Body Moisturizer Avalon Lemon & Verbena, Body lotion for All Skin Types  (200 ml)",₹466,https://rukminim2.flixcart.com/image/416/416/l13whow0/moisturizer-cream/r/q/l/200-yoghurt-body-moisturizer-avalon-lemon-verbena-bergamot-deep-original-imagcqxsvmzjeqy6.jpeg?q=70&crop=false
https://www.flipkart.com/cetaphil-bright-healthy-radiance-night-comfort-cream/p/itmf3fa17eea7e79?pid=MSCGYUVJHD9CVZQD&lid=LSTMSCGYUVJHD9CVZQDGIQNIA&marketplace=FLIPKART&q=moisturizer&store=g9b%2Fema%2F5la%2F1ke&srno=s_2_60&otracker=AS_QueryStore_OrganicAutoSuggest_2_7_na_na_na&otracker1=AS_QueryStore_OrganicAutoSuggest_2_7_na_na_na&fm=organic&iid=6ed79fb2-5c0e-42e3-b242-2875fe734b15.MSCGYUVJHD9CVZQD.SEARCH&ppt=None&ppn=None&ssid=blw6th6h5c0000001744465346395&qH=acc9cfaf85944a73,Cetaphil Bright Healthy Radiance Night Comfort Cream  (50 g),"₹1,199",https://rukminim2.flixcart.com/image/416/416/xif0q/moisturizer-cream/u/b/a/-original-imaggujhhywzptjv.jpeg?q=70&crop=false
https://www.flipkart.com/cetaphil-spf-30-light-gel-sunscreen/p/itma47e58605b0f3?pid=MSCGHQZEEKFW49UM&lid=LSTMSCGHQZEEKFW49UMOIKFE3&marketplace=FLIPKART&q=moisturizer&store=g9b%2Fema%2F5la%2F1ke&srno=s_2_59&otracker=AS_QueryStore_OrganicAutoSuggest_2_7_na_na_na&otracker1=AS_QueryStore_OrganicAutoSuggest_2_7_na_na_na&fm=organic&iid=6ed79fb2-5c0e-42e3-b242-2875fe734b15.MSCGHQZEEKFW49UM.SEARCH&ppt=None&ppn=None&ssid=blw6th6h5c0000001744465346395&qH=acc9cfaf85944a73,Cetaphil SPF 30 Light Gel Sunscreen  (100 ml),"₹1,116",https://rukminim2.flixcart.com/image/416/416/xif0q/moisturizer-cream/e/k/s/-original-imagq43j2zjunze5.jpeg?q=70&crop=false
https://www.flipkart.com/cetaphil-restoraderm-skin-restoring-body-moisturizer-very-dry-itchy-skin-295ml/p/itmewue6nxgafnzx?pid=MSCEWTUYB9SF2BJG&lid=LSTMSCEWTUYB9SF2BJG7UIOMB&marketplace=FLIPKART&q=moisturizer&store=g9b%2Fema%2F5la%2F1ke&srno=s_2_58&otracker=AS_QueryStore_OrganicAutoSuggest_2_7_na_na_na&otracker1=AS_QueryStore_OrganicAutoSuggest_2_7_na_na_na&fm=organic&iid=6ed79fb2-5c0e-42e3-b242-2875fe734b15.MSCEWTUYB9SF2BJG.SEARCH&ppt=None&ppn=None&ssid=blw6th6h5c0000001744465346395&qH=acc9cfaf85944a73,"Cetaphil Restoraderm, Skin Restoring Body Moisturizer, for Very Dry Itchy Skin, 295ml  (295 ml)","₹2,153",https://rukminim2.flixcart.com/image/416/416/xif0q/moisturizer-cream/z/h/o/-original-imags9nxrhwaft9w.jpeg?q=70&crop=false
https://www.flipkart.com/cetaphil-moisturizing-lotion-sensitive-dry-skin-pack-2/p/itmeqfrfv5mvkdr6?pid=MSCEQFRFEWTFADRN&lid=LSTMSCEQFRFEWTFADRNLSAYAC&marketplace=FLIPKART&q=moisturizer&store=g9b%2Fema%2F5la%2F1ke&srno=s_2_57&otracker=AS_QueryStore_OrganicAutoSuggest_2_7_na_na_na&otracker1=AS_QueryStore_OrganicAutoSuggest_2_7_na_na_na&fm=organic&iid=6ed79fb2-5c0e-42e3-b242-2875fe734b15.MSCEQFRFEWTFADRN.SEARCH&ppt=None&ppn=None&ssid=blw6th6h5c0000001744465346395&qH=acc9cfaf85944a73,Cetaphil Moisturizing Lotion for sensitive or dry skin - Pack of 2  (250 ml),"₹2,278",https://rukminim2.flixcart.com/image/416/416/xif0q/moisturizer-cream/h/r/q/-original-imagsqfgdzvzqdrj.jpeg?q=70&crop=false
https://www.flipkart.com/cetaphil-moisturising-cream-face-body-all-skin-type-80gm-2-pack-2/p/itm7428566fcc164?pid=MSCFYTSXEE8GQBEF&lid=LSTMSCFYTSXEE8GQBEFNPRALV&marketplace=FLIPKART&q=moisturizer&store=g9b%2Fema%2F5la%2F1ke&srno=s_2_56&otracker=AS_QueryStore_OrganicAutoSuggest_2_7_na_na_na&otracker1=AS_QueryStore_OrganicAutoSuggest_2_7_na_na_na&fm=organic&iid=6ed79fb2-5c0e-42e3-b242-2875fe734b15.MSCFYTSXEE8GQBEF.SEARCH&ppt=None&ppn=None&ssid=blw6th6h5c0000001744465346395&qH=acc9cfaf85944a73,Cetaphil Moisturising Cream for Face & Body (All Skin Type) (80gm*2) (Pack of 2)  (80 ml),"₹1,160",https://rukminim2.flixcart.com/image/416/416/xif0q/moisturizer-cream/f/v/8/-original-imagsqfg6tghpbcs.jpeg?q=70&crop=false
https://www.flipkart.com/cetaphil-optimal-hydration-activation-serum/p/itm4216941a78f8c?pid=MSCGSMXDPAAKCGP2&lid=LSTMSCGSMXDPAAKCGP2VLPNOT&marketplace=FLIPKART&q=moisturizer&store=g9b%2Fema%2F5la%2F1ke&srno=s_2_55&otracker=AS_QueryStore_OrganicAutoSuggest_2_7_na_na_na&otracker1=AS_QueryStore_OrganicAutoSuggest_2_7_na_na_na&fm=organic&iid=6ed79fb2-5c0e-42e3-b242-2875fe734b15.MSCGSMXDPAAKCGP2.SEARCH&ppt=None&ppn=None&ssid=blw6th6h5c0000001744465346395&qH=acc9cfaf85944a73,Cetaphil Optimal Hydration Activation Serum  (30 ml),₹722,https://rukminim2.flixcart.com/image/416/416/xif0q/moisturizer-cream/q/i/g/-original-imagt4penzzc2hj7.jpeg?q=70&crop=false
https://www.flipkart.com/cetaphil-optimal-hydration-daily-cream/p/itmacd09c9b2574b?pid=MSCGSMXDETVYRCQC&lid=LSTMSCGSMXDETVYRCQC1NHIMJ&marketplace=FLIPKART&q=moisturizer&store=g9b%2Fema%2F5la%2F1ke&srno=s_2_54&otracker=AS_QueryStore_OrganicAutoSuggest_2_7_na_na_na&otracker1=AS_QueryStore_OrganicAutoSuggest_2_7_na_na_na&fm=organic&iid=6ed79fb2-5c0e-42e3-b242-2875fe734b15.MSCGSMXDETVYRCQC.SEARCH&ppt=None&ppn=None&ssid=blw6th6h5c0000001744465346395&qH=acc9cfaf85944a73,Cetaphil Optimal Hydration Daily Cream  (50 g),"₹1,105",https://rukminim2.flixcart.com/image/416/416/xif0q/moisturizer-cream/d/h/m/-original-imagt4pep3ngzhhs.jpeg?q=70&crop=false
https://www.flipkart.com/minimalist-0-3-ceramide-barrier-repair-moisturizing-cream-oily-skin-madecassoside-oil-free/p/itm7a9dd05629ce6?pid=MSCGA3BF9Q2AT6D6&lid=LSTMSCGA3BF9Q2AT6D6LJUKWE&marketplace=FLIPKART&q=moisturizer&store=g9b%2Fema%2F5la%2F1ke&srno=s_2_53&otracker=AS_QueryStore_OrganicAutoSuggest_2_7_na_na_na&otracker1=AS_QueryStore_OrganicAutoSuggest_2_7_na_na_na&fm=organic&iid=6ed79fb2-5c0e-42e3-b242-2875fe734b15.MSCGA3BF9Q2AT6D6.SEARCH&ppt=None&ppn=None&ssid=blw6th6h5c0000001744465346395&qH=acc9cfaf85944a73,Minimalist 0.3% Ceramide Barrier Repair Moisturizing Cream for Oily skin with Madecassoside (Oil-free)  (50 g),₹569,https://rukminim2.flixcart.com/image/416/416/xif0q/moisturizer-cream/1/n/g/30-0-3-ceramide-barrier-repair-moisturizing-cream-for-oily-skin-original-imagy2ky22txeubx.jpeg?q=70&crop=false
https://www.flipkart.com/cetaphil-moisturising-lotion-250ml/p/itm37edaceb5a6c3?pid=MSCGHQZEGZSFHE9P&lid=LSTMSCGHQZEGZSFHE9PZDQY2O&marketplace=FLIPKART&q=moisturizer&store=g9b%2Fema%2F5la%2F1ke&srno=s_2_52&otracker=AS_QueryStore_OrganicAutoSuggest_2_7_na_na_na&otracker1=AS_QueryStore_OrganicAutoSuggest_2_7_na_na_na&fm=organic&iid=6ed79fb2-5c0e-42e3-b242-2875fe734b15.MSCGHQZEGZSFHE9P.SEARCH&ppt=None&ppn=None&ssid=blw6th6h5c0000001744465346395&qH=acc9cfaf85944a73,Cetaphil Moisturising Lotion 250ml  (250 ml),"₹1,054",https://rukminim2.flixcart.com/image/416/416/xif0q/moisturizer-cream/r/q/b/-original-imah33nsbtuyxjwy.jpeg?q=70&crop=false
https://www.flipkart.com/minimalist-nourishing-baby-lotion-ceramide-squalane-pediatrics-approved/p/itmb76beefd72c7b?pid=BSTH2HJGSYHPFVMP&lid=LSTBSTH2HJGSYHPFVMPVEA3VT&marketplace=FLIPKART&q=moisturizer&store=g9b%2Fema%2F5la%2F1ke&srno=s_2_51&otracker=AS_QueryStore_OrganicAutoSuggest_2_7_na_na_na&otracker1=AS_QueryStore_OrganicAutoSuggest_2_7_na_na_na&fm=organic&iid=6ed79fb2-5c0e-42e3-b242-2875fe734b15.BSTH2HJGSYHPFVMP.SEARCH&ppt=None&ppn=None&ssid=blw6th6h5c0000001744465346395&qH=acc9cfaf85944a73,Minimalist Nourishing Baby Lotion with Ceramide & Squalane | Pediatrics Approved  (300 g),₹899,https://rukminim2.flixcart.com/image/416/416/xif0q/body-skin-treatment/p/8/k/300-nourishing-baby-lotion-with-ceramide-squalane-pediatrics-original-imah2hjgtzukspnu.jpeg?q=70&crop=false
https://www.flipkart.com/derma-co-5-vitamin-c-oil-free-daily-face-moisturizer-skin-radiance/p/itm306d75423ec27?pid=MSCGJ9A5NHBD3SYH&lid=LSTMSCGJ9A5NHBD3SYHHEJFQ1&marketplace=FLIPKART&q=moisturizer&store=g9b%2Fema%2F5la%2F1ke&srno=s_2_50&otracker=AS_QueryStore_OrganicAutoSuggest_2_7_na_na_na&otracker1=AS_QueryStore_OrganicAutoSuggest_2_7_na_na_na&fm=organic&iid=6ed79fb2-5c0e-42e3-b242-2875fe734b15.MSCGJ9A5NHBD3SYH.SEARCH&ppt=None&ppn=None&ssid=blw6th6h5c0000001744465346395&qH=acc9cfaf85944a73,The Derma Co 5% Vitamin C Oil-Free Daily Face Moisturizer for Skin Radiance  (100 g),₹279,https://rukminim2.flixcart.com/image/416/416/xif0q/moisturizer-cream/o/r/z/-original-imagpuw9dhfwxnpy.jpeg?q=70&crop=false
https://www.flipkart.com/cetaphil-moisturising-cream-450gm/p/itm677c56c450d06?pid=MSCH2YQYHUNTGGKC&lid=LSTMSCH2YQYHUNTGGKCYTKGWJ&marketplace=FLIPKART&q=moisturizer&store=g9b%2Fema%2F5la%2F1ke&srno=s_2_49&otracker=AS_QueryStore_OrganicAutoSuggest_2_7_na_na_na&otracker1=AS_QueryStore_OrganicAutoSuggest_2_7_na_na_na&fm=organic&iid=6ed79fb2-5c0e-42e3-b242-2875fe734b15.MSCH2YQYHUNTGGKC.SEARCH&ppt=None&ppn=None&ssid=blw6th6h5c0000001744465346395&qH=acc9cfaf85944a73,Cetaphil Moisturising Cream 450gm  (450 g),"₹1,619",https://rukminim2.flixcart.com/image/416/416/xif0q/moisturizer-cream/h/x/d/-original-imah2jmqmfxxrgt7.jpeg?q=70&crop=false
https://www.flipkart.com/cetaphil-optimal-hydration-replenishing-night-cream/p/itm10da57565f6ad?pid=MSCGSMXDHZHWMNSG&lid=LSTMSCGSMXDHZHWMNSGZRK378&marketplace=FLIPKART&q=moisturizer&store=g9b%2Fema%2F5la%2F1ke&srno=s_2_48&otracker=AS_QueryStore_OrganicAutoSuggest_2_7_na_na_na&otracker1=AS_QueryStore_OrganicAutoSuggest_2_7_na_na_na&fm=organic&iid=6ed79fb2-5c0e-42e3-b242-2875fe734b15.MSCGSMXDHZHWMNSG.SEARCH&ppt=None&ppn=None&ssid=blw6th6h5c0000001744465346395&qH=acc9cfaf85944a73,Cetaphil Optimal Hydration Replenishing Night Cream  (50 g),₹936,https://rukminim2.flixcart.com/image/416/416/xif0q/moisturizer-cream/g/s/8/-original-imagt4pggugh5kvj.jpeg?q=70&crop=false
https://www.flipkart.com/cetaphil-moisturising-lotion-500ml/p/itmf58956eabaef4?pid=MSCGHQZEHG7DF5ZX&lid=LSTMSCGHQZEHG7DF5ZXQNVN67&marketplace=FLIPKART&q=moisturizer&store=g9b%2Fema%2F5la%2F1ke&srno=s_2_47&otracker=AS_QueryStore_OrganicAutoSuggest_2_7_na_na_na&otracker1=AS_QueryStore_OrganicAutoSuggest_2_7_na_na_na&fm=organic&iid=6ed79fb2-5c0e-42e3-b242-2875fe734b15.MSCGHQZEHG7DF5ZX.SEARCH&ppt=None&ppn=None&ssid=blw6th6h5c0000001744465346395&qH=acc9cfaf85944a73,Cetaphil Moisturising Lotion 500ml  (500 ml),"₹1,484",https://rukminim2.flixcart.com/image/416/416/xif0q/moisturizer-cream/w/w/h/-original-imagq43jjdvumerp.jpeg?q=70&crop=false
https://www.flipkart.com/cetaphil-baby-daily-lotion-organic-calendula-face-body/p/itmfgjc8zg2bfw8h?pid=MSCFGJYEY4CFHMA5&lid=LSTMSCFGJYEY4CFHMA5AW8SDK&marketplace=FLIPKART&q=moisturizer&store=g9b%2Fema%2F5la%2F1ke&srno=s_2_46&otracker=AS_QueryStore_OrganicAutoSuggest_2_7_na_na_na&otracker1=AS_QueryStore_OrganicAutoSuggest_2_7_na_na_na&fm=organic&iid=6ed79fb2-5c0e-42e3-b242-2875fe734b15.MSCFGJYEY4CFHMA5.SEARCH&ppt=None&ppn=None&ssid=blw6th6h5c0000001744465346395&qH=acc9cfaf85944a73,Cetaphil BABY DAILY LOTION WITH ORGANIC CALENDULA FACE AND BODY  (400 ml),"₹1,486",https://rukminim2.flixcart.com/image/416/416/xif0q/moisturizer-cream/v/1/c/-original-imah2e7znbfa8dmh.jpeg?q=70&crop=false
https://www.flipkart.com/cetaphil-bright-healthy-radiance-day-protection-cream/p/itmb41f5dca40513?pid=MSCGYQPRXS37B9HQ&lid=LSTMSCGYQPRXS37B9HQ9DBVIO&marketplace=FLIPKART&q=moisturizer&store=g9b%2Fema%2F5la%2F1ke&srno=s_2_45&otracker=AS_QueryStore_OrganicAutoSuggest_2_7_na_na_na&otracker1=AS_QueryStore_OrganicAutoSuggest_2_7_na_na_na&fm=organic&iid=6ed79fb2-5c0e-42e3-b242-2875fe734b15.MSCGYQPRXS37B9HQ.SEARCH&ppt=None&ppn=None&ssid=blw6th6h5c0000001744465346395&qH=acc9cfaf85944a73,Cetaphil Bright Healthy Radiance Day Protection Cream  (50 ml),"₹1,055",https://rukminim2.flixcart.com/image/416/416/xif0q/moisturizer-cream/v/u/q/-original-imagskrymuh9gfa7.jpeg?q=70&crop=false
https://www.flipkart.com/derma-co-1-salicylic-acid-daily-exfoliating-body-serum-lotion-rough-bumpy-skin/p/itm2eae4f322c0aa?pid=MSCGHPY2KXCQCVGY&lid=LSTMSCGHPY2KXCQCVGYLIG1YQ&marketplace=FLIPKART&q=moisturizer&store=g9b%2Fema%2F5la%2F1ke&srno=s_2_44&otracker=AS_QueryStore_OrganicAutoSuggest_2_7_na_na_na&otracker1=AS_QueryStore_OrganicAutoSuggest_2_7_na_na_na&fm=search-autosuggest&iid=6ed79fb2-5c0e-42e3-b242-2875fe734b15.MSCGHPY2KXCQCVGY.SEARCH&ppt=sp&ppn=sp&ssid=blw6th6h5c0000001744465346395&qH=acc9cfaf85944a73,The Derma Co 1% Salicylic Acid Daily Exfoliating Body Serum Lotion For Rough & Bumpy Skin  (250 ml),₹319,https://rukminim2.flixcart.com/image/416/416/xif0q/moisturizer-cream/v/f/u/250-1-salicylic-acid-daily-exfoliating-body-serum-lotion-for-original-imaha4zkfq9yzz4n.jpeg?q=70&crop=false
https://www.flipkart.com/minimalist-0-3-ceramide-barrier-repair-moisturizing-cream-dry-skin-bisabolol/p/itm0ee2d7144685d?pid=MSCGA3BHGVCPY8G7&lid=LSTMSCGA3BHGVCPY8G7N7QOKM&marketplace=FLIPKART&q=moisturizer&store=g9b%2Fema%2F5la%2F1ke&srno=s_2_43&otracker=AS_QueryStore_OrganicAutoSuggest_2_7_na_na_na&otracker1=AS_QueryStore_OrganicAutoSuggest_2_7_na_na_na&fm=search-autosuggest&iid=6ed79fb2-5c0e-42e3-b242-2875fe734b15.MSCGA3BHGVCPY8G7.SEARCH&ppt=sp&ppn=sp&ssid=blw6th6h5c0000001744465346395&qH=acc9cfaf85944a73,Minimalist 0.3% Ceramide Barrier Repair Moisturizing Cream for Dry Skin with Bisabolol  (50 g),₹569,https://rukminim2.flixcart.com/image/416/416/kyuge4w0/moisturizer-cream/n/n/s/30-0-3-ceramide-barrier-repair-moisturizing-cream-for-dry-skin-original-imagayy6suetvqaq.jpeg?q=70&crop=false
https://www.flipkart.com/dot-key-watermelon-dew-strobe-cream-skin-radiance-moisturizer-highlighter-face/p/itm19eeaaca5dc30?pid=MSCH3FMXJEGQYHWN&lid=LSTMSCH3FMXJEGQYHWNFP9G21&marketplace=FLIPKART&q=moisturizer&store=g9b%2Fema%2F5la%2F1ke&srno=s_2_42&otracker=AS_QueryStore_OrganicAutoSuggest_2_7_na_na_na&otracker1=AS_QueryStore_OrganicAutoSuggest_2_7_na_na_na&fm=search-autosuggest&iid=6ed79fb2-5c0e-42e3-b242-2875fe734b15.MSCH3FMXJEGQYHWN.SEARCH&ppt=sp&ppn=sp&ssid=blw6th6h5c0000001744465346395&qH=acc9cfaf85944a73,Dot & Key Watermelon Dew Strobe Cream for Skin Radiance Moisturizer & Highlighter for Face  (30 ml),₹297,https://rukminim2.flixcart.com/image/416/416/xif0q/moisturizer-cream/p/d/g/-original-imah4znsvmmdhtj3.jpeg?q=70&crop=false
https://www.flipkart.com/dot-key-vitamin-c-e-strobe-cream-skin-radiance-moisturizer-highlighter-face/p/itm9dc3e7acb8457?pid=MSCH3FM6YHYTVNBC&lid=LSTMSCH3FM6YHYTVNBC0BWQXW&marketplace=FLIPKART&q=moisturizer&store=g9b%2Fema%2F5la%2F1ke&srno=s_2_41&otracker=AS_QueryStore_OrganicAutoSuggest_2_7_na_na_na&otracker1=AS_QueryStore_OrganicAutoSuggest_2_7_na_na_na&fm=search-autosuggest&iid=6ed79fb2-5c0e-42e3-b242-2875fe734b15.MSCH3FM6YHYTVNBC.SEARCH&ppt=sp&ppn=sp&ssid=blw6th6h5c0000001744465346395&qH=acc9cfaf85944a73,Dot & Key Vitamin C+E Strobe Cream for Skin Radiance Moisturizer & Highlighter for Face  (30 ml),₹297,https://rukminim2.flixcart.com/image/416/416/xif0q/moisturizer-cream/w/v/a/-original-imah4zns38hsavfk.jpeg?q=70&crop=false
https://www.flipkart.com/dot-key-watermelon-cooling-icy-gel-moisturizer-instantly-cools-skin-with-hyaluronic/p/itmeb7dba5eb5466?pid=MSCH9H9BYGHZNKGB&lid=LSTMSCH9H9BYGHZNKGBI5VTPY&marketplace=FLIPKART&q=moisturizer&store=g9b%2Fema%2F5la%2F1ke&srno=s_1_40&otracker=AS_QueryStore_OrganicAutoSuggest_2_7_na_na_na&otracker1=AS_QueryStore_OrganicAutoSuggest_2_7_na_na_na&fm=organic&iid=c8ab0494-c467-41b6-874e-8fc5488e0a92.MSCH9H9BYGHZNKGB.SEARCH&ppt=None&ppn=None&ssid=koyrcnfpu80000001744465011791&qH=acc9cfaf85944a73,"Dot & Key Watermelon Cooling Icy Gel Moisturizer,Instantly Cools Skin,With Hyaluronic  (60 ml)",₹436,https://rukminim2.flixcart.com/image/416/416/xif0q/moisturizer-cream/i/4/w/60-watermelon-cooling-icy-gel-moisturizer-instantly-cools-skin-original-imaha6d3mbgzz2bu.jpeg?q=70&crop=false
https://www.flipkart.com/cetaphil-moisturising-cream-dry-normal-sensitive-skin/p/itmdfb95bd18bd3d?pid=MSCFXZFZHCZJX57Q&lid=LSTMSCFXZFZHCZJX57QUYOUJS&marketplace=FLIPKART&q=moisturizer&store=g9b%2Fema%2F5la%2F1ke&srno=s_1_39&otracker=AS_QueryStore_OrganicAutoSuggest_2_7_na_na_na&otracker1=AS_QueryStore_OrganicAutoSuggest_2_7_na_na_na&fm=organic&iid=c8ab0494-c467-41b6-874e-8fc5488e0a92.MSCFXZFZHCZJX57Q.SEARCH&ppt=None&ppn=None&ssid=koyrcnfpu80000001744465011791&qH=acc9cfaf85944a73,"Cetaphil Moisturising cream, dry to normal sensitive skin  (250 g)","₹1,169",https://rukminim2.flixcart.com/image/416/416/xif0q/moisturizer-cream/r/f/c/-original-imagq43ggj2tk9cb.jpeg?q=70&crop=false
https://www.flipkart.com/derma-co-5-nia-ceramide-daily-hydrating-moisturizer-niacinamide-2-ceramide/p/itm900a77c1c0edd?pid=MSCH4U6CDVMSSWJ4&lid=LSTMSCH4U6CDVMSSWJ447HPWB&marketplace=FLIPKART&q=moisturizer&store=g9b%2Fema%2F5la%2F1ke&srno=s_1_38&otracker=AS_QueryStore_OrganicAutoSuggest_2_7_na_na_na&otracker1=AS_QueryStore_OrganicAutoSuggest_2_7_na_na_na&fm=organic&iid=c8ab0494-c467-41b6-874e-8fc5488e0a92.MSCH4U6CDVMSSWJ4.SEARCH&ppt=None&ppn=None&ssid=koyrcnfpu80000001744465011791&qH=acc9cfaf85944a73,"The Derma Co 5% Nia-Ceramide Daily Hydrating Moisturizer | 5% Niacinamide, 2% Ceramide  (100 g)",₹359,https://rukminim2.flixcart.com/image/416/416/xif0q/moisturizer-cream/8/h/2/100-5-nia-ceramide-daily-hydrating-moisturizer-5-niacinamide-2-original-imah7nfyyzgsh4k3.jpeg?q=70&crop=false
https://www.flipkart.com/derma-co-1-kojic-acid-daily-glow-body-serum-lotion-skin-radiance/p/itm1f77a8b229b2a?pid=MSCGHPXFWTTXSGFB&lid=LSTMSCGHPXFWTTXSGFBURILP5&marketplace=FLIPKART&q=moisturizer&store=g9b%2Fema%2F5la%2F1ke&srno=s_1_37&otracker=AS_QueryStore_OrganicAutoSuggest_2_7_na_na_na&otracker1=AS_QueryStore_OrganicAutoSuggest_2_7_na_na_na&fm=organic&iid=c8ab0494-c467-41b6-874e-8fc5488e0a92.MSCGHPXFWTTXSGFB.SEARCH&ppt=None&ppn=None&ssid=koyrcnfpu80000001744465011791&qH=acc9cfaf85944a73,The Derma Co 1% Kojic Acid Daily Glow Body Serum Lotion For Skin Radiance  (250 ml),₹358,https://rukminim2.flixcart.com/image/416/416/xif0q/moisturizer-cream/t/y/w/250-1-kojic-acid-daily-glow-body-serum-lotion-for-skin-radiance-original-imaha4zkrs4gqw8g.jpeg?q=70&crop=false
https://www.flipkart.com/dot-key-strawberry-dew-strobe-cream-skin-radiance-moisturizer-highlighter-face/p/itmc1b79d9220e05?pid=MSCGWYAUJ4T9RX4Q&lid=LSTMSCGWYAUJ4T9RX4QNBRNAB&marketplace=FLIPKART&q=moisturizer&store=g9b%2Fema%2F5la%2F1ke&srno=s_1_36&otracker=AS_QueryStore_OrganicAutoSuggest_2_7_na_na_na&otracker1=AS_QueryStore_OrganicAutoSuggest_2_7_na_na_na&fm=organic&iid=c8ab0494-c467-41b6-874e-8fc5488e0a92.MSCGWYAUJ4T9RX4Q.SEARCH&ppt=None&ppn=None&ssid=koyrcnfpu80000001744465011791&qH=acc9cfaf85944a73,Dot & Key Strawberry Dew Strobe Cream for Skin Radiance Moisturizer & Highlighter for Face  (60 ml),₹500,https://rukminim2.flixcart.com/image/416/416/xif0q/moisturizer-cream/n/o/o/30-strawberry-dew-in-the-spotlight-strobe-cream-dot-key-cream-original-imagtdpryaqeg9uh.jpeg?q=70&crop=false
https://www.flipkart.com/dot-key-pomegranate-multi-peptide-anti-ageing-moisturizer-spf-30-reduces-wrinkles/p/itme30c257e6d82e?pid=MSCGHJP7BTFCVHCB&lid=LSTMSCGHJP7BTFCVHCBKEU3NA&marketplace=FLIPKART&q=moisturizer&store=g9b%2Fema%2F5la%2F1ke&srno=s_1_35&otracker=AS_QueryStore_OrganicAutoSuggest_2_7_na_na_na&otracker1=AS_QueryStore_OrganicAutoSuggest_2_7_na_na_na&fm=organic&iid=c8ab0494-c467-41b6-874e-8fc5488e0a92.MSCGHJP7BTFCVHCB.SEARCH&ppt=None&ppn=None&ssid=koyrcnfpu80000001744465011791&qH=acc9cfaf85944a73,Dot & Key Pomegranate + Multi-Peptide Anti Ageing Moisturizer SPF 30 | Reduces Wrinkles  (60 ml),₹426,https://rukminim2.flixcart.com/image/416/416/xif0q/moisturizer-cream/k/y/o/60-pomegranate-multi-peptide-anti-ageing-moisturizer-spf-30-original-imagpzdqzqkvfnzn.jpeg?q=70&crop=false
https://www.flipkart.com/derma-co-1-kojic-arbutin-night-repair-face-serum-gel-dark-spots-pigmentation/p/itmfbfd0f6d0ccf6?pid=MSCGFD6AAHRMKKGG&lid=LSTMSCGFD6AAHRMKKGGZKDFRU&marketplace=FLIPKART&q=moisturizer&store=g9b%2Fema%2F5la%2F1ke&srno=s_1_34&otracker=AS_QueryStore_OrganicAutoSuggest_2_7_na_na_na&otracker1=AS_QueryStore_OrganicAutoSuggest_2_7_na_na_na&fm=organic&iid=c8ab0494-c467-41b6-874e-8fc5488e0a92.MSCGFD6AAHRMKKGG.SEARCH&ppt=None&ppn=None&ssid=koyrcnfpu80000001744465011791&qH=acc9cfaf85944a73,The Derma Co 1% Kojic + Arbutin Night Repair Face Serum-Gel for Dark Spots & Pigmentation  (50 g),₹479,https://rukminim2.flixcart.com/image/416/416/l4hcx3k0/moisturizer-cream/w/t/y/50-1-kojic-arbutin-night-repair-face-serum-gel-for-dark-spots-original-imagfd6ayrsnhpus.jpeg?q=70&crop=false
https://www.flipkart.com/dot-key-ceramides-moisturizer-pack-2-for-intense-moisturizing-probiotics/p/itmb032b2ea946a6?pid=MSCGWYAHFY7QFHZZ&lid=LSTMSCGWYAHFY7QFHZZN7QSVF&marketplace=FLIPKART&q=moisturizer&store=g9b%2Fema%2F5la%2F1ke&srno=s_1_33&otracker=AS_QueryStore_OrganicAutoSuggest_2_7_na_na_na&otracker1=AS_QueryStore_OrganicAutoSuggest_2_7_na_na_na&fm=organic&iid=c8ab0494-c467-41b6-874e-8fc5488e0a92.MSCGWYAHFY7QFHZZ.SEARCH&ppt=None&ppn=None&ssid=koyrcnfpu80000001744465011791&qH=acc9cfaf85944a73,"Dot & Key Ceramides Moisturizer Pack of 2,for Intense Moisturizing With Probiotics  (200 g)",₹632,https://rukminim2.flixcart.com/image/416/416/xif0q/moisturizer-cream/s/b/m/-original-imahycxzhzsrsmun.jpeg?q=70&crop=false
https://www.flipkart.com/derma-co-ceramide-ha-intense-face-dry-skin-moisturiser/p/itm08c7763a7ea96?pid=MSCG3GURGFAHGV8H&lid=LSTMSCG3GURGFAHGV8HLB2LDE&marketplace=FLIPKART&q=moisturizer&store=g9b%2Fema%2F5la%2F1ke&srno=s_1_32&otracker=AS_QueryStore_OrganicAutoSuggest_2_7_na_na_na&otracker1=AS_QueryStore_OrganicAutoSuggest_2_7_na_na_na&fm=organic&iid=c8ab0494-c467-41b6-874e-8fc5488e0a92.MSCG3GURGFAHGV8H.SEARCH&ppt=None&ppn=None&ssid=koyrcnfpu80000001744465011791&qH=acc9cfaf85944a73,"The Derma Co Ceramide + HA Intense for Face, Dry Skin Moisturiser  (25 g)",₹147,https://rukminim2.flixcart.com/image/416/416/xif0q/moisturizer-cream/y/s/a/25-ceramide-ha-intense-for-face-dry-skin-moisturiser-the-derma-original-imaha4zkfap7zfmd.jpeg?q=70&crop=false
https://www.flipkart.com/derma-co-skin-renew-barrier-repair-peptide-moisturizer-vitamin-c/p/itmc84a0319409cf?pid=MSCGZV85GGQSXYJU&lid=LSTMSCGZV85GGQSXYJU48IXO6&marketplace=FLIPKART&q=moisturizer&store=g9b%2Fema%2F5la%2F1ke&srno=s_1_31&otracker=AS_QueryStore_OrganicAutoSuggest_2_7_na_na_na&otracker1=AS_QueryStore_OrganicAutoSuggest_2_7_na_na_na&fm=organic&iid=c8ab0494-c467-41b6-874e-8fc5488e0a92.MSCGZV85GGQSXYJU.SEARCH&ppt=None&ppn=None&ssid=koyrcnfpu80000001744465011791&qH=acc9cfaf85944a73,The Derma Co Skin Renew Barrier Repair Peptide Moisturizer with Peptide & Vitamin C  (50 ml),₹399,https://rukminim2.flixcart.com/image/416/416/xif0q/moisturizer-cream/r/s/d/50-skin-renew-barrier-repair-peptide-moisturizer-with-peptide-original-imagzv84zyfkrzzw.jpeg?q=70&crop=false
https://www.flipkart.com/dot-key-watermelon-superglow-matte-oil-free-moisturizer-controls-excess/p/itm2867a9271a50c?pid=MSCG9ABGETXGABUF&lid=LSTMSCG9ABGETXGABUFL0UEOF&marketplace=FLIPKART&q=moisturizer&store=g9b%2Fema%2F5la%2F1ke&srno=s_1_30&otracker=AS_QueryStore_OrganicAutoSuggest_2_7_na_na_na&otracker1=AS_QueryStore_OrganicAutoSuggest_2_7_na_na_na&fm=organic&iid=c8ab0494-c467-41b6-874e-8fc5488e0a92.MSCG9ABGETXGABUF.SEARCH&ppt=None&ppn=None&ssid=koyrcnfpu80000001744465011791&qH=acc9cfaf85944a73,"Dot & Key Watermelon Superglow Matte Oil Free Moisturizer,Controls Excess Oil  (60 ml)",₹426,https://rukminim2.flixcart.com/image/416/416/xif0q/moisturizer-cream/d/4/m/60-watermelon-superglow-matte-oil-free-moisturizer-controls-original-imah7p6xdfuvggtb.jpeg?q=70&crop=false
https://www.flipkart.com/derma-co-5-nia-ceramide-deep-moisturizing-cream-niacinamide-1-ceramide/p/itm60e061e8a5568?pid=MSCH4QPZF255RBKZ&lid=LSTMSCH4QPZF255RBKZNIIWRU&marketplace=FLIPKART&q=moisturizer&store=g9b%2Fema%2F5la%2F1ke&srno=s_1_29&otracker=AS_QueryStore_OrganicAutoSuggest_2_7_na_na_na&otracker1=AS_QueryStore_OrganicAutoSuggest_2_7_na_na_na&fm=organic&iid=c8ab0494-c467-41b6-874e-8fc5488e0a92.MSCH4QPZF255RBKZ.SEARCH&ppt=None&ppn=None&ssid=koyrcnfpu80000001744465011791&qH=acc9cfaf85944a73,The Derma Co 5% Nia-Ceramide Deep Moisturizing Cream | 5% Niacinamide & 1% Ceramide  (100 g),₹359,https://rukminim2.flixcart.com/image/416/416/xif0q/moisturizer-cream/7/0/0/100-5-nia-ceramide-deep-moisturizing-cream-5-niacinamide-1-original-imah7zya5pfmzgjt.jpeg?q=70&crop=false
https://www.flipkart.com/derma-co-5-propylene-oil-free-moisturizer-glycol-hyaluronic-acid/p/itme1f3ca2e8a518?pid=MSCGWZZHNNGZFBAX&lid=LSTMSCGWZZHNNGZFBAXSHFYTR&marketplace=FLIPKART&q=moisturizer&store=g9b%2Fema%2F5la%2F1ke&srno=s_1_28&otracker=AS_QueryStore_OrganicAutoSuggest_2_7_na_na_na&otracker1=AS_QueryStore_OrganicAutoSuggest_2_7_na_na_na&fm=organic&iid=c8ab0494-c467-41b6-874e-8fc5488e0a92.MSCGWZZHNNGZFBAX.SEARCH&ppt=None&ppn=None&ssid=koyrcnfpu80000001744465011791&qH=acc9cfaf85944a73,The Derma Co 5% Propylene Oil Free Moisturizer with Propylene Glycol & Hyaluronic Acid  (100 g),₹263,https://rukminim2.flixcart.com/image/416/416/xif0q/moisturizer-cream/c/y/e/100-5-propylene-oil-free-moisturizer-with-propylene-glycol-original-imah3pyzsscynjyk.jpeg?q=70&crop=false
https://www.flipkart.com/dot-key-retinol-ceramide-night-repair-cream-with-hyaluronic-smooths-wrinkles-fine-lines/p/itm7febfe2659f77?pid=MSCGGBVV8CNZ7EVT&lid=LSTMSCGGBVV8CNZ7EVT7IDYLO&marketplace=FLIPKART&q=moisturizer&store=g9b%2Fema%2F5la%2F1ke&srno=s_1_27&otracker=AS_QueryStore_OrganicAutoSuggest_2_7_na_na_na&otracker1=AS_QueryStore_OrganicAutoSuggest_2_7_na_na_na&fm=organic&iid=c8ab0494-c467-41b6-874e-8fc5488e0a92.MSCGGBVV8CNZ7EVT.SEARCH&ppt=None&ppn=None&ssid=koyrcnfpu80000001744465011791&qH=acc9cfaf85944a73,"Dot & Key Retinol+Ceramide Night Repair Cream,with Hyaluronic Smooths Wrinkles Fine Lines  (15 ml)",₹207,https://rukminim2.flixcart.com/image/416/416/xif0q/moisturizer-cream/b/6/d/15-night-reset-retinol-ceramide-sleep-treatment-cream-dot-key-original-imaggbz3cywrgjbn.jpeg?q=70&crop=false
https://www.flipkart.com/dot-key-strawberry-dew-strobe-cream-skin-moisturizer-highlighter-face/p/itmf76443ceeb50f?pid=MSCGSPAH2XX5KSYD&lid=LSTMSCGSPAH2XX5KSYDR4OJYN&marketplace=FLIPKART&q=moisturizer&store=g9b%2Fema%2F5la%2F1ke&srno=s_1_26&otracker=AS_QueryStore_OrganicAutoSuggest_2_7_na_na_na&otracker1=AS_QueryStore_OrganicAutoSuggest_2_7_na_na_na&fm=organic&iid=c8ab0494-c467-41b6-874e-8fc5488e0a92.MSCGSPAH2XX5KSYD.SEARCH&ppt=None&ppn=None&ssid=koyrcnfpu80000001744465011791&qH=acc9cfaf85944a73,Dot & Key Strawberry Dew Strobe Cream For Skin Moisturizer & Highlighter For Face  (30 ml),₹297,https://rukminim2.flixcart.com/image/416/416/xif0q/moisturizer-cream/v/k/r/30-strawberry-dew-strobe-cream-for-skin-radiance-moisturizer-original-imah3fmyqaznteuf.jpeg?q=70&crop=false
https://www.flipkart.com/cetaphil-baby-daily-lotion/p/itmfdpf2grgyeegh?pid=MSCERUWGU7ZJ8NGR&lid=LSTMSCERUWGU7ZJ8NGRVRM62T&marketplace=FLIPKART&q=moisturizer&store=g9b%2Fema%2F5la%2F1ke&srno=s_1_25&otracker=AS_QueryStore_OrganicAutoSuggest_2_7_na_na_na&otracker1=AS_QueryStore_OrganicAutoSuggest_2_7_na_na_na&fm=organic&iid=c8ab0494-c467-41b6-874e-8fc5488e0a92.MSCERUWGU7ZJ8NGR.SEARCH&ppt=None&ppn=None&ssid=koyrcnfpu80000001744465011791&qH=acc9cfaf85944a73,Cetaphil Baby Daily Lotion  (400 ml),₹870,https://rukminim2.flixcart.com/image/416/416/xif0q/moisturizer-cream/m/d/u/-original-imah2e7zvqawh4nw.jpeg?q=70&crop=false
https://www.flipkart.com/dot-key-cica-calming-skin-renewing-night-gel-moisturizer-fights-dark-spots-acne/p/itmadd62f05d9c14?pid=MSCGFGTXMQAFJWC4&lid=LSTMSCGFGTXMQAFJWC4AU8OVL&marketplace=FLIPKART&q=moisturizer&store=g9b%2Fema%2F5la%2F1ke&srno=s_1_24&otracker=AS_QueryStore_OrganicAutoSuggest_2_7_na_na_na&otracker1=AS_QueryStore_OrganicAutoSuggest_2_7_na_na_na&fm=organic&iid=c8ab0494-c467-41b6-874e-8fc5488e0a92.MSCGFGTXMQAFJWC4.SEARCH&ppt=None&ppn=None&ssid=koyrcnfpu80000001744465011791&qH=acc9cfaf85944a73,"Dot & Key Cica Calming Skin Renewing Night Gel Moisturizer, Fights Dark Spots & Acne  (25)",₹297,https://rukminim2.flixcart.com/image/416/416/xif0q/moisturizer-cream/c/x/z/-original-imahycxyrssg6hrh.jpeg?q=70&crop=false
https://www.flipkart.com/cetaphil-moisturising-cream/p/itme929gzfzuxxzh?pid=MSCE929GZS3FHCH4&lid=LSTMSCE929GZS3FHCH43FGS7D&marketplace=FLIPKART&q=moisturizer&store=g9b%2Fema%2F5la%2F1ke&srno=s_1_23&otracker=AS_QueryStore_OrganicAutoSuggest_2_7_na_na_na&otracker1=AS_QueryStore_OrganicAutoSuggest_2_7_na_na_na&fm=organic&iid=c8ab0494-c467-41b6-874e-8fc5488e0a92.MSCE929GZS3FHCH4.SEARCH&ppt=None&ppn=None&ssid=koyrcnfpu80000001744465011791&qH=acc9cfaf85944a73,Cetaphil MOISTURISING CREAM  (80 g),₹553,https://rukminim2.flixcart.com/image/416/416/xif0q/moisturizer-cream/a/i/j/-original-imagq43j4fgzfjnf.jpeg?q=70&crop=false
https://www.flipkart.com/derma-co-oil-free-daily-face-moisturizer-hyaluronic-acid-ceramides-multivitamins/p/itmcd75262b485ac?pid=MSCGFD9UTBEDENPY&lid=LSTMSCGFD9UTBEDENPYHHU5ZI&marketplace=FLIPKART&q=moisturizer&store=g9b%2Fema%2F5la%2F1ke&srno=s_1_22&otracker=AS_QueryStore_OrganicAutoSuggest_2_7_na_na_na&otracker1=AS_QueryStore_OrganicAutoSuggest_2_7_na_na_na&fm=organic&iid=c8ab0494-c467-41b6-874e-8fc5488e0a92.MSCGFD9UTBEDENPY.SEARCH&ppt=None&ppn=None&ssid=koyrcnfpu80000001744465011791&qH=acc9cfaf85944a73,"The Derma Co Oil-Free Daily Face Moisturizer With Hyaluronic Acid, Ceramides & Multivitamins  (100 g)",₹279,https://rukminim2.flixcart.com/image/416/416/xif0q/moisturizer-cream/i/u/k/-original-imagpuw9j7sub8bc.jpeg?q=70&crop=false
https://www.flipkart.com/derma-co-pore-minimizing-daily-face-moisturizer-3-niacinamide-pha-p-refinyl/p/itm36061a91a6d9c?pid=MSCGCNF6HYZ8RAMP&lid=LSTMSCGCNF6HYZ8RAMPV8U4P0&marketplace=FLIPKART&q=moisturizer&store=g9b%2Fema%2F5la%2F1ke&srno=s_1_21&otracker=AS_QueryStore_OrganicAutoSuggest_2_7_na_na_na&otracker1=AS_QueryStore_OrganicAutoSuggest_2_7_na_na_na&fm=organic&iid=c8ab0494-c467-41b6-874e-8fc5488e0a92.MSCGCNF6HYZ8RAMP.SEARCH&ppt=None&ppn=None&ssid=koyrcnfpu80000001744465011791&qH=acc9cfaf85944a73,The Derma Co Pore Minimizing Daily Face Moisturizer with 3% Niacinamide 3% PHA and p-REFINYL  (50 g),₹279,https://rukminim2.flixcart.com/image/416/416/xif0q/moisturizer-cream/7/j/j/-original-imagpuw9e5fymw88.jpeg?q=70&crop=false
https://www.flipkart.com/dot-key-barrier-repair-hyaluronic-body-lotion-dry-flaky-skin-restores-softness/p/itm9e6c77eb63481?pid=MSCGSW437FFGCCGW&lid=LSTMSCGSW437FFGCCGWIZQR5A&marketplace=FLIPKART&q=moisturizer&store=g9b%2Fema%2F5la%2F1ke&srno=s_1_20&otracker=AS_QueryStore_OrganicAutoSuggest_2_7_na_na_na&otracker1=AS_QueryStore_OrganicAutoSuggest_2_7_na_na_na&fm=organic&iid=c8ab0494-c467-41b6-874e-8fc5488e0a92.MSCGSW437FFGCCGW.SEARCH&ppt=None&ppn=None&ssid=koyrcnfpu80000001744465011791&qH=acc9cfaf85944a73,"Dot & Key Barrier Repair Hyaluronic Body Lotion for Dry & Flaky Skin, Restores Softness  (250 ml)",₹297,https://rukminim2.flixcart.com/image/416/416/xif0q/moisturizer-cream/s/b/z/250-barrier-repair-hyaluronic-body-lotion-for-dry-flaky-skin-original-imagt79qghbyafuy.jpeg?q=70&crop=false
https://www.flipkart.com/derma-co-3-vitamin-e-face-moisturizer-lactic-acid-dry-flaky-skin/p/itm061bf3bbb93a8?pid=MSCG5MAWSW6JYJR8&lid=LSTMSCG5MAWSW6JYJR8FHMLXH&marketplace=FLIPKART&q=moisturizer&store=g9b%2Fema%2F5la%2F1ke&srno=s_1_19&otracker=AS_QueryStore_OrganicAutoSuggest_2_7_na_na_na&otracker1=AS_QueryStore_OrganicAutoSuggest_2_7_na_na_na&fm=organic&iid=c8ab0494-c467-41b6-874e-8fc5488e0a92.MSCG5MAWSW6JYJR8.SEARCH&ppt=None&ppn=None&ssid=koyrcnfpu80000001744465011791&qH=acc9cfaf85944a73,The Derma Co 3% Vitamin E Face Moisturizer With Vitamin E & Lactic Acid For Dry & Flaky Skin  (100 g),₹279,https://rukminim2.flixcart.com/image/416/416/xif0q/moisturizer-cream/d/y/g/-original-imagpuw9fcajydxc.jpeg?q=70&crop=false
https://www.flipkart.com/dot-key-ceramides-moisturizer-hyaluronic-moisturizing-skin-strengthening/p/itm2eee645cafffc?pid=MSCHF5XMFRMTCYGU&lid=LSTMSCHF5XMFRMTCYGUX6B3G6&marketplace=FLIPKART&q=moisturizer&store=g9b%2Fema%2F5la%2F1ke&srno=s_1_18&otracker=AS_QueryStore_OrganicAutoSuggest_2_7_na_na_na&otracker1=AS_QueryStore_OrganicAutoSuggest_2_7_na_na_na&fm=organic&iid=c8ab0494-c467-41b6-874e-8fc5488e0a92.MSCHF5XMFRMTCYGU.SEARCH&ppt=None&ppn=None&ssid=koyrcnfpu80000001744465011791&qH=acc9cfaf85944a73,Dot & Key Ceramides Moisturizer with Hyaluronic for Moisturizing and Skin Strengthening  (175 g),₹498,https://rukminim2.flixcart.com/image/416/416/xif0q/moisturizer-cream/p/a/o/175-ceramides-moisturizer-with-hyaluronic-for-moisturizing-and-original-imahazxmhdts6mjf.jpeg?q=70&crop=false
https://www.flipkart.com/cetaphil-moisturising-lotion-all-skin/p/itm211fedce29398?pid=MSCFVH9ZVSWZWDW3&lid=LSTMSCFVH9ZVSWZWDW3ERQH0D&marketplace=FLIPKART&q=moisturizer&store=g9b%2Fema%2F5la%2F1ke&srno=s_1_17&otracker=AS_QueryStore_OrganicAutoSuggest_2_7_na_na_na&otracker1=AS_QueryStore_OrganicAutoSuggest_2_7_na_na_na&fm=organic&iid=c8ab0494-c467-41b6-874e-8fc5488e0a92.MSCFVH9ZVSWZWDW3.SEARCH&ppt=None&ppn=None&ssid=koyrcnfpu80000001744465011791&qH=acc9cfaf85944a73,Cetaphil Moisturising Lotion For All Skin  (100 ml),₹478,https://rukminim2.flixcart.com/image/416/416/xif0q/moisturizer-cream/v/l/7/-original-imagq43jrjchfgch.jpeg?q=70&crop=false
https://www.flipkart.com/derma-co-ceramide-ha-intense-moisturizer-dry-skin/p/itm8e45b40eb930a?pid=MSCFZ4Y24HWZJG5N&lid=LSTMSCFZ4Y24HWZJG5N0AM7RS&marketplace=FLIPKART&q=moisturizer&store=g9b%2Fema%2F5la%2F1ke&srno=s_1_16&otracker=AS_QueryStore_OrganicAutoSuggest_2_7_na_na_na&otracker1=AS_QueryStore_OrganicAutoSuggest_2_7_na_na_na&fm=organic&iid=c8ab0494-c467-41b6-874e-8fc5488e0a92.MSCFZ4Y24HWZJG5N.SEARCH&ppt=None&ppn=None&ssid=koyrcnfpu80000001744465011791&qH=acc9cfaf85944a73,The Derma Co Ceramide + HA Intense Moisturizer for Dry Skin  (50 g),₹279,https://rukminim2.flixcart.com/image/416/416/xif0q/moisturizer-cream/n/c/i/-original-imagpuw99zzjg2y9.jpeg?q=70&crop=false
https://www.flipkart.com/derma-co-4-ceramide-barrier-repair-moisturizer-with-niacinamide-oxylance/p/itm96c7db6e4565e?pid=MSCH4FY58DRTSWGP&lid=LSTMSCH4FY58DRTSWGP76X8SH&marketplace=FLIPKART&q=moisturizer&store=g9b%2Fema%2F5la%2F1ke&srno=s_1_15&otracker=AS_QueryStore_OrganicAutoSuggest_2_7_na_na_na&otracker1=AS_QueryStore_OrganicAutoSuggest_2_7_na_na_na&fm=organic&iid=c8ab0494-c467-41b6-874e-8fc5488e0a92.MSCH4FY58DRTSWGP.SEARCH&ppt=None&ppn=None&ssid=koyrcnfpu80000001744465011791&qH=acc9cfaf85944a73,"The Derma Co 4% Ceramide Barrier Repair Moisturizer with, Niacinamide, and Oxylance  (100 g)",₹359,https://rukminim2.flixcart.com/image/416/416/xif0q/moisturizer-cream/j/w/y/100-4-ceramide-barrier-repair-moisturizer-with-niacinamide-and-original-imah45mvvrg7rhnw.jpeg?q=70&crop=false
https://www.flipkart.com/derma-co-1-salicylic-acid-oil-free-moisturizer-face-oat-extract-active-acne/p/itm22a8e56abedb5?pid=MSCG4XX6XHEBGHEJ&lid=LSTMSCG4XX6XHEBGHEJAF4JI5&marketplace=FLIPKART&q=moisturizer&store=g9b%2Fema%2F5la%2F1ke&srno=s_1_14&otracker=AS_QueryStore_OrganicAutoSuggest_2_7_na_na_na&otracker1=AS_QueryStore_OrganicAutoSuggest_2_7_na_na_na&fm=organic&iid=c8ab0494-c467-41b6-874e-8fc5488e0a92.MSCG4XX6XHEBGHEJ.SEARCH&ppt=None&ppn=None&ssid=koyrcnfpu80000001744465011791&qH=acc9cfaf85944a73,The Derma Co 1% Salicylic Acid Oil-Free Moisturizer For Face with Oat Extract for Active Acne  (50 g),₹279,https://rukminim2.flixcart.com/image/416/416/xif0q/moisturizer-cream/q/6/f/-original-imagpuw8t3uktaah.jpeg?q=70&crop=false
https://www.flipkart.com/dot-key-72hrs-hydrating-gel-moisturizer-probiotics-face-dry-skin/p/itm3033572e3ce5a?pid=MSCGGBVVJZPZBJBF&lid=LSTMSCGGBVVJZPZBJBFFDTQYW&marketplace=FLIPKART&q=moisturizer&store=g9b%2Fema%2F5la%2F1ke&srno=s_1_13&otracker=AS_QueryStore_OrganicAutoSuggest_2_7_na_na_na&otracker1=AS_QueryStore_OrganicAutoSuggest_2_7_na_na_na&fm=organic&iid=c8ab0494-c467-41b6-874e-8fc5488e0a92.MSCGGBVVJZPZBJBF.SEARCH&ppt=None&ppn=None&ssid=koyrcnfpu80000001744465011791&qH=acc9cfaf85944a73,Dot & Key 72hrs Hydrating Gel Moisturizer + Probiotics Face Moisturizer for dry skin  (15 ml),₹165,https://rukminim2.flixcart.com/image/416/416/xif0q/moisturizer-cream/u/i/6/-original-imahfuemzrf2tfks.jpeg?q=70&crop=false
https://www.flipkart.com/cetaphil-optimal-hydration-replenishing-night-cream/p/itm10da57565f6ad?pid=MSCGSMXDHZHWMNSG&lid=LSTMSCGSMXDHZHWMNSGZRK378&marketplace=FLIPKART&q=moisturizer&store=g9b%2Fema%2F5la%2F1ke&srno=s_1_12&otracker=AS_QueryStore_OrganicAutoSuggest_2_7_na_na_na&otracker1=AS_QueryStore_OrganicAutoSuggest_2_7_na_na_na&fm=organic&iid=en_-T0e0Yyd9FtXoZ9BuWD-mB4WsK6oBXp34UFeQ79RDsgZx69YXRqNOJ4YCPeXaW-LpH1UXTLZ_MHR2S28tp1y2aV8WX5krIChubBlraAu4CQ%3D&ppt=None&ppn=None&ssid=koyrcnfpu80000001744465011791&qH=acc9cfaf85944a73,Cetaphil Optimal Hydration Replenishing Night Cream  (50 g),₹936,https://rukminim2.flixcart.com/image/416/416/xif0q/moisturizer-cream/3/m/m/-original-imagu22z2gw8bzxp.jpeg?q=70&crop=false
https://www.flipkart.com/cetaphil-optimal-hydration-activation-serum/p/itm4216941a78f8c?pid=MSCGSMXDPAAKCGP2&lid=LSTMSCGSMXDPAAKCGP2VLPNOT&marketplace=FLIPKART&q=moisturizer&store=g9b%2Fema%2F5la%2F1ke&srno=s_1_11&otracker=AS_QueryStore_OrganicAutoSuggest_2_7_na_na_na&otracker1=AS_QueryStore_OrganicAutoSuggest_2_7_na_na_na&fm=organic&iid=en_-T0e0Yyd9FtXoZ9BuWD-mB4WsK6oBXp34UFeQ79RDsi5v80Ok87vnkhGAdNMpxjbhLyoZ6RpOFpYh4TYUum7ofUFjCTyOHoHZs-Z5_PS_w0%3D&ppt=None&ppn=None&ssid=koyrcnfpu80000001744465011791&qH=acc9cfaf85944a73,Cetaphil Optimal Hydration Activation Serum  (30 ml),₹722,https://rukminim2.flixcart.com/image/416/416/xif0q/moisturizer-cream/x/a/a/-original-imagu22zd328gzw4.jpeg?q=70&crop=false
https://www.flipkart.com/cetaphil-dam-daily-advance-ultra-hydrating-lotion-dry-skin/p/itmezaw3c9zyfnf2?pid=MSCEN7HAAYTZWEUQ&lid=LSTMSCEN7HAAYTZWEUQZCP3KN&marketplace=FLIPKART&q=moisturizer&store=g9b%2Fema%2F5la%2F1ke&srno=s_1_10&otracker=AS_QueryStore_OrganicAutoSuggest_2_7_na_na_na&otracker1=AS_QueryStore_OrganicAutoSuggest_2_7_na_na_na&fm=organic&iid=c8ab0494-c467-41b6-874e-8fc5488e0a92.MSCEN7HAAYTZWEUQ.SEARCH&ppt=None&ppn=None&ssid=koyrcnfpu80000001744465011791&qH=acc9cfaf85944a73,Cetaphil DAM Daily Advance Ultra Hydrating Lotion For Dry Skin  (100 g),₹513,https://rukminim2.flixcart.com/image/416/416/xif0q/moisturizer-cream/l/k/u/-original-imagq43jpdyhyg95.jpeg?q=70&crop=false
https://www.flipkart.com/minimalist-5-marula-oil-face-moisturizer-hyaluronic-acid-vitamin-e-dry-skin/p/itm234ebee97ebba?pid=MSCGAMB3JGVKD9XA&lid=LSTMSCGAMB3JGVKD9XA2SV2SJ&marketplace=FLIPKART&q=moisturizer&store=g9b%2Fema%2F5la%2F1ke&srno=s_1_9&otracker=AS_QueryStore_OrganicAutoSuggest_2_7_na_na_na&otracker1=AS_QueryStore_OrganicAutoSuggest_2_7_na_na_na&fm=organic&iid=c8ab0494-c467-41b6-874e-8fc5488e0a92.MSCGAMB3JGVKD9XA.SEARCH&ppt=None&ppn=None&ssid=koyrcnfpu80000001744465011791&qH=acc9cfaf85944a73,Minimalist 5% Marula Oil Face Moisturizer with Hyaluronic Acid & Vitamin E for Dry Skin  (50 g),₹284,https://rukminim2.flixcart.com/image/416/416/l3rmzrk0/moisturizer-cream/5/o/j/50-5-marula-oil-face-moisturizer-with-hyaluronic-acid-vitamin-e-original-imagethcxwvhgfrn.jpeg?q=70&crop=false
https://www.flipkart.com/dot-key-vitamin-c-e-super-bright-body-lotion-deep-nourishing-visibly-glowing-skin/p/itmcfe2910d0c6f6?pid=MSCGSW3UXDMYZFTP&lid=LSTMSCGSW3UXDMYZFTPVFAFML&marketplace=FLIPKART&q=moisturizer&store=g9b%2Fema%2F5la%2F1ke&srno=s_1_8&otracker=AS_QueryStore_OrganicAutoSuggest_2_7_na_na_na&otracker1=AS_QueryStore_OrganicAutoSuggest_2_7_na_na_na&fm=organic&iid=c8ab0494-c467-41b6-874e-8fc5488e0a92.MSCGSW3UXDMYZFTP.SEARCH&ppt=None&ppn=None&ssid=koyrcnfpu80000001744465011791&qH=acc9cfaf85944a73,Dot & Key Vitamin C+E Super Bright Body Lotion for Deep Nourishing & Visibly Glowing Skin  (250 ml),₹297,https://rukminim2.flixcart.com/image/416/416/xif0q/moisturizer-cream/f/z/r/250-vitamin-c-e-super-bright-body-lotion-for-glowing-skin-deep-original-imagt79msnjuzusb.jpeg?q=70&crop=false
https://www.flipkart.com/minimalist-10-vitamin-b5-oil-free-face-moisturizer-zinc-copper-ha-oily-skin/p/itma0d920488accf?pid=MSCGAMBANDF8YE5A&lid=LSTMSCGAMBANDF8YE5A8CYZLC&marketplace=FLIPKART&q=moisturizer&store=g9b%2Fema%2F5la%2F1ke&spotlightTagId=default_BestsellerId_g9b%2Fema%2F5la%2F1ke&srno=s_1_7&otracker=AS_QueryStore_OrganicAutoSuggest_2_7_na_na_na&otracker1=AS_QueryStore_OrganicAutoSuggest_2_7_na_na_na&fm=organic&iid=c8ab0494-c467-41b6-874e-8fc5488e0a92.MSCGAMBANDF8YE5A.SEARCH&ppt=None&ppn=None&ssid=koyrcnfpu80000001744465011791&qH=acc9cfaf85944a73,"Minimalist 10% Vitamin B5 Oil Free Face Moisturizer with Zinc, Copper & HA for Oily skin  (50 g)",₹331,https://rukminim2.flixcart.com/image/416/416/xif0q/moisturizer-cream/7/m/4/50-10-vitamin-b5-oil-free-face-moisturizer-with-zinc-copper-ha-original-imah3xpky9pah4dq.jpeg?q=70&crop=false
https://www.flipkart.com/cetaphil-optimal-hydration-daily-cream/p/itmacd09c9b2574b?pid=MSCGSMXDETVYRCQC&lid=LSTMSCGSMXDETVYRCQC1NHIMJ&marketplace=FLIPKART&q=moisturizer&store=g9b%2Fema%2F5la%2F1ke&srno=s_1_6&otracker=AS_QueryStore_OrganicAutoSuggest_2_7_na_na_na&otracker1=AS_QueryStore_OrganicAutoSuggest_2_7_na_na_na&fm=organic&iid=en_-T0e0Yyd9FtXoZ9BuWD-mB4WsK6oBXp34UFeQ79RDsi8494iaD8lBfKHCSncKiDzG_HH4VvsdN2AKdWZsQyyivUFjCTyOHoHZs-Z5_PS_w0%3D&ppt=None&ppn=None&ssid=koyrcnfpu80000001744465011791&qH=acc9cfaf85944a73,Cetaphil Optimal Hydration Daily Cream  (50 g),"₹1,105",https://rukminim2.flixcart.com/image/416/416/xif0q/moisturizer-cream/y/u/r/-original-imagu22zsssf7py4.jpeg?q=70&crop=false
https://www.flipkart.com/dot-key-ceramides-hyaluronic-barrier-repair-moisturizer-probiotics-rice-water/p/itm4a54d00bad1a2?pid=MSCGHZURHXJGTZ4Y&lid=LSTMSCGHZURHXJGTZ4YOXBAZA&marketplace=FLIPKART&q=moisturizer&store=g9b%2Fema%2F5la%2F1ke&spotlightTagId=default_BestsellerId_g9b%2Fema%2F5la%2F1ke&srno=s_1_5&otracker=AS_QueryStore_OrganicAutoSuggest_2_7_na_na_na&otracker1=AS_QueryStore_OrganicAutoSuggest_2_7_na_na_na&fm=organic&iid=c8ab0494-c467-41b6-874e-8fc5488e0a92.MSCGHZURHXJGTZ4Y.SEARCH&ppt=None&ppn=None&ssid=koyrcnfpu80000001744465011791&qH=acc9cfaf85944a73,Dot & Key Ceramides & Hyaluronic Barrier Repair Moisturizer With Probiotics & Rice Water  (100 g),₹336,https://rukminim2.flixcart.com/image/416/416/xif0q/moisturizer-cream/w/w/h/175-ceramides-moisturizer-with-hyaluronic-for-moisturizing-and-original-imahazxmghhqh7eh.jpeg?q=70&crop=false
https://www.flipkart.com/dot-key-vitamin-c-e-sorbet-super-bright-moisturizer-face-reduces-skin-dullness/p/itmcb3aa40f97ece?pid=MSCG6P4Z3AACKHGS&lid=LSTMSCG6P4Z3AACKHGSBVOSOJ&marketplace=FLIPKART&q=moisturizer&store=g9b%2Fema%2F5la%2F1ke&srno=s_1_4&otracker=AS_QueryStore_OrganicAutoSuggest_2_7_na_na_na&otracker1=AS_QueryStore_OrganicAutoSuggest_2_7_na_na_na&fm=organic&iid=c8ab0494-c467-41b6-874e-8fc5488e0a92.MSCG6P4Z3AACKHGS.SEARCH&ppt=None&ppn=None&ssid=koyrcnfpu80000001744465011791&qH=acc9cfaf85944a73,"Dot & Key Vitamin C + E Sorbet Super Bright Moisturizer For Face,Reduces Skin Dullness  (25 ml)",₹306,https://rukminim2.flixcart.com/image/416/416/xif0q/moisturizer-cream/r/j/f/25-vitamin-c-e-moisturizer-for-face-with-hyaluronic-kakadu-plum-original-imah2ytu4y4gdzxy.jpeg?q=70&crop=false
https://www.flipkart.com/cetaphil-dam-daily-advance-ultra-hydrating-lotion/p/itmf5gzc7yd4vtgh?pid=MSCFG3GZE5FFG7HK&lid=LSTMSCFG3GZE5FFG7HKL2WERT&marketplace=FLIPKART&q=moisturizer&store=g9b%2Fema%2F5la%2F1ke&spotlightTagId=default_BestsellerId_g9b%2Fema%2F5la%2F1ke&srno=s_1_3&otracker=AS_QueryStore_OrganicAutoSuggest_2_7_na_na_na&otracker1=AS_QueryStore_OrganicAutoSuggest_2_7_na_na_na&fm=search-autosuggest&iid=c8ab0494-c467-41b6-874e-8fc5488e0a92.MSCFG3GZE5FFG7HK.SEARCH&ppt=sp&ppn=sp&ssid=koyrcnfpu80000001744465011791&qH=acc9cfaf85944a73,Cetaphil DAM DAILY ADVANCE ULTRA HYDRATING LOTION  (30 g),₹228,https://rukminim2.flixcart.com/image/416/416/xif0q/moisturizer-cream/g/l/r/-original-imagq43jfdvszarg.jpeg?q=70&crop=false
https://www.flipkart.com/dot-key-strawberry-dew-do-it-all-perfect-make-up-base-overnight-mask-all-skin-types/p/itm462aca86c1703?pid=MSCH4KXGUFGQVSZJ&lid=LSTMSCH4KXGUFGQVSZJWJWS0V&marketplace=FLIPKART&q=moisturizer&store=g9b%2Fema%2F5la%2F1ke&srno=s_1_2&otracker=AS_QueryStore_OrganicAutoSuggest_2_7_na_na_na&otracker1=AS_QueryStore_OrganicAutoSuggest_2_7_na_na_na&fm=organic&iid=en_-T0e0Yyd9FtXoZ9BuWD-mB4WsK6oBXp34UFeQ79RDsj5oLCdJpL4jA7c6K9XB6FBOZ14pfT1nZLi41NcmMV45vUFjCTyOHoHZs-Z5_PS_w0%3D&ppt=None&ppn=None&ssid=koyrcnfpu80000001744465011791&qH=acc9cfaf85944a73,"Dot & Key Strawberry Dew DO-IT-ALL,perfect make-up base,overnight mask for All Skin types  (80 g)",₹347,https://rukminim2.flixcart.com/image/416/416/xif0q/moisturizer-cream/n/s/y/80-strawberry-dew-do-it-all-perfect-make-up-base-overnight-mask-original-imah7vf95zevk4nn.jpeg?q=70&crop=false
https://www.flipkart.com/dot-key-cica-calming-skin-renewing-night-gel-for-oily-acne-prone-sensitive/p/itm451eb895b2ac6?pid=MSCG794KYMTEXRUC&lid=LSTMSCG794KYMTEXRUCTANACQ&marketplace=FLIPKART&q=moisturizer&store=g9b%2Fema%2F5la%2F1ke&srno=s_1_1&otracker=AS_QueryStore_OrganicAutoSuggest_2_7_na_na_na&otracker1=AS_QueryStore_OrganicAutoSuggest_2_7_na_na_na&fm=organic&iid=en_-T0e0Yyd9FtXoZ9BuWD-mB4WsK6oBXp34UFeQ79RDshM2LuYp41xK1Amt4LufxiYOkViSmoXJBaz36nMI4mxUvUFjCTyOHoHZs-Z5_PS_w0%3D&ppt=None&ppn=None&ssid=koyrcnfpu80000001744465011791&qH=acc9cfaf85944a73,"Dot & Key CICA Calming Skin Renewing Night Gel,For Oily, Acne Prone And Sensitive Skin  (60 ml)",₹426,https://rukminim2.flixcart.com/image/416/416/xif0q/moisturizer-cream/2/b/y/60-cica-calming-skin-renewing-night-gel-for-oily-acne-prone-and-original-imah7p6xzaaen8g2.jpeg?q=70&crop=false
