Title,Price,Product URL,Image URL
SAMSUNG Metro B313E Dual Sim - White  (White),"₹1,499",https://www.flipkart.com/samsung-metro-b313e-dual-sim-white/p/itmebdgswzufyrp2?pid=MOBEBDGSFG4UENAM&q=Samsung+under+100000&store=tyy%2F4io&srno=s_1_24&otracker=search&otracker1=search&fm=organic&iid=69d46843-8cc2-4aae-ae91-dd259cf2fd93.MOBEBDGSFG4UENAM.SEARCH&ppt=None&ppn=None&ssid=5upqszca4w0000001744459816167&qH=af5ee9253b052512,https://rukminim2.flixcart.com/image/416/416/xif0q/mobile/g/g/9/metro-b313e-dual-sim-white-b313e-samsung-original-imagxu23tmkkkhgw.jpeg?q=70&crop=false
SAMSUNG Guru 1200  (Black),"₹1,097",https://www.flipkart.com/samsung-guru-1200/p/itm9c141079a687a?pid=MOBH8BMFNJ3BHQHY&lid=LSTMOBH8BMFNJ3BHQHY8AIDEJ&marketplace=FLIPKART&q=Samsung+under+100000&store=tyy%2F4io&srno=s_1_23&otracker=search&otracker1=search&fm=organic&iid=69d46843-8cc2-4aae-ae91-dd259cf2fd93.MOBH8BMFNJ3BHQHY.SEARCH&ppt=None&ppn=None&ssid=5upqszca4w0000001744459816167&qH=af5ee9253b052512,https://rukminim2.flixcart.com/image/416/416/xif0q/mobile/t/h/g/guru-1200-gt-e1215-samsung-original-imah8rbr5pzazqtb.jpeg?q=70&crop=false
"SAMSUNG Galaxy F16 5G (Vibing Blue, 128 GB)  (6 GB RAM)","₹12,999",https://www.flipkart.com/samsung-galaxy-f16-5g-vibing-blue-128-gb/p/itmc59882b14985a?pid=MOBH9ASG42S7QZ6P&lid=LSTMOBH9ASG42S7QZ6PM3IJJ8&marketplace=FLIPKART&q=Samsung+under+100000&store=tyy%2F4io&srno=s_1_22&otracker=search&otracker1=search&fm=organic&iid=en_iDwSB1q8rQWDBEfjya3TCOEG4nt2Hx0ZiKuqm5H4w66ruMewqADi1PLoEn-txH-h8GqMR-QKgmuxXxgfWbTfaGJMZAJirnjvZRqZ0WhE16A%3D&ppt=None&ppn=None&ssid=5upqszca4w0000001744459816167&qH=af5ee9253b052512,https://rukminim2.flixcart.com/image/416/416/xif0q/mobile/p/t/u/-original-imahb5pxkaeqgnuz.jpeg?q=70&crop=false
"SAMSUNG Galaxy F16 5G (Bling Black, 128 GB)  (6 GB RAM)","₹12,999",https://www.flipkart.com/samsung-galaxy-f16-5g-bling-black-128-gb/p/itm36dc1b01d7f0c?pid=MOBH9ASGXEYAEJDE&lid=LSTMOBH9ASGXEYAEJDEO5XLUM&marketplace=FLIPKART&q=Samsung+under+100000&store=tyy%2F4io&srno=s_1_21&otracker=search&otracker1=search&fm=organic&iid=en_iDwSB1q8rQWDBEfjya3TCOEG4nt2Hx0ZiKuqm5H4w66I2najy4F4-ldxhNrG7aog55Lr15GM-CJ9yii33uKcosDbPjpExlWhmpgUQnOg2ao%3D&ppt=None&ppn=None&ssid=5upqszca4w0000001744459816167&qH=af5ee9253b052512,https://rukminim2.flixcart.com/image/416/416/xif0q/mobile/z/o/c/-original-imahb5pxhgpbu6d3.jpeg?q=70&crop=false
"SAMSUNG Galaxy Z Flip6 5G (Blue, 256 GB)  (12 GB RAM)","₹83,999",https://www.flipkart.com/samsung-galaxy-z-flip6-5g-blue-256-gb/p/itm8f1b3aefb27f2?pid=MOBH2HG9YRZTHVYH&lid=LSTMOBH2HG9YRZTHVYHXQ7XTA&marketplace=FLIPKART&q=Samsung+under+100000&store=tyy%2F4io&srno=s_1_20&otracker=search&otracker1=search&fm=organic&iid=69d46843-8cc2-4aae-ae91-dd259cf2fd93.MOBH2HG9YRZTHVYH.SEARCH&ppt=None&ppn=None&ssid=5upqszca4w0000001744459816167&qH=af5ee9253b052512,https://rukminim2.flixcart.com/image/416/416/xif0q/mobile/f/x/n/-original-imah2nd6sbpfgn29.jpeg?q=70&crop=false
"SAMSUNG Galaxy Z Fold4 5G (Graygreen, 512 GB)  (12 GB RAM)","₹99,990",https://www.flipkart.com/samsung-galaxy-z-fold4-5g-graygreen-512-gb/p/itm53fbc22a21754?pid=MOBGHFGDWBAEAUHC&lid=LSTMOBGHFGDWBAEAUHCWVYQTB&marketplace=FLIPKART&q=Samsung+under+100000&store=tyy%2F4io&srno=s_1_19&otracker=search&otracker1=search&fm=organic&iid=69d46843-8cc2-4aae-ae91-dd259cf2fd93.MOBGHFGDWBAEAUHC.SEARCH&ppt=None&ppn=None&ssid=5upqszca4w0000001744459816167&qH=af5ee9253b052512,https://rukminim2.flixcart.com/image/416/416/xif0q/mobile/t/b/3/-original-imahfay2zea8syuh.jpeg?q=70&crop=false
"SAMSUNG Galaxy F16 5G (Bling Black, 128 GB)  (8 GB RAM)","₹14,499",https://www.flipkart.com/samsung-galaxy-f16-5g-bling-black-128-gb/p/itmc78bc1cee0259?pid=MOBH9ASGP3ZH2AF7&lid=LSTMOBH9ASGP3ZH2AF7G11WXL&marketplace=FLIPKART&q=Samsung+under+100000&store=tyy%2F4io&srno=s_1_18&otracker=search&otracker1=search&fm=organic&iid=en_iDwSB1q8rQWDBEfjya3TCOEG4nt2Hx0ZiKuqm5H4w65f3JP9cceYtCNdhuZ6iHZSHyPW9HrUNX-qLdwopPikOMsrgPW5YLzJU0_H6_RHKR0%3D&ppt=None&ppn=None&ssid=5upqszca4w0000001744459816167&qH=af5ee9253b052512,https://rukminim2.flixcart.com/image/416/416/xif0q/mobile/z/o/c/-original-imahb5pxhgpbu6d3.jpeg?q=70&crop=false
"SAMSUNG Galaxy F16 5G (Vibing Blue, 128 GB)  (4 GB RAM)","₹11,499",https://www.flipkart.com/samsung-galaxy-f16-5g-vibing-blue-128-gb/p/itm21ffc210450ff?pid=MOBH9ASGPYCDE8VA&lid=LSTMOBH9ASGPYCDE8VAEXUXDN&marketplace=FLIPKART&q=Samsung+under+100000&store=tyy%2F4io&srno=s_1_17&otracker=search&otracker1=search&fm=organic&iid=en_iDwSB1q8rQWDBEfjya3TCOEG4nt2Hx0ZiKuqm5H4w64UCm0FVaRlHx1lufmeYOdd2JaoXQDIDa3Df_fDC82L2fKSJvID5C-RdFfAlzwDiqI%3D&ppt=None&ppn=None&ssid=5upqszca4w0000001744459816167&qH=af5ee9253b052512,https://rukminim2.flixcart.com/image/416/416/xif0q/mobile/p/t/u/-original-imahb5pxkaeqgnuz.jpeg?q=70&crop=false
"SAMSUNG Galaxy S25 5G (Icyblue, 512 GB)  (12 GB RAM)","₹92,999",https://www.flipkart.com/samsung-galaxy-s25-5g-icyblue-512-gb/p/itm859ebd4b08d31?pid=MOBH8K8UNC88SRYU&lid=LSTMOBH8K8UNC88SRYUD9WR5K&marketplace=FLIPKART&q=Samsung+under+100000&store=tyy%2F4io&srno=s_1_16&otracker=search&otracker1=search&fm=organic&iid=69d46843-8cc2-4aae-ae91-dd259cf2fd93.MOBH8K8UNC88SRYU.SEARCH&ppt=None&ppn=None&ssid=5upqszca4w0000001744459816167&qH=af5ee9253b052512,https://rukminim2.flixcart.com/image/416/416/xif0q/mobile/k/k/g/-original-imah8pdgqmc2mg26.jpeg?q=70&crop=false
"SAMSUNG Galaxy Z Flip5 (Mint, 256 GB)  (8 GB RAM)","₹99,999",https://www.flipkart.com/samsung-galaxy-z-flip5-mint-256-gb/p/itm3038611e95123?pid=MOBGRS32NXYPBYMB&lid=LSTMOBGRS32NXYPBYMBRJJ8Z4&marketplace=FLIPKART&q=Samsung+under+100000&store=tyy%2F4io&srno=s_1_15&otracker=search&otracker1=search&fm=organic&iid=69d46843-8cc2-4aae-ae91-dd259cf2fd93.MOBGRS32NXYPBYMB.SEARCH&ppt=None&ppn=None&ssid=5upqszca4w0000001744459816167&qH=af5ee9253b052512,https://rukminim2.flixcart.com/image/416/416/xif0q/mobile/2/j/d/-original-imagztmgzp8ewjhn.jpeg?q=70&crop=false
"SAMSUNG Galaxy S24 Ultra 5G (Titanium Violet, 256 GB)  (12 GB RAM)","₹98,890",https://www.flipkart.com/samsung-galaxy-s24-ultra-5g-titanium-violet-256-gb/p/itmb65a445764f10?pid=MOBH3P4UHZHQVRYT&lid=LSTMOBH3P4UHZHQVRYTCBSW39&marketplace=FLIPKART&q=Samsung+under+100000&store=tyy%2F4io&srno=s_1_14&otracker=search&otracker1=search&fm=organic&iid=69d46843-8cc2-4aae-ae91-dd259cf2fd93.MOBH3P4UHZHQVRYT.SEARCH&ppt=None&ppn=None&ssid=5upqszca4w0000001744459816167&qH=af5ee9253b052512,https://rukminim2.flixcart.com/image/416/416/xif0q/mobile/w/5/h/-original-imahyvnuta2aadbw.jpeg?q=70&crop=false
"SAMSUNG Galaxy S23 Plus 5G (Cream, 512 GB)  (8 GB RAM)","₹99,999",https://www.flipkart.com/samsung-galaxy-s23-plus-5g-cream-512-gb/p/itm745d4b532623e?pid=MOBGMFFXHKGEXXGZ&lid=LSTMOBGMFFXHKGEXXGZCN8Z4O&marketplace=FLIPKART&q=Samsung+under+100000&store=tyy%2F4io&srno=s_1_13&otracker=search&otracker1=search&fm=organic&iid=69d46843-8cc2-4aae-ae91-dd259cf2fd93.MOBGMFFXHKGEXXGZ.SEARCH&ppt=None&ppn=None&ssid=5upqszca4w0000001744459816167&qH=af5ee9253b052512,https://rukminim2.flixcart.com/image/416/416/xif0q/mobile/y/d/c/-original-imagzm8p5vtrszrj.jpeg?q=70&crop=false
"SAMSUNG Galaxy F06 5G (Lit Violet, 128 GB)  (6 GB RAM)","₹10,499",https://www.flipkart.com/samsung-galaxy-f06-5g-lit-violet-128-gb/p/itm10bd1668b9bf2?pid=MOBH9AS4PUVXZ3RH&lid=LSTMOBH9AS4PUVXZ3RHQVQG4J&marketplace=FLIPKART&q=Samsung+under+100000&store=tyy%2F4io&srno=s_1_12&otracker=search&otracker1=search&fm=organic&iid=en_iDwSB1q8rQWDBEfjya3TCOEG4nt2Hx0ZiKuqm5H4w65KF0z-AYCf4aAzpyr9EqNFVj7PfX3klznOQYCTCmSDIa8iqbiwhGf4dwbXVx7ZSks%3D&ppt=None&ppn=None&ssid=5upqszca4w0000001744459816167&qH=af5ee9253b052512,https://rukminim2.flixcart.com/image/416/416/xif0q/mobile/v/c/1/-original-imahb5gc6anfdgmb.jpeg?q=70&crop=false
"SAMSUNG Galaxy F16 5G (Glam Green, 128 GB)  (8 GB RAM)","₹14,499",https://www.flipkart.com/samsung-galaxy-f16-5g-glam-green-128-gb/p/itm05d1354ab28a9?pid=MOBH9ASGHHWYPHRF&lid=LSTMOBH9ASGHHWYPHRFHONIBZ&marketplace=FLIPKART&q=Samsung+under+100000&store=tyy%2F4io&srno=s_1_11&otracker=search&otracker1=search&fm=organic&iid=en_iDwSB1q8rQWDBEfjya3TCOEG4nt2Hx0ZiKuqm5H4w67gohaGW2qH58XUUA3K3kkXh5nWqdT6YpmzVO3VbSBU3WaRs4JL222ZRV-dN99QnxU%3D&ppt=None&ppn=None&ssid=5upqszca4w0000001744459816167&qH=af5ee9253b052512,https://rukminim2.flixcart.com/image/416/416/xif0q/mobile/f/b/3/-original-imahb5pxz9yzqmxa.jpeg?q=70&crop=false
"SAMSUNG Galaxy Z Fold4 5G (Phantom Black, 512 GB)  (12 GB RAM)","₹97,959",https://www.flipkart.com/samsung-galaxy-z-fold4-5g-phantom-black-512-gb/p/itmfd92b709a0322?pid=MOBGHFGD5RFCSJYR&lid=LSTMOBGHFGD5RFCSJYRXYYGM3&marketplace=FLIPKART&q=Samsung+under+100000&store=tyy%2F4io&srno=s_1_10&otracker=search&otracker1=search&fm=organic&iid=69d46843-8cc2-4aae-ae91-dd259cf2fd93.MOBGHFGD5RFCSJYR.SEARCH&ppt=None&ppn=None&ssid=5upqszca4w0000001744459816167&qH=af5ee9253b052512,https://rukminim2.flixcart.com/image/416/416/xif0q/mobile/p/y/d/-original-imahfay22j8srjpc.jpeg?q=70&crop=false
"SAMSUNG Galaxy Z Flip4 5G (Pink Gold, 256 GB)  (8 GB RAM)","₹94,999",https://www.flipkart.com/samsung-galaxy-z-flip4-5g-pink-gold-256-gb/p/itm68c8b514eca76?pid=MOBGHFGDDKNZHGQP&lid=LSTMOBGHFGDDKNZHGQPHVGDXD&marketplace=FLIPKART&q=Samsung+under+100000&store=tyy%2F4io&srno=s_1_9&otracker=search&otracker1=search&fm=organic&iid=69d46843-8cc2-4aae-ae91-dd259cf2fd93.MOBGHFGDDKNZHGQP.SEARCH&ppt=None&ppn=None&ssid=5upqszca4w0000001744459816167&qH=af5ee9253b052512,https://rukminim2.flixcart.com/image/416/416/xif0q/mobile/w/k/q/-original-imahfay2xhwgvwnd.jpeg?q=70&crop=false
"SAMSUNG Galaxy S25 5G (Mint, 512 GB)  (12 GB RAM)","₹92,999",https://www.flipkart.com/samsung-galaxy-s25-5g-mint-512-gb/p/itm2196514814ed7?pid=MOBH8K8UHSHFGVVZ&lid=LSTMOBH8K8UHSHFGVVZDE2NQD&marketplace=FLIPKART&q=Samsung+under+100000&store=tyy%2F4io&srno=s_1_8&otracker=search&otracker1=search&fm=organic&iid=69d46843-8cc2-4aae-ae91-dd259cf2fd93.MOBH8K8UHSHFGVVZ.SEARCH&ppt=None&ppn=None&ssid=5upqszca4w0000001744459816167&qH=af5ee9253b052512,https://rukminim2.flixcart.com/image/416/416/xif0q/mobile/l/p/n/-original-imah8pdgxbfqzkfb.jpeg?q=70&crop=false
"SAMSUNG Galaxy S25 5G (Silver Shadow, 512 GB)  (12 GB RAM)","₹92,999",https://www.flipkart.com/samsung-galaxy-s25-5g-silver-shadow-512-gb/p/itmab25415a98d9f?pid=MOBH8K8UT2JSMYCQ&lid=LSTMOBH8K8UT2JSMYCQMUDHAJ&marketplace=FLIPKART&q=Samsung+under+100000&store=tyy%2F4io&srno=s_1_7&otracker=search&otracker1=search&fm=organic&iid=69d46843-8cc2-4aae-ae91-dd259cf2fd93.MOBH8K8UT2JSMYCQ.SEARCH&ppt=None&ppn=None&ssid=5upqszca4w0000001744459816167&qH=af5ee9253b052512,https://rukminim2.flixcart.com/image/416/416/xif0q/mobile/d/i/s/-original-imah8pdgwdu5b2hz.jpeg?q=70&crop=false
"SAMSUNG Galaxy F16 5G (Glam Green, 128 GB)  (4 GB RAM)","₹11,499",https://www.flipkart.com/samsung-galaxy-f16-5g-glam-green-128-gb/p/itm74165546d7c6c?pid=MOBH9ASGGCVWXXCW&lid=LSTMOBH9ASGGCVWXXCWXWAURI&marketplace=FLIPKART&q=Samsung+under+100000&store=tyy%2F4io&srno=s_1_6&otracker=search&otracker1=search&fm=organic&iid=en_iDwSB1q8rQWDBEfjya3TCOEG4nt2Hx0ZiKuqm5H4w65FLALF9BQZO9eHFxWvXhibNWSxWJldpim553rMOwQ9qOvN4Mn-dv-pi277bRzMbnY%3D&ppt=None&ppn=None&ssid=5upqszca4w0000001744459816167&qH=af5ee9253b052512,https://rukminim2.flixcart.com/image/416/416/xif0q/mobile/f/b/3/-original-imahb5pxz9yzqmxa.jpeg?q=70&crop=false
"SAMSUNG Galaxy F06 5G (Bahama Blue, 128 GB)  (6 GB RAM)","₹10,499",https://www.flipkart.com/samsung-galaxy-f06-5g-bahama-blue-128-gb/p/itm9acd4c5748761?pid=MOBH9AS4DSSQECZM&lid=LSTMOBH9AS4DSSQECZM9LVHS4&marketplace=FLIPKART&q=Samsung+under+100000&store=tyy%2F4io&srno=s_1_5&otracker=search&otracker1=search&fm=organic&iid=en_iDwSB1q8rQWDBEfjya3TCOEG4nt2Hx0ZiKuqm5H4w64yCVsDc-qWKBsY3gI2MB29p0cfOMN46e3lM9CXMKQcrn3Gaq_wzx4HJysDmGalzMk%3D&ppt=None&ppn=None&ssid=5upqszca4w0000001744459816167&qH=af5ee9253b052512,https://rukminim2.flixcart.com/image/416/416/xif0q/mobile/n/i/x/-original-imahb5gcuxdfpvgf.jpeg?q=70&crop=false
"SAMSUNG Galay S25 Plus 5G (Silver Shadow, 256 GB)  (12 GB RAM)","₹99,999",https://www.flipkart.com/samsung-galay-s25-plus-5g-silver-shadow-256-gb/p/itmab25415a98d9f?pid=MOBH8K8UJTZZN7WZ&lid=LSTMOBH8K8UJTZZN7WZTHXXFT&marketplace=FLIPKART&q=Samsung+under+100000&store=tyy%2F4io&srno=s_1_4&otracker=search&otracker1=search&fm=organic&iid=69d46843-8cc2-4aae-ae91-dd259cf2fd93.MOBH8K8UJTZZN7WZ.SEARCH&ppt=None&ppn=None&ssid=5upqszca4w0000001744459816167&qH=af5ee9253b052512,https://rukminim2.flixcart.com/image/416/416/xif0q/mobile/y/9/z/-original-imah8pdhtd8q3hth.jpeg?q=70&crop=false
"SAMSUNG Galaxy S25 5G (Navy, 512 GB)  (12 GB RAM)","₹92,999",https://www.flipkart.com/samsung-galaxy-s25-5g-navy-512-gb/p/itm88c024d0e31d2?pid=MOBH8K8UGHPTJGTM&lid=LSTMOBH8K8UGHPTJGTMFLUP5N&marketplace=FLIPKART&q=Samsung+under+100000&store=tyy%2F4io&srno=s_1_3&otracker=search&otracker1=search&fm=organic&iid=69d46843-8cc2-4aae-ae91-dd259cf2fd93.MOBH8K8UGHPTJGTM.SEARCH&ppt=None&ppn=None&ssid=5upqszca4w0000001744459816167&qH=af5ee9253b052512,https://rukminim2.flixcart.com/image/416/416/xif0q/mobile/j/e/r/-original-imah8pdgedd5whgs.jpeg?q=70&crop=false
"SAMSUNG Galaxy F06 5G (Bahama Blue, 128 GB)  (4 GB RAM)","₹9,199",https://www.flipkart.com/samsung-galaxy-f06-5g-bahama-blue-128-gb/p/itm58189fada62cb?pid=MOBH9AS47XHFRMJY&lid=LSTMOBH9AS47XHFRMJYWI8CRI&marketplace=FLIPKART&q=Samsung+under+100000&store=tyy%2F4io&srno=s_1_2&otracker=search&otracker1=search&fm=organic&iid=en_iDwSB1q8rQWDBEfjya3TCOEG4nt2Hx0ZiKuqm5H4w64WbiZoSKwoX7VS8U-0lfgybqcHv-87WGPcFsqAooTy1Q%3D%3D&ppt=None&ppn=None&ssid=5upqszca4w0000001744459816167&qH=af5ee9253b052512,https://rukminim2.flixcart.com/image/416/416/xif0q/mobile/n/i/x/-original-imahb5gcuxdfpvgf.jpeg?q=70&crop=false
"SAMSUNG Galaxy F06 5G (Lit Violet, 128 GB)  (4 GB RAM)","₹9,199",https://www.flipkart.com/samsung-galaxy-f06-5g-lit-violet-128-gb/p/itm140da3412b73b?pid=MOBH9AS4FA5RUHSY&lid=LSTMOBH9AS4FA5RUHSYIYVIFO&marketplace=FLIPKART&q=Samsung+under+100000&store=tyy%2F4io&srno=s_1_1&otracker=search&otracker1=search&fm=organic&iid=en_iDwSB1q8rQWDBEfjya3TCOEG4nt2Hx0ZiKuqm5H4w652k_b6O6ITWl_vEnqppnXVCM1hQ8GPgViAC_B4vD41nA%3D%3D&ppt=None&ppn=None&ssid=5upqszca4w0000001744459816167&qH=af5ee9253b052512,https://rukminim2.flixcart.com/image/416/416/xif0q/mobile/v/c/1/-original-imahb5gc6anfdgmb.jpeg?q=70&crop=false
"SAMSUNG Galaxy F16 5G (Bling Black, 128 GB)  (4 GB RAM)","₹11,499",https://www.flipkart.com/samsung-galaxy-f16-5g-bling-black-128-gb/p/itm98473f83de0f1?pid=MOBH9ASGZWYBDPUD&lid=LSTMOBH9ASGZWYBDPUDPEFY5L&marketplace=FLIPKART&q=Samsung+under+100000&store=tyy%2F4io&srno=s_2_48&otracker=search&otracker1=search&fm=organic&iid=en_QvfGt6jHzJrTcAIqB5Yw0ilbFxJHVfO1LHJUnxod9Vw39e1zqpOdRqaR9DhuE9HAMokvYdzVPRoFOm6U94FB5w891ypMzu4_aryI8_sihJ8%3D&ppt=None&ppn=None&ssid=eag2ds5wps0000001744460201376&qH=af5ee9253b052512,https://rukminim2.flixcart.com/image/416/416/xif0q/mobile/z/o/c/-original-imahb5pxhgpbu6d3.jpeg?q=70&crop=false
"SAMSUNG Galaxy F16 5G (Vibing Blue, 128 GB)  (6 GB RAM)","₹12,999",https://www.flipkart.com/samsung-galaxy-f16-5g-vibing-blue-128-gb/p/itmc59882b14985a?pid=MOBH9ASG42S7QZ6P&lid=LSTMOBH9ASG42S7QZ6PM3IJJ8&marketplace=FLIPKART&q=Samsung+under+100000&store=tyy%2F4io&srno=s_2_47&otracker=search&otracker1=search&fm=organic&iid=en_QvfGt6jHzJrTcAIqB5Yw0ilbFxJHVfO1LHJUnxod9Vzm8PBUtCocsJXxKG_HuXoj8GqMR-QKgmuxXxgfWbTfaKV8WX5krIChubBlraAu4CQ%3D&ppt=None&ppn=None&ssid=eag2ds5wps0000001744460201376&qH=af5ee9253b052512,https://rukminim2.flixcart.com/image/416/416/xif0q/mobile/p/t/u/-original-imahb5pxkaeqgnuz.jpeg?q=70&crop=false
"SAMSUNG Galaxy F15 5G (Ash Black, 128 GB)  (6 GB RAM)","₹13,499",https://www.flipkart.com/samsung-galaxy-f15-5g-ash-black-128-gb/p/itm3886145398f59?pid=MOBGYBAVBQ86QKJT&lid=LSTMOBGYBAVBQ86QKJTGZ1L1V&marketplace=FLIPKART&q=Samsung+under+100000&store=tyy%2F4io&srno=s_2_46&otracker=search&otracker1=search&fm=organic&iid=77f61c75-bea7-4722-8f3f-b34236347dd7.MOBGYBAVBQ86QKJT.SEARCH&ppt=None&ppn=None&ssid=eag2ds5wps0000001744460201376&qH=af5ee9253b052512,https://rukminim2.flixcart.com/image/416/416/xif0q/mobile/m/u/d/-original-imah3agqugmgpwty.jpeg?q=70&crop=false
"SAMSUNG Galaxy M35 5G (DayBreak Blue, 128 GB)  (8 GB RAM)","₹16,886",https://www.flipkart.com/samsung-galaxy-m35-5g-daybreak-blue-128-gb/p/itm94360d23ec184?pid=MOBH2Z9MJ2WWJZYH&lid=LSTMOBH2Z9MJ2WWJZYH5QCUBR&marketplace=FLIPKART&q=Samsung+under+100000&store=tyy%2F4io&srno=s_2_45&otracker=search&otracker1=search&fm=organic&iid=77f61c75-bea7-4722-8f3f-b34236347dd7.MOBH2Z9MJ2WWJZYH.SEARCH&ppt=None&ppn=None&ssid=eag2ds5wps0000001744460201376&qH=af5ee9253b052512,https://rukminim2.flixcart.com/image/416/416/xif0q/mobile/f/b/f/galaxy-m35-5g-sm-m356b-samsung-original-imah5vyfh4ckdyb5.jpeg?q=70&crop=false
"SAMSUNG Galaxy S24 FE 5G (Graphite, 128 GB)  (8 GB RAM)","₹41,999",https://www.flipkart.com/samsung-galaxy-s24-fe-5g-graphite-128-gb/p/itme960199e26f23?pid=MOBH4ZG33EBNZKS7&lid=LSTMOBH4ZG33EBNZKS751CITE&marketplace=FLIPKART&q=Samsung+under+100000&store=tyy%2F4io&srno=s_2_44&otracker=search&otracker1=search&fm=organic&iid=77f61c75-bea7-4722-8f3f-b34236347dd7.MOBH4ZG33EBNZKS7.SEARCH&ppt=None&ppn=None&ssid=eag2ds5wps0000001744460201376&qH=af5ee9253b052512,https://rukminim2.flixcart.com/image/416/416/xif0q/mobile/y/x/8/-original-imah8gber9wv5ny8.jpeg?q=70&crop=false
"SAMSUNG Galaxy M35 5G (DayBreak Blue, 128 GB)  (6 GB RAM)","₹14,298",https://www.flipkart.com/samsung-galaxy-m35-5g-daybreak-blue-128-gb/p/itm1a53e8f5191db?pid=MOBH2Y7HKCYDEHFZ&lid=LSTMOBH2Y7HKCYDEHFZ8AJLNZ&marketplace=FLIPKART&q=Samsung+under+100000&store=tyy%2F4io&srno=s_2_43&otracker=search&otracker1=search&fm=organic&iid=77f61c75-bea7-4722-8f3f-b34236347dd7.MOBH2Y7HKCYDEHFZ.SEARCH&ppt=None&ppn=None&ssid=eag2ds5wps0000001744460201376&qH=af5ee9253b052512,https://rukminim2.flixcart.com/image/416/416/xif0q/mobile/l/0/p/-original-imah8pvv5fzp9xcb.jpeg?q=70&crop=false
"SAMSUNG Galaxy F16 5G (Bling Black, 128 GB)  (6 GB RAM)","₹12,999",https://www.flipkart.com/samsung-galaxy-f16-5g-bling-black-128-gb/p/itm36dc1b01d7f0c?pid=MOBH9ASGXEYAEJDE&lid=LSTMOBH9ASGXEYAEJDEO5XLUM&marketplace=FLIPKART&q=Samsung+under+100000&store=tyy%2F4io&srno=s_2_42&otracker=search&otracker1=search&fm=organic&iid=en_QvfGt6jHzJrTcAIqB5Yw0ilbFxJHVfO1LHJUnxod9VyTJVxhXOMSya9fRpQ-Dn-4piIjNk4gPLqZoUdAdlaH9PUFjCTyOHoHZs-Z5_PS_w0%3D&ppt=None&ppn=None&ssid=eag2ds5wps0000001744460201376&qH=af5ee9253b052512,https://rukminim2.flixcart.com/image/416/416/xif0q/mobile/z/o/c/-original-imahb5pxhgpbu6d3.jpeg?q=70&crop=false
"SAMSUNG Galaxy F16 5G (Bling Black, 128 GB)  (8 GB RAM)","₹14,499",https://www.flipkart.com/samsung-galaxy-f16-5g-bling-black-128-gb/p/itmc78bc1cee0259?pid=MOBH9ASGP3ZH2AF7&lid=LSTMOBH9ASGP3ZH2AF7G11WXL&marketplace=FLIPKART&q=Samsung+under+100000&store=tyy%2F4io&srno=s_2_41&otracker=search&otracker1=search&fm=organic&iid=en_QvfGt6jHzJrTcAIqB5Yw0ilbFxJHVfO1LHJUnxod9VzjiGldJP8PfnZJLqTcE5XQGDgCF1yaRoryNsPD1iAiPvUFjCTyOHoHZs-Z5_PS_w0%3D&ppt=None&ppn=None&ssid=eag2ds5wps0000001744460201376&qH=af5ee9253b052512,https://rukminim2.flixcart.com/image/416/416/xif0q/mobile/z/o/c/-original-imahb5pxhgpbu6d3.jpeg?q=70&crop=false
"SAMSUNG Galaxy A36 5G (Awesome Black, 128 GB)  (8 GB RAM)","₹27,390",https://www.flipkart.com/samsung-galaxy-a36-5g-awesome-black-128-gb/p/itmcf7765e46c231?pid=MOBH9RNG8NGYKDEQ&lid=LSTMOBH9RNG8NGYKDEQCUL9DE&marketplace=FLIPKART&q=Samsung+under+100000&store=tyy%2F4io&srno=s_2_40&otracker=search&otracker1=search&fm=organic&iid=77f61c75-bea7-4722-8f3f-b34236347dd7.MOBH9RNG8NGYKDEQ.SEARCH&ppt=None&ppn=None&ssid=eag2ds5wps0000001744460201376&qH=af5ee9253b052512,https://rukminim2.flixcart.com/image/416/416/xif0q/mobile/c/c/s/-original-imahb3hpedvsngwy.jpeg?q=70&crop=false
"SAMSUNG M35 5G (Moonlight Blue, 128 GB)  (6 GB RAM)","₹14,351",https://www.flipkart.com/samsung-m35-5g-moonlight-blue-128-gb/p/itm94360d23ec184?pid=MOBH2Z8ZTPKMZ9FV&lid=LSTMOBH2Z8ZTPKMZ9FVKFHOFA&marketplace=FLIPKART&q=Samsung+under+100000&store=tyy%2F4io&srno=s_2_39&otracker=search&otracker1=search&fm=organic&iid=77f61c75-bea7-4722-8f3f-b34236347dd7.MOBH2Z8ZTPKMZ9FV.SEARCH&ppt=None&ppn=None&ssid=eag2ds5wps0000001744460201376&qH=af5ee9253b052512,https://rukminim2.flixcart.com/image/416/416/xif0q/mobile/x/y/l/-original-imah8pvvhmj76hvg.jpeg?q=70&crop=false
"SAMSUNG Galaxy F16 5G (Vibing Blue, 128 GB)  (4 GB RAM)","₹11,499",https://www.flipkart.com/samsung-galaxy-f16-5g-vibing-blue-128-gb/p/itm21ffc210450ff?pid=MOBH9ASGPYCDE8VA&lid=LSTMOBH9ASGPYCDE8VAEXUXDN&marketplace=FLIPKART&q=Samsung+under+100000&store=tyy%2F4io&srno=s_2_38&otracker=search&otracker1=search&fm=organic&iid=en_QvfGt6jHzJrTcAIqB5Yw0ilbFxJHVfO1LHJUnxod9VyXDoQW0bp2tD7W4LpxlcqWDQyWy_K2LRoVGNqAMXSwyvUFjCTyOHoHZs-Z5_PS_w0%3D&ppt=None&ppn=None&ssid=eag2ds5wps0000001744460201376&qH=af5ee9253b052512,https://rukminim2.flixcart.com/image/416/416/xif0q/mobile/p/t/u/-original-imahb5pxkaeqgnuz.jpeg?q=70&crop=false
"SAMSUNG Galaxy F16 5G (Glam Green, 128 GB)  (8 GB RAM)","₹14,499",https://www.flipkart.com/samsung-galaxy-f16-5g-glam-green-128-gb/p/itm05d1354ab28a9?pid=MOBH9ASGHHWYPHRF&lid=LSTMOBH9ASGHHWYPHRFHONIBZ&marketplace=FLIPKART&q=Samsung+under+100000&store=tyy%2F4io&srno=s_2_37&otracker=search&otracker1=search&fm=organic&iid=en_QvfGt6jHzJrTcAIqB5Yw0ilbFxJHVfO1LHJUnxod9VwOxw9qVeLrQtzSEM78mdmQh3PLxPtOoeCFz2D6_7Z9_fUFjCTyOHoHZs-Z5_PS_w0%3D&ppt=None&ppn=None&ssid=eag2ds5wps0000001744460201376&qH=af5ee9253b052512,https://rukminim2.flixcart.com/image/416/416/xif0q/mobile/f/b/3/-original-imahb5pxz9yzqmxa.jpeg?q=70&crop=false
"SAMSUNG Galaxy A16 5G (Blue Black, 128 GB)  (6 GB RAM)","₹14,490",https://www.flipkart.com/samsung-galaxy-a16-5g-blue-black-128-gb/p/itmeb3b07d3eff44?pid=MOBH92ADWAXKWDBS&lid=LSTMOBH92ADWAXKWDBSANYCVX&marketplace=FLIPKART&q=Samsung+under+100000&store=tyy%2F4io&srno=s_2_36&otracker=search&otracker1=search&fm=organic&iid=77f61c75-bea7-4722-8f3f-b34236347dd7.MOBH92ADWAXKWDBS.SEARCH&ppt=None&ppn=None&ssid=eag2ds5wps0000001744460201376&qH=af5ee9253b052512,https://rukminim2.flixcart.com/image/416/416/xif0q/mobile/z/y/b/-original-imah5zf6jbfny5vk.jpeg?q=70&crop=false
"SAMSUNG Galaxy A05 (Silver, 128 GB)  (6 GB RAM)","₹8,839",https://www.flipkart.com/samsung-galaxy-a05-silver-128-gb/p/itmcd3bdb7a8657e?pid=MOBGTZ6WEC7C9ZBE&lid=LSTMOBGTZ6WEC7C9ZBEQRPK8A&marketplace=FLIPKART&q=Samsung+under+100000&store=tyy%2F4io&srno=s_2_35&otracker=search&otracker1=search&fm=organic&iid=77f61c75-bea7-4722-8f3f-b34236347dd7.MOBGTZ6WEC7C9ZBE.SEARCH&ppt=None&ppn=None&ssid=eag2ds5wps0000001744460201376&qH=af5ee9253b052512,https://rukminim2.flixcart.com/image/416/416/xif0q/mobile/d/k/z/galaxy-a05-sm-a055fzsdins-samsung-original-imagvvwmswfznsgy.jpeg?q=70&crop=false
"SAMSUNG Galaxy S24+ 5G (Cobalt Violet, 256 GB)  (12 GB RAM)","₹54,999",https://www.flipkart.com/samsung-galaxy-s24-5g-cobalt-violet-256-gb/p/itm46fc37ddc7255?pid=MOBGX2F3GDX7QYFT&lid=LSTMOBGX2F3GDX7QYFT0XBGDS&marketplace=FLIPKART&q=Samsung+under+100000&store=tyy%2F4io&srno=s_2_34&otracker=search&otracker1=search&fm=organic&iid=77f61c75-bea7-4722-8f3f-b34236347dd7.MOBGX2F3GDX7QYFT.SEARCH&ppt=None&ppn=None&ssid=eag2ds5wps0000001744460201376&qH=af5ee9253b052512,https://rukminim2.flixcart.com/image/416/416/xif0q/mobile/u/i/y/-original-imah4zp7chcqfzwh.jpeg?q=70&crop=false
"SAMSUNG Galaxy A05 (Black, 128 GB)  (6 GB RAM)","₹8,855",https://www.flipkart.com/samsung-galaxy-a05-black-128-gb/p/itmcc54e5fcafaaa?pid=MOBGTZ6WHHKKUAMH&lid=LSTMOBGTZ6WHHKKUAMHM9QVFH&marketplace=FLIPKART&q=Samsung+under+100000&store=tyy%2F4io&srno=s_2_33&otracker=search&otracker1=search&fm=organic&iid=77f61c75-bea7-4722-8f3f-b34236347dd7.MOBGTZ6WHHKKUAMH.SEARCH&ppt=None&ppn=None&ssid=eag2ds5wps0000001744460201376&qH=af5ee9253b052512,https://rukminim2.flixcart.com/image/416/416/xif0q/mobile/d/b/f/galaxy-a05-sm-a055fzkdins-samsung-original-imagvvwmbxfxrp4z.jpeg?q=70&crop=false
"SAMSUNG Galaxy F16 5G (Glam Green, 128 GB)  (4 GB RAM)","₹11,499",https://www.flipkart.com/samsung-galaxy-f16-5g-glam-green-128-gb/p/itm74165546d7c6c?pid=MOBH9ASGGCVWXXCW&lid=LSTMOBH9ASGGCVWXXCWXWAURI&marketplace=FLIPKART&q=Samsung+under+100000&store=tyy%2F4io&srno=s_2_32&otracker=search&otracker1=search&fm=organic&iid=en_QvfGt6jHzJrTcAIqB5Yw0ilbFxJHVfO1LHJUnxod9Vz1mliB_PBDLRwGrgKm2dnimb7FkKCiXRFvpN6Ll45_BfUFjCTyOHoHZs-Z5_PS_w0%3D&ppt=None&ppn=None&ssid=eag2ds5wps0000001744460201376&qH=af5ee9253b052512,https://rukminim2.flixcart.com/image/416/416/xif0q/mobile/f/b/3/-original-imahb5pxz9yzqmxa.jpeg?q=70&crop=false
"SAMSUNG Galaxy F06 5G (Bahama Blue, 128 GB)  (6 GB RAM)","₹10,499",https://www.flipkart.com/samsung-galaxy-f06-5g-bahama-blue-128-gb/p/itm9acd4c5748761?pid=MOBH9AS4DSSQECZM&lid=LSTMOBH9AS4DSSQECZM9LVHS4&marketplace=FLIPKART&q=Samsung+under+100000&store=tyy%2F4io&srno=s_2_31&otracker=search&otracker1=search&fm=organic&iid=en_QvfGt6jHzJrTcAIqB5Yw0ilbFxJHVfO1LHJUnxod9VxM9wpjnekSwDjap5TtYdhVUzCm5Xvb4eBr7SEpFT8PW_UFjCTyOHoHZs-Z5_PS_w0%3D&ppt=None&ppn=None&ssid=eag2ds5wps0000001744460201376&qH=af5ee9253b052512,https://rukminim2.flixcart.com/image/416/416/xif0q/mobile/n/i/x/-original-imahb5gcuxdfpvgf.jpeg?q=70&crop=false
"SAMSUNG Galaxy A35 5G (Awesome Lilac, 128 GB)  (8 GB RAM)","₹24,371",https://www.flipkart.com/samsung-galaxy-a35-5g-awesome-lilac-128-gb/p/itm5a31476ca6a35?pid=MOBH92ADMADUHMMX&lid=LSTMOBH92ADMADUHMMXSGBIF6&marketplace=FLIPKART&q=Samsung+under+100000&store=tyy%2F4io&srno=s_2_30&otracker=search&otracker1=search&fm=organic&iid=77f61c75-bea7-4722-8f3f-b34236347dd7.MOBH92ADMADUHMMX.SEARCH&ppt=None&ppn=None&ssid=eag2ds5wps0000001744460201376&qH=af5ee9253b052512,https://rukminim2.flixcart.com/image/416/416/xif0q/mobile/n/b/f/-original-imah3xvkc2fqzera.jpeg?q=70&crop=false
"SAMSUNG Galaxy M35 5G (Thunder Grey, 128 GB)  (6 GB RAM)","₹14,426",https://www.flipkart.com/samsung-galaxy-m35-5g-thunder-grey-128-gb/p/itm94360d23ec184?pid=MOBH2Z9HJYYQBFGD&lid=LSTMOBH2Z9HJYYQBFGDJNNGYL&marketplace=FLIPKART&q=Samsung+under+100000&store=tyy%2F4io&srno=s_2_29&otracker=search&otracker1=search&fm=organic&iid=77f61c75-bea7-4722-8f3f-b34236347dd7.MOBH2Z9HJYYQBFGD.SEARCH&ppt=None&ppn=None&ssid=eag2ds5wps0000001744460201376&qH=af5ee9253b052512,https://rukminim2.flixcart.com/image/416/416/xif0q/mobile/g/d/d/-original-imah8pvv87hy3tsg.jpeg?q=70&crop=false
"SAMSUNG Galaxy F06 5G (Bahama Blue, 128 GB)  (4 GB RAM)","₹9,199",https://www.flipkart.com/samsung-galaxy-f06-5g-bahama-blue-128-gb/p/itm58189fada62cb?pid=MOBH9AS47XHFRMJY&lid=LSTMOBH9AS47XHFRMJYWI8CRI&marketplace=FLIPKART&q=Samsung+under+100000&store=tyy%2F4io&srno=s_2_28&otracker=search&otracker1=search&fm=organic&iid=en_QvfGt6jHzJrTcAIqB5Yw0ilbFxJHVfO1LHJUnxod9VzhLrnm7XxHcOnMp_lPgh0YPRxsoIn_NZ90r_8bdCOAy_UFjCTyOHoHZs-Z5_PS_w0%3D&ppt=None&ppn=None&ssid=eag2ds5wps0000001744460201376&qH=af5ee9253b052512,https://rukminim2.flixcart.com/image/416/416/xif0q/mobile/n/i/x/-original-imahb5gcuxdfpvgf.jpeg?q=70&crop=false
"SAMSUNG Galaxy F06 5G (Lit Violet, 128 GB)  (4 GB RAM)","₹9,199",https://www.flipkart.com/samsung-galaxy-f06-5g-lit-violet-128-gb/p/itm140da3412b73b?pid=MOBH9AS4FA5RUHSY&lid=LSTMOBH9AS4FA5RUHSYIYVIFO&marketplace=FLIPKART&q=Samsung+under+100000&store=tyy%2F4io&srno=s_2_27&otracker=search&otracker1=search&fm=organic&iid=en_QvfGt6jHzJrTcAIqB5Yw0ilbFxJHVfO1LHJUnxod9VwSTH8vmWw6NX4bGWCg6jLhgr1eHufGcbb3qByu-QDfKfUFjCTyOHoHZs-Z5_PS_w0%3D&ppt=None&ppn=None&ssid=eag2ds5wps0000001744460201376&qH=af5ee9253b052512,https://rukminim2.flixcart.com/image/416/416/xif0q/mobile/v/c/1/-original-imahb5gc6anfdgmb.jpeg?q=70&crop=false
"SAMSUNG Galaxy F06 5G (Lit Violet, 128 GB)  (6 GB RAM)","₹10,499",https://www.flipkart.com/samsung-galaxy-f06-5g-lit-violet-128-gb/p/itm10bd1668b9bf2?pid=MOBH9AS4PUVXZ3RH&lid=LSTMOBH9AS4PUVXZ3RHQVQG4J&marketplace=FLIPKART&q=Samsung+under+100000&store=tyy%2F4io&srno=s_2_26&otracker=search&otracker1=search&fm=organic&iid=77f61c75-bea7-4722-8f3f-b34236347dd7.MOBH9AS4PUVXZ3RH.SEARCH&ppt=None&ppn=None&ssid=eag2ds5wps0000001744460201376&qH=af5ee9253b052512,https://rukminim2.flixcart.com/image/416/416/xif0q/mobile/v/c/1/-original-imahb5gc6anfdgmb.jpeg?q=70&crop=false
SAMSUNG SM 1207  (Black),"₹1,069",https://www.flipkart.com/samsung-sm-1207/p/itmb6a3ac1337b58?pid=MOBH4QJF99FPAPGV&lid=LSTMOBH4QJF99FPAPGVJQJYFE&marketplace=FLIPKART&q=Samsung+under+100000&store=tyy%2F4io&srno=s_2_25&otracker=search&otracker1=search&fm=organic&iid=77f61c75-bea7-4722-8f3f-b34236347dd7.MOBH4QJF99FPAPGV.SEARCH&ppt=None&ppn=None&ssid=eag2ds5wps0000001744460201376&qH=af5ee9253b052512,https://rukminim2.flixcart.com/image/416/416/xif0q/mobile/j/1/r/sm-1207-gt-e1207y-samsung-original-imahafz5948rjazz.jpeg?q=70&crop=false
"OnePlus Nord 4 5G (Obsidian Midnight, 256 GB)  (12 GB RAM)","₹30,989",https://www.flipkart.com/oneplus-nord-4-5g-obsidian-midnight-256-gb/p/itmed83e7926e3e5?pid=MOBH3YA8PDNXWUGA&lid=LSTMOBH3YA8PDNXWUGAUFD4YV&marketplace=FLIPKART&q=oneplus+under+80000&store=tyy%2F4io&srno=s_1_24&otracker=search&otracker1=search&fm=organic&iid=60ea15e2-68e7-4916-87d2-fe2c943dfe70.MOBH3YA8PDNXWUGA.SEARCH&ppt=None&ppn=None&ssid=0r7kr3fvgw0000001744458346328&qH=7508f7e1cde2fe81,https://rukminim2.flixcart.com/image/416/416/xif0q/mobile/h/k/y/nord-4-5g-cph2661-oneplus-original-imah5rbrzrmmjvmm.jpeg?q=70&crop=false
"OnePlus Nord CE4 (Dark Chrome, 128 GB)  (8 GB RAM)","₹21,882",https://www.flipkart.com/oneplus-nord-ce4-dark-chrome-128-gb/p/itm5a09089114afb?pid=MOBGZNH6QUUVZGZN&lid=LSTMOBGZNH6QUUVZGZNDMXLV7&marketplace=FLIPKART&q=oneplus+under+80000&store=tyy%2F4io&srno=s_1_23&otracker=search&otracker1=search&fm=organic&iid=60ea15e2-68e7-4916-87d2-fe2c943dfe70.MOBGZNH6QUUVZGZN.SEARCH&ppt=None&ppn=None&ssid=0r7kr3fvgw0000001744458346328&qH=7508f7e1cde2fe81,https://rukminim2.flixcart.com/image/416/416/xif0q/mobile/1/y/k/nord-ce4-cph2613-oneplus-original-imagzndegwfrwung.jpeg?q=70&crop=false
"OnePlus N20 SE (JADE WAVE, 128 GB)  (4 GB RAM)","₹13,287",https://www.flipkart.com/oneplus-n20-se-jade-wave-128-gb/p/itm7582d7a5c2ce5?pid=MOBGS5DEYGAEQXZB&lid=LSTMOBGS5DEYGAEQXZB2SU4NV&marketplace=FLIPKART&q=oneplus+under+80000&store=tyy%2F4io&srno=s_1_22&otracker=search&otracker1=search&fm=organic&iid=60ea15e2-68e7-4916-87d2-fe2c943dfe70.MOBGS5DEYGAEQXZB.SEARCH&ppt=None&ppn=None&ssid=0r7kr3fvgw0000001744458346328&qH=7508f7e1cde2fe81,https://rukminim2.flixcart.com/image/416/416/xif0q/mobile/x/2/s/n20-se-cph2469-oneplus-original-imah8h86fkhrnxz8.jpeg?q=70&crop=false
"OnePlus Nord CE4 lite 5G (SUPER SILVER, 256 GB)  (8 GB RAM)","₹22,365",https://www.flipkart.com/oneplus-nord-ce4-lite-5g-super-silver-256-gb/p/itm8fd5fdf300955?pid=MOBH25ZHYFXEKGDB&lid=LSTMOBH25ZHYFXEKGDBMQ8OLC&marketplace=FLIPKART&q=oneplus+under+80000&store=tyy%2F4io&srno=s_1_21&otracker=search&otracker1=search&fm=organic&iid=60ea15e2-68e7-4916-87d2-fe2c943dfe70.MOBH25ZHYFXEKGDB.SEARCH&ppt=None&ppn=None&ssid=0r7kr3fvgw0000001744458346328&qH=7508f7e1cde2fe81,https://rukminim2.flixcart.com/image/416/416/xif0q/mobile/r/u/9/-original-imah5wxnktvffhgq.jpeg?q=70&crop=false
"OnePlus 4 5G (Obsidian Midnight, 256 GB)  (8 GB RAM)","₹27,365",https://www.flipkart.com/oneplus-4-5g-obsidian-midnight-256-gb/p/itmed83e7926e3e5?pid=MOBH3YA8RS8FVJZK&lid=LSTMOBH3YA8RS8FVJZKNEECQU&marketplace=FLIPKART&q=oneplus+under+80000&store=tyy%2F4io&srno=s_1_20&otracker=search&otracker1=search&fm=organic&iid=60ea15e2-68e7-4916-87d2-fe2c943dfe70.MOBH3YA8RS8FVJZK.SEARCH&ppt=None&ppn=None&ssid=0r7kr3fvgw0000001744458346328&qH=7508f7e1cde2fe81,https://rukminim2.flixcart.com/image/416/416/xif0q/mobile/8/1/p/nord-4-5g-nord-4-5g-oneplus-original-imah3ya8avgugbhv.jpeg?q=70&crop=false
"OnePlus Nord CE4 (Celadon Marble, 256 GB)  (8 GB RAM)","₹23,747",https://www.flipkart.com/oneplus-nord-ce4-celadon-marble-256-gb/p/itm5a09089114afb?pid=MOBGZZGY8FRH5Y7R&lid=LSTMOBGZZGY8FRH5Y7R24PWOV&marketplace=FLIPKART&q=oneplus+under+80000&store=tyy%2F4io&srno=s_1_19&otracker=search&otracker1=search&fm=organic&iid=60ea15e2-68e7-4916-87d2-fe2c943dfe70.MOBGZZGY8FRH5Y7R.SEARCH&ppt=None&ppn=None&ssid=0r7kr3fvgw0000001744458346328&qH=7508f7e1cde2fe81,https://rukminim2.flixcart.com/image/416/416/xif0q/mobile/c/7/i/nord-ce4-cph2613-oneplus-original-imah33naxscn6wgh.jpeg?q=70&crop=false
"OnePlus Nord CE4 (Celadon Marble, 128 GB)  (8 GB RAM)","₹21,856",https://www.flipkart.com/oneplus-nord-ce4-celadon-marble-128-gb/p/itm5a09089114afb?pid=MOBGZN8YJ4KZ2KNH&lid=LSTMOBGZN8YJ4KZ2KNHHM3PQR&marketplace=FLIPKART&q=oneplus+under+80000&store=tyy%2F4io&srno=s_1_18&otracker=search&otracker1=search&fm=organic&iid=60ea15e2-68e7-4916-87d2-fe2c943dfe70.MOBGZN8YJ4KZ2KNH.SEARCH&ppt=None&ppn=None&ssid=0r7kr3fvgw0000001744458346328&qH=7508f7e1cde2fe81,https://rukminim2.flixcart.com/image/416/416/xif0q/mobile/6/z/x/nord-ce4-cph2613-oneplus-original-imagzn8vddauqjhx.jpeg?q=70&crop=false
"OnePlus Nord CE 3 Lite 5G (Pastel Lime, 128 GB)  (8 GB RAM)","₹17,990",https://www.flipkart.com/oneplus-nord-ce-3-lite-5g-pastel-lime-128-gb/p/itm2cd5a4e659035?pid=MOBGZJ3WM5SGTGVZ&lid=LSTMOBGZJ3WM5SGTGVZCQNEA7&marketplace=FLIPKART&q=oneplus+under+80000&store=tyy%2F4io&srno=s_1_17&otracker=search&otracker1=search&fm=organic&iid=60ea15e2-68e7-4916-87d2-fe2c943dfe70.MOBGZJ3WM5SGTGVZ.SEARCH&ppt=None&ppn=None&ssid=0r7kr3fvgw0000001744458346328&qH=7508f7e1cde2fe81,https://rukminim2.flixcart.com/image/416/416/xif0q/mobile/g/p/d/nord-ce-3-lite-5g-cph2467-oneplus-original-imah4ehbgmz4qzhz.jpeg?q=70&crop=false
"OnePlus 12R (Sunset Dune, 256 GB)  (8 GB RAM)","₹37,490",https://www.flipkart.com/oneplus-12r-sunset-dune-256-gb/p/itm347349f7db2f2?pid=MOBH3YC32ETRHX2H&lid=LSTMOBH3YC32ETRHX2H3WH19J&marketplace=FLIPKART&q=oneplus+under+80000&store=tyy%2F4io&srno=s_1_16&otracker=search&otracker1=search&fm=organic&iid=60ea15e2-68e7-4916-87d2-fe2c943dfe70.MOBH3YC32ETRHX2H.SEARCH&ppt=None&ppn=None&ssid=0r7kr3fvgw0000001744458346328&qH=7508f7e1cde2fe81,https://rukminim2.flixcart.com/image/416/416/xif0q/mobile/g/w/k/12r-cph2585-oneplus-original-imah3yc3zzqzbfyv.jpeg?q=70&crop=false
"OnePlus 13R 5G (Astral Trail, 512 GB)  (16 GB RAM)","₹44,400",https://www.flipkart.com/oneplus-13r-5g-astral-trail-512-gb/p/itmff6561809fab8?pid=MOBH8HFJPKRUT2VM&lid=LSTMOBH8HFJPKRUT2VMTAPTNM&marketplace=FLIPKART&q=oneplus+under+80000&store=tyy%2F4io&srno=s_1_15&otracker=search&otracker1=search&fm=organic&iid=60ea15e2-68e7-4916-87d2-fe2c943dfe70.MOBH8HFJPKRUT2VM.SEARCH&ppt=None&ppn=None&ssid=0r7kr3fvgw0000001744458346328&qH=7508f7e1cde2fe81,https://rukminim2.flixcart.com/image/416/416/xif0q/mobile/p/t/z/-original-imah8vc2pmypfpnn.jpeg?q=70&crop=false
"OnePlus Nord 4 5G (Mercurial Silver, 256 GB)  (8 GB RAM)","₹27,777",https://www.flipkart.com/oneplus-nord-4-5g-mercurial-silver-256-gb/p/itmed83e7926e3e5?pid=MOBH3YA8UXSNRSXW&lid=LSTMOBH3YA8UXSNRSXWS8JA99&marketplace=FLIPKART&q=oneplus+under+80000&store=tyy%2F4io&srno=s_1_14&otracker=search&otracker1=search&fm=organic&iid=60ea15e2-68e7-4916-87d2-fe2c943dfe70.MOBH3YA8UXSNRSXW.SEARCH&ppt=None&ppn=None&ssid=0r7kr3fvgw0000001744458346328&qH=7508f7e1cde2fe81,https://rukminim2.flixcart.com/image/416/416/xif0q/mobile/t/l/z/nord-4-5g-nord-4-5g-oneplus-original-imah3ya8ewmpbxcx.jpeg?q=70&crop=false
"OnePlus 13R 5G (Nebula Noir, 512 GB)  (16 GB RAM)","₹44,589",https://www.flipkart.com/oneplus-13r-5g-nebula-noir-512-gb/p/itmff6561809fab8?pid=MOBH8H4HTS84UEQN&lid=LSTMOBH8H4HTS84UEQNMMK0BI&marketplace=FLIPKART&q=oneplus+under+80000&store=tyy%2F4io&srno=s_1_13&otracker=search&otracker1=search&fm=organic&iid=60ea15e2-68e7-4916-87d2-fe2c943dfe70.MOBH8H4HTS84UEQN.SEARCH&ppt=None&ppn=None&ssid=0r7kr3fvgw0000001744458346328&qH=7508f7e1cde2fe81,https://rukminim2.flixcart.com/image/416/416/xif0q/mobile/z/1/5/-original-imah8vc2a8dg7xea.jpeg?q=70&crop=false
"OnePlus 13R 5g (Astral Trail, 256 GB)  (12 GB RAM)","₹39,483",https://www.flipkart.com/oneplus-13r-5g-astral-trail-256-gb/p/itmff6561809fab8?pid=MOBH8EVKZHTE7A32&lid=LSTMOBH8EVKZHTE7A32I03FOH&marketplace=FLIPKART&q=oneplus+under+80000&store=tyy%2F4io&srno=s_1_12&otracker=search&otracker1=search&fm=organic&iid=60ea15e2-68e7-4916-87d2-fe2c943dfe70.MOBH8EVKZHTE7A32.SEARCH&ppt=None&ppn=None&ssid=0r7kr3fvgw0000001744458346328&qH=7508f7e1cde2fe81,https://rukminim2.flixcart.com/image/416/416/xif0q/mobile/p/t/z/-original-imah8vc2pmypfpnn.jpeg?q=70&crop=false
"OnePlus Nord CE4 lite 5G (MEGA BLUE, 128 GB)  (8 GB RAM)","₹16,418",https://www.flipkart.com/oneplus-nord-ce4-lite-5g-mega-blue-128-gb/p/itm8fd5fdf300955?pid=MOBH25Z9CCTDDN3J&lid=LSTMOBH25Z9CCTDDN3JMS6AY5&marketplace=FLIPKART&q=oneplus+under+80000&store=tyy%2F4io&srno=s_1_11&otracker=search&otracker1=search&fm=organic&iid=60ea15e2-68e7-4916-87d2-fe2c943dfe70.MOBH25Z9CCTDDN3J.SEARCH&ppt=None&ppn=None&ssid=0r7kr3fvgw0000001744458346328&qH=7508f7e1cde2fe81,https://rukminim2.flixcart.com/image/416/416/xif0q/mobile/p/m/o/-original-imah5wxz4y4qfgdq.jpeg?q=70&crop=false
"OnePlus Nord 4 5G (Oasis Green, 256 GB)  (8 GB RAM)","₹27,685",https://www.flipkart.com/oneplus-nord-4-5g-oasis-green-256-gb/p/itmed83e7926e3e5?pid=MOBH3YA8ZFTVSREP&lid=LSTMOBH3YA8ZFTVSREPKXFST9&marketplace=FLIPKART&q=oneplus+under+80000&store=tyy%2F4io&srno=s_1_10&otracker=search&otracker1=search&fm=organic&iid=60ea15e2-68e7-4916-87d2-fe2c943dfe70.MOBH3YA8ZFTVSREP.SEARCH&ppt=None&ppn=None&ssid=0r7kr3fvgw0000001744458346328&qH=7508f7e1cde2fe81,https://rukminim2.flixcart.com/image/416/416/xif0q/mobile/0/n/q/nord-4-5g-nord-4-5g-oneplus-original-imah3ya8zutbafma.jpeg?q=70&crop=false
"OnePlus Nord CE4 lite 5G (ULTRA ORANGE, 128 GB)  (8 GB RAM)","₹16,418",https://www.flipkart.com/oneplus-nord-ce4-lite-5g-ultra-orange-128-gb/p/itm8fd5fdf300955?pid=MOBH25ZEZBY3ZGBF&lid=LSTMOBH25ZEZBY3ZGBF8OINWL&marketplace=FLIPKART&q=oneplus+under+80000&store=tyy%2F4io&srno=s_1_9&otracker=search&otracker1=search&fm=organic&iid=60ea15e2-68e7-4916-87d2-fe2c943dfe70.MOBH25ZEZBY3ZGBF.SEARCH&ppt=None&ppn=None&ssid=0r7kr3fvgw0000001744458346328&qH=7508f7e1cde2fe81,https://rukminim2.flixcart.com/image/416/416/xif0q/mobile/r/n/d/-original-imah5wxzxbsymj4j.jpeg?q=70&crop=false
"OnePlus 13R 5G (Nebula Noir, 256 GB)  (12 GB RAM)","₹39,459",https://www.flipkart.com/oneplus-13r-5g-nebula-noir-256-gb/p/itmff6561809fab8?pid=MOBH8EWQ6GUDHGFK&lid=LSTMOBH8EWQ6GUDHGFKODQXHC&marketplace=FLIPKART&q=oneplus+under+80000&store=tyy%2F4io&srno=s_1_8&otracker=search&otracker1=search&fm=organic&iid=60ea15e2-68e7-4916-87d2-fe2c943dfe70.MOBH8EWQ6GUDHGFK.SEARCH&ppt=None&ppn=None&ssid=0r7kr3fvgw0000001744458346328&qH=7508f7e1cde2fe81,https://rukminim2.flixcart.com/image/416/416/xif0q/mobile/z/1/5/-original-imah8vc2a8dg7xea.jpeg?q=70&crop=false
"OnePlus Nord CE4 lite 5G (SUPER SILVER, 128 GB)  (8 GB RAM)","₹16,577",https://www.flipkart.com/oneplus-nord-ce4-lite-5g-super-silver-128-gb/p/itm8fd5fdf300955?pid=MOBH25ZDPHNF38XJ&lid=LSTMOBH25ZDPHNF38XJUZPBR3&marketplace=FLIPKART&q=oneplus+under+80000&store=tyy%2F4io&srno=s_1_7&otracker=search&otracker1=search&fm=organic&iid=60ea15e2-68e7-4916-87d2-fe2c943dfe70.MOBH25ZDPHNF38XJ.SEARCH&ppt=None&ppn=None&ssid=0r7kr3fvgw0000001744458346328&qH=7508f7e1cde2fe81,https://rukminim2.flixcart.com/image/416/416/xif0q/mobile/r/u/9/-original-imah5wxnktvffhgq.jpeg?q=70&crop=false
"OnePlus 12 (Flowy Emerald, 512 GB)  (16 GB RAM)","₹57,888",https://www.flipkart.com/oneplus-12-flowy-emerald-512-gb/p/itm4464454f95a2e?pid=MOBGXGT7PSGVUGZS&lid=LSTMOBGXGT7PSGVUGZSSXMQBR&marketplace=FLIPKART&q=oneplus+under+80000&store=tyy%2F4io&srno=s_1_6&otracker=search&otracker1=search&fm=organic&iid=60ea15e2-68e7-4916-87d2-fe2c943dfe70.MOBGXGT7PSGVUGZS.SEARCH&ppt=None&ppn=None&ssid=0r7kr3fvgw0000001744458346328&qH=7508f7e1cde2fe81,https://rukminim2.flixcart.com/image/416/416/xif0q/mobile/v/s/q/12-cph2573-oneplus-original-imahf4hgzskrnmz2.jpeg?q=70&crop=false
"OnePlus 13 (Arctic Dawn, 512 GB)  (16 GB RAM)","₹73,990",https://www.flipkart.com/oneplus-13-arctic-dawn-512-gb/p/itm7e57559a9aa18?pid=MOBH8CHZPMYBYN3D&lid=LSTMOBH8CHZPMYBYN3D8CXSMN&marketplace=FLIPKART&q=oneplus+under+80000&store=tyy%2F4io&srno=s_1_5&otracker=search&otracker1=search&fm=organic&iid=60ea15e2-68e7-4916-87d2-fe2c943dfe70.MOBH8CHZPMYBYN3D.SEARCH&ppt=None&ppn=None&ssid=0r7kr3fvgw0000001744458346328&qH=7508f7e1cde2fe81,https://rukminim2.flixcart.com/image/416/416/xif0q/mobile/i/h/w/13-smarter-ai-cph2649-oneplus-original-imah8chpadk2kugg.jpeg?q=70&crop=false
"OnePlus 13 (Black Eclipse, 512 GB)  (16 GB RAM)","₹74,499",https://www.flipkart.com/oneplus-13-black-eclipse-512-gb/p/itmb4659fd2a037f?pid=MOBHAXYUZ7QPYKCQ&lid=LSTMOBHAXYUZ7QPYKCQIQRFX9&marketplace=FLIPKART&q=oneplus+under+80000&store=tyy%2F4io&srno=s_1_4&otracker=search&otracker1=search&fm=organic&iid=60ea15e2-68e7-4916-87d2-fe2c943dfe70.MOBHAXYUZ7QPYKCQ.SEARCH&ppt=None&ppn=None&ssid=0r7kr3fvgw0000001744458346328&qH=7508f7e1cde2fe81,https://rukminim2.flixcart.com/image/416/416/xif0q/mobile/w/n/z/13-cph2649-oneplus-original-imahavnqhgnhyukb.jpeg?q=70&crop=false
"OnePlus 10 Pro 5G (Emerald Forest, 256 GB)  (12 GB RAM)","₹71,999",https://www.flipkart.com/oneplus-10-pro-5g-emerald-forest-256-gb/p/itmcd1af0daf0394?pid=MOBGZKM5QU3N7HEN&lid=LSTMOBGZKM5QU3N7HENPGEFDN&marketplace=FLIPKART&q=oneplus+under+80000&store=tyy%2F4io&srno=s_1_3&otracker=search&otracker1=search&fm=organic&iid=60ea15e2-68e7-4916-87d2-fe2c943dfe70.MOBGZKM5QU3N7HEN.SEARCH&ppt=None&ppn=None&ssid=0r7kr3fvgw0000001744458346328&qH=7508f7e1cde2fe81,https://rukminim2.flixcart.com/image/416/416/xif0q/mobile/y/n/h/-original-imagdhvtjkha293f.jpeg?q=70&crop=false
"OnePlus 13 (Midnight Ocean, 512 GB)  (16 GB RAM)","₹72,490",https://www.flipkart.com/oneplus-13-midnight-ocean-512-gb/p/itmb4659fd2a037f?pid=MOBH8CHWJSG2FNHH&lid=LSTMOBH8CHWJSG2FNHHICEEAW&marketplace=FLIPKART&q=oneplus+under+80000&store=tyy%2F4io&srno=s_1_2&otracker=search&otracker1=search&fm=organic&iid=60ea15e2-68e7-4916-87d2-fe2c943dfe70.MOBH8CHWJSG2FNHH.SEARCH&ppt=None&ppn=None&ssid=0r7kr3fvgw0000001744458346328&qH=7508f7e1cde2fe81,https://rukminim2.flixcart.com/image/416/416/xif0q/mobile/p/7/5/13-smarter-ai-cph2649-oneplus-original-imah8chtzguhej8b.jpeg?q=70&crop=false
"OnePlus 13 (Arctic Dawn, 256 GB)  (12 GB RAM)","₹64,999",https://www.flipkart.com/oneplus-13-arctic-dawn-256-gb/p/itm7e57559a9aa18?pid=MOBH8CHPY6Y8PYEQ&lid=LSTMOBH8CHPY6Y8PYEQMSBJ6Z&marketplace=FLIPKART&q=oneplus+under+80000&store=tyy%2F4io&srno=s_1_1&otracker=search&otracker1=search&fm=organic&iid=60ea15e2-68e7-4916-87d2-fe2c943dfe70.MOBH8CHPY6Y8PYEQ.SEARCH&ppt=None&ppn=None&ssid=0r7kr3fvgw0000001744458346328&qH=7508f7e1cde2fe81,https://rukminim2.flixcart.com/image/416/416/xif0q/mobile/i/h/w/13-smarter-ai-cph2649-oneplus-original-imah8chpadk2kugg.jpeg?q=70&crop=false
"OnePlus Nord CE 2 Lite 5G (Black Dusk, 128 GB)  (6 GB RAM)","₹19,849",https://www.flipkart.com/oneplus-nord-ce-2-lite-5g-black-dusk-128-gb/p/itm537fc2aa73747?pid=MOBGHBZHB7YJT5HF&lid=LSTMOBGHBZHB7YJT5HFASWNQW&marketplace=FLIPKART&q=oneplus+under+80000&store=tyy%2F4io&srno=s_2_48&otracker=search&otracker1=search&fm=organic&iid=93e5e0c4-386f-413e-bc35-ee9a479e5edb.MOBGHBZHB7YJT5HF.SEARCH&ppt=None&ppn=None&ssid=vu616jcu0w0000001744458623995&qH=7508f7e1cde2fe81,https://rukminim2.flixcart.com/image/416/416/xif0q/mobile/2/p/8/-original-imagg2a4rmk94gay.jpeg?q=70&crop=false
"OnePlus 12R (Cool Blue, 256 GB)  (16 GB RAM)","₹41,789",https://www.flipkart.com/oneplus-12r-cool-blue-256-gb/p/itm347349f7db2f2?pid=MOBGXGT7HKG8JFGU&lid=LSTMOBGXGT7HKG8JFGUUXEASU&marketplace=FLIPKART&q=oneplus+under+80000&store=tyy%2F4io&srno=s_2_47&otracker=search&otracker1=search&fm=organic&iid=93e5e0c4-386f-413e-bc35-ee9a479e5edb.MOBGXGT7HKG8JFGU.SEARCH&ppt=None&ppn=None&ssid=vu616jcu0w0000001744458623995&qH=7508f7e1cde2fe81,https://rukminim2.flixcart.com/image/416/416/xif0q/mobile/m/i/u/12r-cph2585-oneplus-original-imah9zk5nnfqyurm.jpeg?q=70&crop=false
"OnePlus 12R (Iron Gray, 128 GB)  (8 GB RAM)","₹36,499",https://www.flipkart.com/oneplus-12r-iron-gray-128-gb/p/itm347349f7db2f2?pid=MOBGXGT7YP8GPTGU&lid=LSTMOBGXGT7YP8GPTGUZCLQBA&marketplace=FLIPKART&q=oneplus+under+80000&store=tyy%2F4io&srno=s_2_46&otracker=search&otracker1=search&fm=organic&iid=93e5e0c4-386f-413e-bc35-ee9a479e5edb.MOBGXGT7YP8GPTGU.SEARCH&ppt=None&ppn=None&ssid=vu616jcu0w0000001744458623995&qH=7508f7e1cde2fe81,https://rukminim2.flixcart.com/image/416/416/xif0q/mobile/q/p/q/-original-imagy5wfcgybpq5x.jpeg?q=70&crop=false
"OnePlus 12R (Cool Blue, 128 GB)  (8 GB RAM)","₹37,999",https://www.flipkart.com/oneplus-12r-cool-blue-128-gb/p/itm347349f7db2f2?pid=MOBGXGT7ACPJHUBF&lid=LSTMOBGXGT7ACPJHUBFHYGB7M&marketplace=FLIPKART&q=oneplus+under+80000&store=tyy%2F4io&srno=s_2_45&otracker=search&otracker1=search&fm=organic&iid=93e5e0c4-386f-413e-bc35-ee9a479e5edb.MOBGXGT7ACPJHUBF.SEARCH&ppt=None&ppn=None&ssid=vu616jcu0w0000001744458623995&qH=7508f7e1cde2fe81,https://rukminim2.flixcart.com/image/416/416/xif0q/mobile/z/y/i/-original-imagy5wg4pqpymyh.jpeg?q=70&crop=false
"OnePlus 9 5G (Astral Black, 128 GB)  (8 GB RAM)","₹23,684",https://www.flipkart.com/oneplus-9-5g-astral-black-128-gb/p/itm24a7a12a09005?pid=MOBGDH2PKQMJZFVP&lid=LSTMOBGDH2PKQMJZFVPJL3TJI&marketplace=FLIPKART&q=oneplus+under+80000&store=tyy%2F4io&srno=s_2_44&otracker=search&otracker1=search&fm=organic&iid=93e5e0c4-386f-413e-bc35-ee9a479e5edb.MOBGDH2PKQMJZFVP.SEARCH&ppt=None&ppn=None&ssid=vu616jcu0w0000001744458623995&qH=7508f7e1cde2fe81,https://rukminim2.flixcart.com/image/416/416/xif0q/mobile/9/o/l/-original-imagdh2zh7hbwyxh.jpeg?q=70&crop=false
"OnePlus 13 (Black Eclipse, 256 GB)  (12 GB RAM)","₹64,878",https://www.flipkart.com/oneplus-13-black-eclipse-256-gb/p/itmb4659fd2a037f?pid=MOBH8CHRK3WUWSDX&lid=LSTMOBH8CHRK3WUWSDXVILALU&marketplace=FLIPKART&q=oneplus+under+80000&store=tyy%2F4io&srno=s_2_43&otracker=search&otracker1=search&fm=organic&iid=93e5e0c4-386f-413e-bc35-ee9a479e5edb.MOBH8CHRK3WUWSDX.SEARCH&ppt=None&ppn=None&ssid=vu616jcu0w0000001744458623995&qH=7508f7e1cde2fe81,https://rukminim2.flixcart.com/image/416/416/xif0q/mobile/v/k/z/13-smarter-ai-cph2649-oneplus-original-imah8chrqrvkw7kt.jpeg?q=70&crop=false
"OnePlus 13 (Midnight Ocean, 256 GB)  (12 GB RAM)","₹64,778",https://www.flipkart.com/oneplus-13-midnight-ocean-256-gb/p/itmb4659fd2a037f?pid=MOBH8CHTJ7RGBHAF&lid=LSTMOBH8CHTJ7RGBHAFUFB4PR&marketplace=FLIPKART&q=oneplus+under+80000&store=tyy%2F4io&srno=s_2_42&otracker=search&otracker1=search&fm=organic&iid=93e5e0c4-386f-413e-bc35-ee9a479e5edb.MOBH8CHTJ7RGBHAF.SEARCH&ppt=None&ppn=None&ssid=vu616jcu0w0000001744458623995&qH=7508f7e1cde2fe81,https://rukminim2.flixcart.com/image/416/416/xif0q/mobile/q/x/o/13-cph2649-oneplus-original-imah9by2nrzscpyh.jpeg?q=70&crop=false
"OnePlus 11 5G (Titan Black, 128 GB)  (8 GB RAM)","₹56,999",https://www.flipkart.com/oneplus-11-5g-titan-black-128-gb/p/itm668119d115289?pid=MOBGMUGYNMCMR2AF&lid=LSTMOBGMUGYNMCMR2AFZQQ7SR&marketplace=FLIPKART&q=oneplus+under+80000&store=tyy%2F4io&srno=s_2_41&otracker=search&otracker1=search&fm=organic&iid=93e5e0c4-386f-413e-bc35-ee9a479e5edb.MOBGMUGYNMCMR2AF.SEARCH&ppt=None&ppn=None&ssid=vu616jcu0w0000001744458623995&qH=7508f7e1cde2fe81,https://rukminim2.flixcart.com/image/416/416/xif0q/screen-guard/edge-to-edge-tempered-glass/p/n/8/uv-glass-1plus-11-5g-s3-snmart-original-imah39bvkby8vjeh.jpeg?q=70&crop=false
"OnePlus 11R 5G (Sonic Black, 256 GB)  (16 GB RAM)","₹38,999",https://www.flipkart.com/oneplus-11r-5g-sonic-black-256-gb/p/itmd8344a066fd54?pid=MOBGN3AUFRGVERFB&lid=LSTMOBGN3AUFRGVERFBA772DT&marketplace=FLIPKART&q=oneplus+under+80000&store=tyy%2F4io&srno=s_2_40&otracker=search&otracker1=search&fm=organic&iid=93e5e0c4-386f-413e-bc35-ee9a479e5edb.MOBGN3AUFRGVERFB.SEARCH&ppt=None&ppn=None&ssid=vu616jcu0w0000001744458623995&qH=7508f7e1cde2fe81,https://rukminim2.flixcart.com/image/416/416/xif0q/mobile/6/x/a/11r-5g-5011102525-oneplus-original-imagn3afeqfr6acy.jpeg?q=70&crop=false
"OnePlus Nord 3 5G (Tempest Gray, 128 GB)  (8 GB RAM)","₹25,990",https://www.flipkart.com/oneplus-nord-3-5g-tempest-gray-128-gb/p/itm5fc87afce35dc?pid=MOBGRK2VXCKBADB5&lid=LSTMOBGRK2VXCKBADB5PWLS9T&marketplace=FLIPKART&q=oneplus+under+80000&store=tyy%2F4io&srno=s_2_39&otracker=search&otracker1=search&fm=organic&iid=93e5e0c4-386f-413e-bc35-ee9a479e5edb.MOBGRK2VXCKBADB5.SEARCH&ppt=None&ppn=None&ssid=vu616jcu0w0000001744458623995&qH=7508f7e1cde2fe81,https://rukminim2.flixcart.com/image/416/416/xif0q/mobile/a/y/i/nord-3-5g-cph2491-oneplus-original-imagrk2vbpbegxmy.jpeg?q=70&crop=false
"OnePlus 11 5G (Eternal Green, 128 GB)  (8 GB RAM)","₹34,938",https://www.flipkart.com/oneplus-11-5g-eternal-green-128-gb/p/itm668119d115289?pid=MOBGQ9PXHFHWAWXA&lid=LSTMOBGQ9PXHFHWAWXAY6ZPID&marketplace=FLIPKART&q=oneplus+under+80000&store=tyy%2F4io&srno=s_2_38&otracker=search&otracker1=search&fm=organic&iid=93e5e0c4-386f-413e-bc35-ee9a479e5edb.MOBGQ9PXHFHWAWXA.SEARCH&ppt=None&ppn=None&ssid=vu616jcu0w0000001744458623995&qH=7508f7e1cde2fe81,https://rukminim2.flixcart.com/image/416/416/xif0q/mobile/r/8/3/11-5g-b0bqjlcqd3-oneplus-original-imagmugsquuygsbg.jpeg?q=70&crop=false
"OnePlus Nord CE3 5G (Aqua Surge, 128 GB)  (8 GB RAM)","₹22,499",https://www.flipkart.com/oneplus-nord-ce3-5g-aqua-surge-128-gb/p/itm95b25bfcca817?pid=MOBGS44DBDZBTUWS&lid=LSTMOBGS44DBDZBTUWSDDBCPL&marketplace=FLIPKART&q=oneplus+under+80000&store=tyy%2F4io&srno=s_2_37&otracker=search&otracker1=search&fm=organic&iid=93e5e0c4-386f-413e-bc35-ee9a479e5edb.MOBGS44DBDZBTUWS.SEARCH&ppt=None&ppn=None&ssid=vu616jcu0w0000001744458623995&qH=7508f7e1cde2fe81,https://rukminim2.flixcart.com/image/416/416/xif0q/mobile/z/j/u/nord-ce3-5g-cph2569-oneplus-original-imah5excx6wje5uf.jpeg?q=70&crop=false
"OnePlus Nord 4 5G (Obsidian Midnight, 128 GB)  (8 GB RAM)","₹26,999",https://www.flipkart.com/oneplus-nord-4-5g-obsidian-midnight-128-gb/p/itmed83e7926e3e5?pid=MOBH4QTR9UTYMWGD&lid=LSTMOBH4QTR9UTYMWGDCLPA6C&marketplace=FLIPKART&q=oneplus+under+80000&store=tyy%2F4io&srno=s_2_36&otracker=search&otracker1=search&fm=organic&iid=93e5e0c4-386f-413e-bc35-ee9a479e5edb.MOBH4QTR9UTYMWGD.SEARCH&ppt=None&ppn=None&ssid=vu616jcu0w0000001744458623995&qH=7508f7e1cde2fe81,https://rukminim2.flixcart.com/image/416/416/xif0q/mobile/h/h/t/nord-4-5g-ch2661-oneplus-original-imah32k5ku6judrg.jpeg?q=70&crop=false
"OnePlus 12R (Iron Grey, 256 GB)  (16 GB RAM)","₹40,440",https://www.flipkart.com/oneplus-12r-iron-grey-256-gb/p/itm347349f7db2f2?pid=MOBGXGT7XCHTPRBJ&lid=LSTMOBGXGT7XCHTPRBJ3UEQWP&marketplace=FLIPKART&q=oneplus+under+80000&store=tyy%2F4io&srno=s_2_35&otracker=search&otracker1=search&fm=organic&iid=93e5e0c4-386f-413e-bc35-ee9a479e5edb.MOBGXGT7XCHTPRBJ.SEARCH&ppt=None&ppn=None&ssid=vu616jcu0w0000001744458623995&qH=7508f7e1cde2fe81,https://rukminim2.flixcart.com/image/416/416/xif0q/mobile/r/w/j/12r-cph2585-oneplus-original-imah9zk6nddhcbsh.jpeg?q=70&crop=false
"OnePlus Nord CE4 lite 5G (ULTRA ORANGE, 256 GB)  (8 GB RAM)","₹21,739",https://www.flipkart.com/oneplus-nord-ce4-lite-5g-ultra-orange-256-gb/p/itm8fd5fdf300955?pid=MOBH25ZHN4MRWKFT&lid=LSTMOBH25ZHN4MRWKFTPAKDFX&marketplace=FLIPKART&q=oneplus+under+80000&store=tyy%2F4io&srno=s_2_34&otracker=search&otracker1=search&fm=organic&iid=93e5e0c4-386f-413e-bc35-ee9a479e5edb.MOBH25ZHN4MRWKFT.SEARCH&ppt=None&ppn=None&ssid=vu616jcu0w0000001744458623995&qH=7508f7e1cde2fe81,https://rukminim2.flixcart.com/image/416/416/xif0q/mobile/a/t/d/nord-ce4-lite-5g-cph2619-oneplus-original-imah7kw6mhdzrw8z.jpeg?q=70&crop=false
"OnePlus Nord CE4 (Dark Chrome, 256 GB)  (8 GB RAM)","₹23,777",https://www.flipkart.com/oneplus-nord-ce4-dark-chrome-256-gb/p/itm5a09089114afb?pid=MOBGZZJHPCGUQWVM&lid=LSTMOBGZZJHPCGUQWVMBXZIWN&marketplace=FLIPKART&q=oneplus+under+80000&store=tyy%2F4io&srno=s_2_33&otracker=search&otracker1=search&fm=organic&iid=93e5e0c4-386f-413e-bc35-ee9a479e5edb.MOBGZZJHPCGUQWVM.SEARCH&ppt=None&ppn=None&ssid=vu616jcu0w0000001744458623995&qH=7508f7e1cde2fe81,https://rukminim2.flixcart.com/image/416/416/xif0q/mobile/1/y/k/nord-ce4-cph2613-oneplus-original-imagzndegwfrwung.jpeg?q=70&crop=false
"OnePlus 11 5G (Eternal Green, 128 GB)  (8 GB RAM)","₹34,750",https://www.flipkart.com/oneplus-11-5g-eternal-green-128-gb/p/itm668119d115289?pid=MOBGMUGSSSJGKNDU&lid=LSTMOBGMUGSSSJGKNDULZACIS&marketplace=FLIPKART&q=oneplus+under+80000&store=tyy%2F4io&srno=s_2_32&otracker=search&otracker1=search&fm=organic&iid=93e5e0c4-386f-413e-bc35-ee9a479e5edb.MOBGMUGSSSJGKNDU.SEARCH&ppt=None&ppn=None&ssid=vu616jcu0w0000001744458623995&qH=7508f7e1cde2fe81,https://rukminim2.flixcart.com/image/416/416/xif0q/screen-guard/edge-to-edge-tempered-glass/r/w/5/uv-glass-1plus-11-5g-s1-nstar-original-imah3sh86qkujfhd.jpeg?q=70&crop=false
"OnePlus 12R (Iron Gray, 256 GB)  (8 GB RAM)","₹39,945",https://www.flipkart.com/oneplus-12r-iron-gray-256-gb/p/itm347349f7db2f2?pid=MOBGZ8RSPHZWR22T&lid=LSTMOBGZ8RSPHZWR22TNP4V6M&marketplace=FLIPKART&q=oneplus+under+80000&store=tyy%2F4io&srno=s_2_31&otracker=search&otracker1=search&fm=organic&iid=93e5e0c4-386f-413e-bc35-ee9a479e5edb.MOBGZ8RSPHZWR22T.SEARCH&ppt=None&ppn=None&ssid=vu616jcu0w0000001744458623995&qH=7508f7e1cde2fe81,https://rukminim2.flixcart.com/image/416/416/xif0q/mobile/p/s/b/12r-12r-oneplus-original-imah7shxw3wzqhpd.jpeg?q=70&crop=false
"OnePlus Nord 4 5G (Oasis Green, 128 GB)  (8 GB RAM)","₹27,697",https://www.flipkart.com/oneplus-nord-4-5g-oasis-green-128-gb/p/itmed83e7926e3e5?pid=MOBH4QTPDMFY6E6G&lid=LSTMOBH4QTPDMFY6E6GSWPX3N&marketplace=FLIPKART&q=oneplus+under+80000&store=tyy%2F4io&srno=s_2_30&otracker=search&otracker1=search&fm=organic&iid=93e5e0c4-386f-413e-bc35-ee9a479e5edb.MOBH4QTPDMFY6E6G.SEARCH&ppt=None&ppn=None&ssid=vu616jcu0w0000001744458623995&qH=7508f7e1cde2fe81,https://rukminim2.flixcart.com/image/416/416/xif0q/mobile/l/p/v/nord-4-5g-ch2661-oneplus-original-imah4rpbugs5du6g.jpeg?q=70&crop=false
"OnePlus Nord 3 5G (Misty Green, 128 GB)  (8 GB RAM)","₹24,999",https://www.flipkart.com/oneplus-nord-3-5g-misty-green-128-gb/p/itm5fc87afce35dc?pid=MOBGRKA2GBGGS6QZ&lid=LSTMOBGRKA2GBGGS6QZUHANWC&marketplace=FLIPKART&q=oneplus+under+80000&store=tyy%2F4io&srno=s_2_29&otracker=search&otracker1=search&fm=organic&iid=93e5e0c4-386f-413e-bc35-ee9a479e5edb.MOBGRKA2GBGGS6QZ.SEARCH&ppt=None&ppn=None&ssid=vu616jcu0w0000001744458623995&qH=7508f7e1cde2fe81,https://rukminim2.flixcart.com/image/416/416/xif0q/mobile/m/c/e/nord-3-5g-cph2491-oneplus-original-imagrk2z92qpqgfd.jpeg?q=70&crop=false
"OnePlus Nord CE4 lite 5G (MEGA BLUE, 256 GB)  (8 GB RAM)","₹22,238",https://www.flipkart.com/oneplus-nord-ce4-lite-5g-mega-blue-256-gb/p/itm8fd5fdf300955?pid=MOBH25ZFCUBEFZ4X&lid=LSTMOBH25ZFCUBEFZ4XUXPZVJ&marketplace=FLIPKART&q=oneplus+under+80000&store=tyy%2F4io&srno=s_2_28&otracker=search&otracker1=search&fm=organic&iid=93e5e0c4-386f-413e-bc35-ee9a479e5edb.MOBH25ZFCUBEFZ4X.SEARCH&ppt=None&ppn=None&ssid=vu616jcu0w0000001744458623995&qH=7508f7e1cde2fe81,https://rukminim2.flixcart.com/image/416/416/xif0q/mobile/a/5/s/nord-ce4-lite-5g-cph2619-oneplus-original-imah5mqzjmgdqsxm.jpeg?q=70&crop=false
"OnePlus 12R (Cool Blue, 256 GB)  (8 GB RAM)","₹38,980",https://www.flipkart.com/oneplus-12r-cool-blue-256-gb/p/itm6a961ae6faa85?pid=MOBGZ7ZYKWVYY2YE&lid=LSTMOBGZ7ZYKWVYY2YETUF0PA&marketplace=FLIPKART&q=oneplus+under+80000&store=tyy%2F4io&srno=s_2_27&otracker=search&otracker1=search&fm=organic&iid=93e5e0c4-386f-413e-bc35-ee9a479e5edb.MOBGZ7ZYKWVYY2YE.SEARCH&ppt=None&ppn=None&ssid=vu616jcu0w0000001744458623995&qH=7508f7e1cde2fe81,https://rukminim2.flixcart.com/image/416/416/xif0q/mobile/t/s/b/12r-cph2585-oneplus-original-imah9zk8szegfezu.jpeg?q=70&crop=false
"OnePlus Nord 4 5G (Mercurial Silver, 256 GB)  (12 GB RAM)","₹30,577",https://www.flipkart.com/oneplus-nord-4-5g-mercurial-silver-256-gb/p/itmed83e7926e3e5?pid=MOBH3YA8H6CEDSGB&lid=LSTMOBH3YA8H6CEDSGB475K1K&marketplace=FLIPKART&q=oneplus+under+80000&store=tyy%2F4io&srno=s_2_26&otracker=search&otracker1=search&fm=organic&iid=93e5e0c4-386f-413e-bc35-ee9a479e5edb.MOBH3YA8H6CEDSGB.SEARCH&ppt=None&ppn=None&ssid=vu616jcu0w0000001744458623995&qH=7508f7e1cde2fe81,https://rukminim2.flixcart.com/image/416/416/xif0q/mobile/w/h/y/nord-4-5g-ch2661-oneplus-original-imah46pggxwv7ggz.jpeg?q=70&crop=false
"OnePlus Nord CE 3 Lite 5G (Chromatic Gray, 128 GB)  (8 GB RAM)","₹19,398",https://www.flipkart.com/oneplus-nord-ce-3-lite-5g-chromatic-gray-128-gb/p/itm2cd5a4e659035?pid=MOBGZJ42KHUZZKMN&lid=LSTMOBGZJ42KHUZZKMNXWVSWG&marketplace=FLIPKART&q=oneplus+under+80000&store=tyy%2F4io&srno=s_2_25&otracker=search&otracker1=search&fm=organic&iid=93e5e0c4-386f-413e-bc35-ee9a479e5edb.MOBGZJ42KHUZZKMN.SEARCH&ppt=None&ppn=None&ssid=vu616jcu0w0000001744458623995&qH=7508f7e1cde2fe81,https://rukminim2.flixcart.com/image/416/416/xif0q/mobile/p/r/b/nord-ce-3-lite-5g-ce2099-oneplus-original-imagzj42cctpjjze.jpeg?q=70&crop=false
"Apple iPhone 16 Plus (Teal, 128 GB)","₹79,999",https://www.flipkart.com/apple-iphone-16-plus-teal-128-gb/p/itmce4bb3f55cc2f?pid=MOBH4DQFEUZVMK6G&lid=LSTMOBH4DQFEUZVMK6GOZPF2R&marketplace=FLIPKART&q=iphone+under+100000+rs&store=tyy%2F4io&srno=s_1_24&otracker=AS_Query_OnlineSuffix_2_19_na_na_na&otracker1=AS_Query_OnlineSuffix_2_19_na_na_na&fm=organic&iid=ce64a378-7549-4341-8775-c49b7e0d101c.MOBH4DQFEUZVMK6G.SEARCH&ppt=None&ppn=None&ssid=el20ou2sts0000001744397875528&qH=92afde9a32aa8e2a,https://rukminim2.flixcart.com/image/416/416/xif0q/mobile/t/8/p/-original-imah4jykf9e4a244.jpeg?q=70&crop=false
"Apple iPhone 15 Plus (Black, 128 GB)","₹74,900",https://www.flipkart.com/apple-iphone-15-plus-black-128-gb/p/itm6ac6485515ae4?pid=MOBGTAGPNRQA7CS3&lid=LSTMOBGTAGPNRQA7CS3YEKCQO&marketplace=FLIPKART&q=iphone+under+100000+rs&store=tyy%2F4io&srno=s_1_23&otracker=AS_Query_OnlineSuffix_2_19_na_na_na&otracker1=AS_Query_OnlineSuffix_2_19_na_na_na&fm=organic&iid=ce64a378-7549-4341-8775-c49b7e0d101c.MOBGTAGPNRQA7CS3.SEARCH&ppt=None&ppn=None&ssid=el20ou2sts0000001744397875528&qH=92afde9a32aa8e2a,https://rukminim2.flixcart.com/image/416/416/xif0q/mobile/h/d/9/-original-imagtc2qzgnnuhxh.jpeg?q=70&crop=false
"Apple iPhone 16 (Teal, 256 GB)","₹79,999",https://www.flipkart.com/apple-iphone-16-teal-256-gb/p/itmce4bb3f55cc2f?pid=MOBH4DQFYKJHESFG&lid=LSTMOBH4DQFYKJHESFG4RZ0KX&marketplace=FLIPKART&q=iphone+under+100000+rs&store=tyy%2F4io&srno=s_1_22&otracker=AS_Query_OnlineSuffix_2_19_na_na_na&otracker1=AS_Query_OnlineSuffix_2_19_na_na_na&fm=organic&iid=ce64a378-7549-4341-8775-c49b7e0d101c.MOBH4DQFYKJHESFG.SEARCH&ppt=None&ppn=None&ssid=el20ou2sts0000001744397875528&qH=92afde9a32aa8e2a,https://rukminim2.flixcart.com/image/416/416/xif0q/mobile/r/k/a/-original-imah4jyfyrpxfhtk.jpeg?q=70&crop=false
"Apple iPhone 16e (Black, 128 GB)","₹59,900",https://www.flipkart.com/apple-iphone-16e-black-128-gb/p/itm730f9c68ad562?pid=MOBH9JVHHRBD4BZP&lid=LSTMOBH9JVHHRBD4BZPLVWLEE&marketplace=FLIPKART&q=iphone+under+100000+rs&store=tyy%2F4io&srno=s_1_21&otracker=AS_Query_OnlineSuffix_2_19_na_na_na&otracker1=AS_Query_OnlineSuffix_2_19_na_na_na&fm=organic&iid=ce64a378-7549-4341-8775-c49b7e0d101c.MOBH9JVHHRBD4BZP.SEARCH&ppt=None&ppn=None&ssid=el20ou2sts0000001744397875528&qH=92afde9a32aa8e2a,https://rukminim2.flixcart.com/image/416/416/xif0q/mobile/1/p/c/-original-imah9khhnfvstqka.jpeg?q=70&crop=false
"Apple iPhone 16 (Ultramarine, 256 GB)","₹79,999",https://www.flipkart.com/apple-iphone-16-ultramarine-256-gb/p/itmcc210cae43fba?pid=MOBH4DQFMGE7UC8Q&lid=LSTMOBH4DQFMGE7UC8QXZXA8M&marketplace=FLIPKART&q=iphone+under+100000+rs&store=tyy%2F4io&srno=s_1_20&otracker=AS_Query_OnlineSuffix_2_19_na_na_na&otracker1=AS_Query_OnlineSuffix_2_19_na_na_na&fm=organic&iid=ce64a378-7549-4341-8775-c49b7e0d101c.MOBH4DQFMGE7UC8Q.SEARCH&ppt=None&ppn=None&ssid=el20ou2sts0000001744397875528&qH=92afde9a32aa8e2a,https://rukminim2.flixcart.com/image/416/416/xif0q/mobile/q/n/s/-original-imah4jyfrgsbebg9.jpeg?q=70&crop=false
"Apple iPhone 15 Plus (Pink, 256 GB)","₹84,900",https://www.flipkart.com/apple-iphone-15-plus-pink-256-gb/p/itm7579ed94ca647?pid=MOBGTAGPKKYDGYYQ&lid=LSTMOBGTAGPKKYDGYYQTTRA42&marketplace=FLIPKART&q=iphone+under+100000+rs&store=tyy%2F4io&srno=s_1_19&otracker=AS_Query_OnlineSuffix_2_19_na_na_na&otracker1=AS_Query_OnlineSuffix_2_19_na_na_na&fm=organic&iid=ce64a378-7549-4341-8775-c49b7e0d101c.MOBGTAGPKKYDGYYQ.SEARCH&ppt=None&ppn=None&ssid=el20ou2sts0000001744397875528&qH=92afde9a32aa8e2a,https://rukminim2.flixcart.com/image/416/416/xif0q/mobile/a/c/k/-original-imagtc5fuzkvczr7.jpeg?q=70&crop=false
"Apple iPhone 16 (Teal, 128 GB)","₹69,999",https://www.flipkart.com/apple-iphone-16-teal-128-gb/p/itmce4bb3f55cc2f?pid=MOBH4DQFSY9ETDUU&lid=LSTMOBH4DQFSY9ETDUUX0E7YU&marketplace=FLIPKART&q=iphone+under+100000+rs&store=tyy%2F4io&srno=s_1_18&otracker=AS_Query_OnlineSuffix_2_19_na_na_na&otracker1=AS_Query_OnlineSuffix_2_19_na_na_na&fm=organic&iid=ce64a378-7549-4341-8775-c49b7e0d101c.MOBH4DQFSY9ETDUU.SEARCH&ppt=None&ppn=None&ssid=el20ou2sts0000001744397875528&qH=92afde9a32aa8e2a,https://rukminim2.flixcart.com/image/416/416/xif0q/mobile/r/k/a/-original-imah4jyfyrpxfhtk.jpeg?q=70&crop=false
"Apple iPhone 14 (Starlight, 128 GB)","₹54,999",https://www.flipkart.com/apple-iphone-14-starlight-128-gb/p/itmc922ddc8af349?pid=MOBGHWFHABH3G73H&lid=LSTMOBGHWFHABH3G73H644UNJ&marketplace=FLIPKART&q=iphone+under+100000+rs&store=tyy%2F4io&srno=s_1_17&otracker=AS_Query_OnlineSuffix_2_19_na_na_na&otracker1=AS_Query_OnlineSuffix_2_19_na_na_na&fm=organic&iid=ce64a378-7549-4341-8775-c49b7e0d101c.MOBGHWFHABH3G73H.SEARCH&ppt=None&ppn=None&ssid=el20ou2sts0000001744397875528&qH=92afde9a32aa8e2a,https://rukminim2.flixcart.com/image/416/416/xif0q/mobile/m/o/b/-original-imaghx9qkugtbfrn.jpeg?q=70&crop=false
"Apple iPhone 16 Plus (Ultramarine, 128 GB)","₹79,999",https://www.flipkart.com/apple-iphone-16-plus-ultramarine-128-gb/p/itmcc210cae43fba?pid=MOBH4DQFKZDYZNWX&lid=LSTMOBH4DQFKZDYZNWX0NLGXD&marketplace=FLIPKART&q=iphone+under+100000+rs&store=tyy%2F4io&srno=s_1_16&otracker=AS_Query_OnlineSuffix_2_19_na_na_na&otracker1=AS_Query_OnlineSuffix_2_19_na_na_na&fm=organic&iid=ce64a378-7549-4341-8775-c49b7e0d101c.MOBH4DQFKZDYZNWX.SEARCH&ppt=None&ppn=None&ssid=el20ou2sts0000001744397875528&qH=92afde9a32aa8e2a,https://rukminim2.flixcart.com/image/416/416/xif0q/mobile/f/o/1/-original-imah4jykr84cbhgc.jpeg?q=70&crop=false
"Apple iPhone 16 (Black, 256 GB)","₹79,999",https://www.flipkart.com/apple-iphone-16-black-256-gb/p/itmb07d67f995271?pid=MOBH4DQFZCJJXUFG&lid=LSTMOBH4DQFZCJJXUFGA4WPEX&marketplace=FLIPKART&q=iphone+under+100000+rs&store=tyy%2F4io&srno=s_1_15&otracker=AS_Query_OnlineSuffix_2_19_na_na_na&otracker1=AS_Query_OnlineSuffix_2_19_na_na_na&fm=organic&iid=ce64a378-7549-4341-8775-c49b7e0d101c.MOBH4DQFZCJJXUFG.SEARCH&ppt=None&ppn=None&ssid=el20ou2sts0000001744397875528&qH=92afde9a32aa8e2a,https://rukminim2.flixcart.com/image/416/416/xif0q/mobile/8/w/5/-original-imah4jyfwr3bfjbg.jpeg?q=70&crop=false
"Apple iPhone 16 (Ultramarine, 128 GB)","₹69,999",https://www.flipkart.com/apple-iphone-16-ultramarine-128-gb/p/itmcc210cae43fba?pid=MOBH4DQFYZT6EH2F&lid=LSTMOBH4DQFYZT6EH2FP6PUJU&marketplace=FLIPKART&q=iphone+under+100000+rs&store=tyy%2F4io&srno=s_1_14&otracker=AS_Query_OnlineSuffix_2_19_na_na_na&otracker1=AS_Query_OnlineSuffix_2_19_na_na_na&fm=organic&iid=ce64a378-7549-4341-8775-c49b7e0d101c.MOBH4DQFYZT6EH2F.SEARCH&ppt=None&ppn=None&ssid=el20ou2sts0000001744397875528&qH=92afde9a32aa8e2a,https://rukminim2.flixcart.com/image/416/416/xif0q/mobile/q/n/s/-original-imah4jyfrgsbebg9.jpeg?q=70&crop=false
"Apple iPhone 16 (White, 256 GB)","₹79,999",https://www.flipkart.com/apple-iphone-16-white-256-gb/p/itm7c0281cd247be?pid=MOBH4DQFCU7ZY9HG&lid=LSTMOBH4DQFCU7ZY9HGLY6DQP&marketplace=FLIPKART&q=iphone+under+100000+rs&store=tyy%2F4io&srno=s_1_13&otracker=AS_Query_OnlineSuffix_2_19_na_na_na&otracker1=AS_Query_OnlineSuffix_2_19_na_na_na&fm=organic&iid=ce64a378-7549-4341-8775-c49b7e0d101c.MOBH4DQFCU7ZY9HG.SEARCH&ppt=None&ppn=None&ssid=el20ou2sts0000001744397875528&qH=92afde9a32aa8e2a,https://rukminim2.flixcart.com/image/416/416/xif0q/mobile/g/v/p/-original-imah4jyfveygyubc.jpeg?q=70&crop=false
"Apple iPhone 16 (White, 128 GB)","₹69,999",https://www.flipkart.com/apple-iphone-16-white-128-gb/p/itm7c0281cd247be?pid=MOBH4DQF849HCG6G&lid=LSTMOBH4DQF849HCG6GQXXN1Z&marketplace=FLIPKART&q=iphone+under+100000+rs&store=tyy%2F4io&spotlightTagId=default_BestsellerId_tyy%2F4io&srno=s_1_12&otracker=AS_Query_OnlineSuffix_2_19_na_na_na&otracker1=AS_Query_OnlineSuffix_2_19_na_na_na&fm=organic&iid=ce64a378-7549-4341-8775-c49b7e0d101c.MOBH4DQF849HCG6G.SEARCH&ppt=None&ppn=None&ssid=el20ou2sts0000001744397875528&qH=92afde9a32aa8e2a,https://rukminim2.flixcart.com/image/416/416/xif0q/mobile/t/n/s/-original-imah4jyfrrhgvyht.jpeg?q=70&crop=false
"Apple iPhone 16 (Black, 128 GB)","₹69,999",https://www.flipkart.com/apple-iphone-16-black-128-gb/p/itmb07d67f995271?pid=MOBH4DQFG8NKFRDY&lid=LSTMOBH4DQFG8NKFRDYKOOGZ6&marketplace=FLIPKART&q=iphone+under+100000+rs&store=tyy%2F4io&spotlightTagId=default_BestsellerId_tyy%2F4io&srno=s_1_11&otracker=AS_Query_OnlineSuffix_2_19_na_na_na&otracker1=AS_Query_OnlineSuffix_2_19_na_na_na&fm=organic&iid=ce64a378-7549-4341-8775-c49b7e0d101c.MOBH4DQFG8NKFRDY.SEARCH&ppt=None&ppn=None&ssid=el20ou2sts0000001744397875528&qH=92afde9a32aa8e2a,https://rukminim2.flixcart.com/image/416/416/xif0q/mobile/8/w/5/-original-imah4jyfwr3bfjbg.jpeg?q=70&crop=false
"Apple iPhone 15 (Blue, 128 GB)","₹64,400",https://www.flipkart.com/apple-iphone-15-blue-128-gb/p/itmbf14ef54f645d?pid=MOBGTAGPAQNVFZZY&lid=LSTMOBGTAGPAQNVFZZYCQQXYH&marketplace=FLIPKART&q=iphone+under+100000+rs&store=tyy%2F4io&srno=s_1_10&otracker=AS_Query_OnlineSuffix_2_19_na_na_na&otracker1=AS_Query_OnlineSuffix_2_19_na_na_na&fm=organic&iid=ce64a378-7549-4341-8775-c49b7e0d101c.MOBGTAGPAQNVFZZY.SEARCH&ppt=None&ppn=None&ssid=el20ou2sts0000001744397875528&qH=92afde9a32aa8e2a,https://rukminim2.flixcart.com/image/416/416/xif0q/mobile/k/l/l/-original-imagtc5fz9spysyk.jpeg?q=70&crop=false
"Apple iPhone 14 (Midnight, 128 GB)","₹54,999",https://www.flipkart.com/apple-iphone-14-midnight-128-gb/p/itm4199ea6bcd38b?pid=MOBGHWFHECFVMDCX&lid=LSTMOBGHWFHECFVMDCX4YXZJC&marketplace=FLIPKART&q=iphone+under+100000+rs&store=tyy%2F4io&srno=s_1_9&otracker=AS_Query_OnlineSuffix_2_19_na_na_na&otracker1=AS_Query_OnlineSuffix_2_19_na_na_na&fm=organic&iid=ce64a378-7549-4341-8775-c49b7e0d101c.MOBGHWFHECFVMDCX.SEARCH&ppt=None&ppn=None&ssid=el20ou2sts0000001744397875528&qH=92afde9a32aa8e2a,https://rukminim2.flixcart.com/image/416/416/xif0q/mobile/9/e/e/-original-imaghx9q5rvcdghy.jpeg?q=70&crop=false
"Apple iPhone 15 (Black, 128 GB)","₹64,400",https://www.flipkart.com/apple-iphone-15-black-128-gb/p/itm6ac6485515ae4?pid=MOBGTAGPTB3VS24W&lid=LSTMOBGTAGPTB3VS24WCTBCFM&marketplace=FLIPKART&q=iphone+under+100000+rs&store=tyy%2F4io&srno=s_1_8&otracker=AS_Query_OnlineSuffix_2_19_na_na_na&otracker1=AS_Query_OnlineSuffix_2_19_na_na_na&fm=organic&iid=ce64a378-7549-4341-8775-c49b7e0d101c.MOBGTAGPTB3VS24W.SEARCH&ppt=None&ppn=None&ssid=el20ou2sts0000001744397875528&qH=92afde9a32aa8e2a,https://rukminim2.flixcart.com/image/416/416/xif0q/mobile/h/d/9/-original-imagtc2qzgnnuhxh.jpeg?q=70&crop=false
"Apple iPhone 16 (Pink, 128 GB)","₹69,999",https://www.flipkart.com/apple-iphone-16-pink-128-gb/p/itmc2e910b4d0b1c?pid=MOBH4DQFWJVDRSHM&lid=LSTMOBH4DQFWJVDRSHMQYAA7N&marketplace=FLIPKART&q=iphone+under+100000+rs&store=tyy%2F4io&spotlightTagId=default_BestsellerId_tyy%2F4io&srno=s_1_7&otracker=AS_Query_OnlineSuffix_2_19_na_na_na&otracker1=AS_Query_OnlineSuffix_2_19_na_na_na&fm=organic&iid=ce64a378-7549-4341-8775-c49b7e0d101c.MOBH4DQFWJVDRSHM.SEARCH&ppt=None&ppn=None&ssid=el20ou2sts0000001744397875528&qH=92afde9a32aa8e2a,https://rukminim2.flixcart.com/image/416/416/xif0q/mobile/c/v/p/-original-imah4jyfcjgcghqs.jpeg?q=70&crop=false
"Apple iPhone 16 Plus (Black, 256 GB)","₹89,999",https://www.flipkart.com/apple-iphone-16-plus-black-256-gb/p/itmb07d67f995271?pid=MOBH4DQF7JGHH7QZ&lid=LSTMOBH4DQF7JGHH7QZXSCWPV&marketplace=FLIPKART&q=iphone+under+100000+rs&store=tyy%2F4io&srno=s_1_6&otracker=AS_Query_OnlineSuffix_2_19_na_na_na&otracker1=AS_Query_OnlineSuffix_2_19_na_na_na&fm=organic&iid=ce64a378-7549-4341-8775-c49b7e0d101c.MOBH4DQF7JGHH7QZ.SEARCH&ppt=None&ppn=None&ssid=el20ou2sts0000001744397875528&qH=92afde9a32aa8e2a,https://rukminim2.flixcart.com/image/416/416/xif0q/mobile/f/y/e/-original-imah4jykc3knhq3b.jpeg?q=70&crop=false
"Apple iPhone 13 (Midnight, 128 GB)","₹44,999",https://www.flipkart.com/apple-iphone-13-midnight-128-gb/p/itmca361aab1c5b0?pid=MOBG6VF5Q82T3XRS&lid=LSTMOBG6VF5Q82T3XRSOXJLM9&marketplace=FLIPKART&q=iphone+under+100000+rs&store=tyy%2F4io&srno=s_1_5&otracker=AS_Query_OnlineSuffix_2_19_na_na_na&otracker1=AS_Query_OnlineSuffix_2_19_na_na_na&fm=organic&iid=ce64a378-7549-4341-8775-c49b7e0d101c.MOBG6VF5Q82T3XRS.SEARCH&ppt=None&ppn=None&ssid=el20ou2sts0000001744397875528&qH=92afde9a32aa8e2a,https://rukminim2.flixcart.com/image/416/416/ktketu80/mobile/s/l/c/iphone-13-mlpf3hn-a-apple-original-imag6vzz5qvejz8z.jpeg?q=70&crop=false
"Apple iPhone 13 (Blue, 128 GB)","₹44,999",https://www.flipkart.com/apple-iphone-13-blue-128-gb/p/itm6c601e0a58b3c?pid=MOBG6VF5SMXPNQHG&lid=LSTMOBG6VF5SMXPNQHGL5FN51&marketplace=FLIPKART&q=iphone+under+100000+rs&store=tyy%2F4io&srno=s_1_4&otracker=AS_Query_OnlineSuffix_2_19_na_na_na&otracker1=AS_Query_OnlineSuffix_2_19_na_na_na&fm=organic&iid=ce64a378-7549-4341-8775-c49b7e0d101c.MOBG6VF5SMXPNQHG.SEARCH&ppt=None&ppn=None&ssid=el20ou2sts0000001744397875528&qH=92afde9a32aa8e2a,https://rukminim2.flixcart.com/image/416/416/ktketu80/mobile/2/y/o/iphone-13-mlpk3hn-a-apple-original-imag6vpyur6hjngg.jpeg?q=70&crop=false
"Apple iPhone 13 (Starlight, 128 GB)","₹44,999",https://www.flipkart.com/apple-iphone-13-starlight-128-gb/p/itmc9604f122ae7f?pid=MOBG6VF5ADKHKXFX&lid=LSTMOBG6VF5ADKHKXFX4LCPEV&marketplace=FLIPKART&q=iphone+under+100000+rs&store=tyy%2F4io&srno=s_1_3&otracker=AS_Query_OnlineSuffix_2_19_na_na_na&otracker1=AS_Query_OnlineSuffix_2_19_na_na_na&fm=organic&iid=ce64a378-7549-4341-8775-c49b7e0d101c.MOBG6VF5ADKHKXFX.SEARCH&ppt=None&ppn=None&ssid=el20ou2sts0000001744397875528&qH=92afde9a32aa8e2a,https://rukminim2.flixcart.com/image/416/416/ktketu80/mobile/6/n/d/iphone-13-mlpg3hn-a-apple-original-imag6vpyghayhhrh.jpeg?q=70&crop=false
"Apple iPhone 15 (Blue, 512 GB)","₹94,400",https://www.flipkart.com/apple-iphone-15-blue-512-gb/p/itmbf14ef54f645d?pid=MOBGTAGPQMKPVK7Q&lid=LSTMOBGTAGPQMKPVK7QVLLTUB&marketplace=FLIPKART&q=iphone+under+100000+rs&store=tyy%2F4io&srno=s_1_2&otracker=AS_Query_OnlineSuffix_2_19_na_na_na&otracker1=AS_Query_OnlineSuffix_2_19_na_na_na&fm=organic&iid=ce64a378-7549-4341-8775-c49b7e0d101c.MOBGTAGPQMKPVK7Q.SEARCH&ppt=None&ppn=None&ssid=el20ou2sts0000001744397875528&qH=92afde9a32aa8e2a,https://rukminim2.flixcart.com/image/416/416/xif0q/mobile/k/l/l/-original-imagtc5fz9spysyk.jpeg?q=70&crop=false
"Apple iPhone 14 Plus (Yellow, 512 GB)","₹99,900",https://www.flipkart.com/apple-iphone-14-plus-yellow-512-gb/p/itme8304267a4605?pid=MOBGNHT7J4NZUWZ3&lid=LSTMOBGNHT7J4NZUWZ385LZGM&marketplace=FLIPKART&q=iphone+under+100000+rs&store=tyy%2F4io&srno=s_1_1&otracker=AS_Query_OnlineSuffix_2_19_na_na_na&otracker1=AS_Query_OnlineSuffix_2_19_na_na_na&fm=organic&iid=ce64a378-7549-4341-8775-c49b7e0d101c.MOBGNHT7J4NZUWZ3.SEARCH&ppt=None&ppn=None&ssid=el20ou2sts0000001744397875528&qH=92afde9a32aa8e2a,https://rukminim2.flixcart.com/image/416/416/xif0q/mobile/0/h/8/-original-imagnhussytbyhpd.jpeg?q=70&crop=false
"Apple iPhone 16 Pro (Black Titanium, 256 GB)","₹1,22,900",https://www.flipkart.com/apple-iphone-16-pro-black-titanium-256-gb/p/itm4652c565d11da?pid=MOBH4DQFEJYHHM7X&lid=LSTMOBH4DQFEJYHHM7X0NSARQ&marketplace=FLIPKART&q=iphone+under+100000+rs&store=tyy%2F4io&srno=s_2_48&otracker=AS_Query_OnlineSuffix_2_19_na_na_na&otracker1=AS_Query_OnlineSuffix_2_19_na_na_na&fm=organic&iid=b06e1ff6-4955-4c68-bf86-337052539c27.MOBH4DQFEJYHHM7X.SEARCH&ppt=None&ppn=None&ssid=kcmd1zgfio0000001744398143389&qH=92afde9a32aa8e2a,https://rukminim2.flixcart.com/image/416/416/xif0q/mobile/e/x/e/-original-imah4jyw4fpqe7ru.jpeg?q=70&crop=false
"Apple iPhone 15 (Green, 256 GB)","₹74,400",https://www.flipkart.com/apple-iphone-15-green-256-gb/p/itm235cd318bde73?pid=MOBGTAGPGF8HJGS7&lid=LSTMOBGTAGPGF8HJGS77524FZ&marketplace=FLIPKART&q=iphone+under+100000+rs&store=tyy%2F4io&srno=s_2_47&otracker=AS_Query_OnlineSuffix_2_19_na_na_na&otracker1=AS_Query_OnlineSuffix_2_19_na_na_na&fm=organic&iid=b06e1ff6-4955-4c68-bf86-337052539c27.MOBGTAGPGF8HJGS7.SEARCH&ppt=None&ppn=None&ssid=kcmd1zgfio0000001744398143389&qH=92afde9a32aa8e2a,https://rukminim2.flixcart.com/image/416/416/xif0q/mobile/j/z/3/-original-imagtc5fqyz8tu4c.jpeg?q=70&crop=false
"Apple iPhone 14 (Midnight, 256 GB)","₹64,999",https://www.flipkart.com/apple-iphone-14-midnight-256-gb/p/itm4199ea6bcd38b?pid=MOBGHWFH4H3MMRAA&lid=LSTMOBGHWFH4H3MMRAAQSJTKY&marketplace=FLIPKART&q=iphone+under+100000+rs&store=tyy%2F4io&srno=s_2_46&otracker=AS_Query_OnlineSuffix_2_19_na_na_na&otracker1=AS_Query_OnlineSuffix_2_19_na_na_na&fm=organic&iid=b06e1ff6-4955-4c68-bf86-337052539c27.MOBGHWFH4H3MMRAA.SEARCH&ppt=None&ppn=None&ssid=kcmd1zgfio0000001744398143389&qH=92afde9a32aa8e2a,https://rukminim2.flixcart.com/image/416/416/xif0q/mobile/9/e/e/-original-imaghx9q5rvcdghy.jpeg?q=70&crop=false
"Apple iPhone 16 Pro (Desert Titanium, 128 GB)","₹1,12,900",https://www.flipkart.com/apple-iphone-16-pro-desert-titanium-128-gb/p/itm5a8453e89cbd4?pid=MOBH4DQFSDYNVH5U&lid=LSTMOBH4DQFSDYNVH5UFZYHLF&marketplace=FLIPKART&q=iphone+under+100000+rs&store=tyy%2F4io&srno=s_2_45&otracker=AS_Query_OnlineSuffix_2_19_na_na_na&otracker1=AS_Query_OnlineSuffix_2_19_na_na_na&fm=organic&iid=b06e1ff6-4955-4c68-bf86-337052539c27.MOBH4DQFSDYNVH5U.SEARCH&ppt=None&ppn=None&ssid=kcmd1zgfio0000001744398143389&qH=92afde9a32aa8e2a,https://rukminim2.flixcart.com/image/416/416/xif0q/mobile/7/d/z/-original-imah4jywfm9uuvzw.jpeg?q=70&crop=false
"Apple iPhone 14 Plus (Starlight, 128 GB)","₹69,900",https://www.flipkart.com/apple-iphone-14-plus-starlight-128-gb/p/itmc922ddc8af349?pid=MOBGHWFHVCB2YZYR&lid=LSTMOBGHWFHVCB2YZYRBDOEVN&marketplace=FLIPKART&q=iphone+under+100000+rs&store=tyy%2F4io&srno=s_2_44&otracker=AS_Query_OnlineSuffix_2_19_na_na_na&otracker1=AS_Query_OnlineSuffix_2_19_na_na_na&fm=organic&iid=b06e1ff6-4955-4c68-bf86-337052539c27.MOBGHWFHVCB2YZYR.SEARCH&ppt=None&ppn=None&ssid=kcmd1zgfio0000001744398143389&qH=92afde9a32aa8e2a,https://rukminim2.flixcart.com/image/416/416/xif0q/mobile/l/v/8/-original-imaghx9qudmydgc4.jpeg?q=70&crop=false
"Apple iPhone 15 (Yellow, 128 GB)","₹64,400",https://www.flipkart.com/apple-iphone-15-yellow-128-gb/p/itm825e4ad0b80ca?pid=MOBGTAGPDTKHHHZU&lid=LSTMOBGTAGPDTKHHHZUOCWMZN&marketplace=FLIPKART&q=iphone+under+100000+rs&store=tyy%2F4io&srno=s_2_43&otracker=AS_Query_OnlineSuffix_2_19_na_na_na&otracker1=AS_Query_OnlineSuffix_2_19_na_na_na&fm=organic&iid=b06e1ff6-4955-4c68-bf86-337052539c27.MOBGTAGPDTKHHHZU.SEARCH&ppt=None&ppn=None&ssid=kcmd1zgfio0000001744398143389&qH=92afde9a32aa8e2a,https://rukminim2.flixcart.com/image/416/416/xif0q/mobile/f/l/g/-original-imagtc5frtz9j7tb.jpeg?q=70&crop=false
"Apple iPhone 16 Pro (White Titanium, 128 GB)","₹1,12,900",https://www.flipkart.com/apple-iphone-16-pro-white-titanium-128-gb/p/itm50f720fdcec51?pid=MOBH4JCVQZPCHWJD&lid=LSTMOBH4JCVQZPCHWJDT21P4P&marketplace=FLIPKART&q=iphone+under+100000+rs&store=tyy%2F4io&srno=s_2_42&otracker=AS_Query_OnlineSuffix_2_19_na_na_na&otracker1=AS_Query_OnlineSuffix_2_19_na_na_na&fm=organic&iid=b06e1ff6-4955-4c68-bf86-337052539c27.MOBH4JCVQZPCHWJD.SEARCH&ppt=None&ppn=None&ssid=kcmd1zgfio0000001744398143389&qH=92afde9a32aa8e2a,https://rukminim2.flixcart.com/image/416/416/xif0q/mobile/x/5/2/-original-imah4jywyma4j8vy.jpeg?q=70&crop=false
"Apple iPhone 15 (Pink, 256 GB)","₹74,400",https://www.flipkart.com/apple-iphone-15-pink-256-gb/p/itm7579ed94ca647?pid=MOBGTAGPFDXBQ9BH&lid=LSTMOBGTAGPFDXBQ9BHA8SIFB&marketplace=FLIPKART&q=iphone+under+100000+rs&store=tyy%2F4io&srno=s_2_41&otracker=AS_Query_OnlineSuffix_2_19_na_na_na&otracker1=AS_Query_OnlineSuffix_2_19_na_na_na&fm=organic&iid=b06e1ff6-4955-4c68-bf86-337052539c27.MOBGTAGPFDXBQ9BH.SEARCH&ppt=None&ppn=None&ssid=kcmd1zgfio0000001744398143389&qH=92afde9a32aa8e2a,https://rukminim2.flixcart.com/image/416/416/xif0q/mobile/a/c/k/-original-imagtc5fuzkvczr7.jpeg?q=70&crop=false
"Apple iPhone 16 Pro Max (Desert Titanium, 256 GB)","₹1,35,900",https://www.flipkart.com/apple-iphone-16-pro-max-desert-titanium-256-gb/p/itm5a8453e89cbd4?pid=MOBH4DQFTQHZAKAF&lid=LSTMOBH4DQFTQHZAKAFRC45AZ&marketplace=FLIPKART&q=iphone+under+100000+rs&store=tyy%2F4io&srno=s_2_40&otracker=AS_Query_OnlineSuffix_2_19_na_na_na&otracker1=AS_Query_OnlineSuffix_2_19_na_na_na&fm=organic&iid=b06e1ff6-4955-4c68-bf86-337052539c27.MOBH4DQFTQHZAKAF.SEARCH&ppt=None&ppn=None&ssid=kcmd1zgfio0000001744398143389&qH=92afde9a32aa8e2a,https://rukminim2.flixcart.com/image/416/416/xif0q/mobile/x/v/y/-original-imah4jz66dmcwhmd.jpeg?q=70&crop=false
"Apple iPhone 16 Pro (Natural Titanium, 128 GB)","₹1,12,900",https://www.flipkart.com/apple-iphone-16-pro-natural-titanium-128-gb/p/itm05ad8e674782a?pid=MOBH4DQFX4FR2HYZ&lid=LSTMOBH4DQFX4FR2HYZAOPCDX&marketplace=FLIPKART&q=iphone+under+100000+rs&store=tyy%2F4io&srno=s_2_39&otracker=AS_Query_OnlineSuffix_2_19_na_na_na&otracker1=AS_Query_OnlineSuffix_2_19_na_na_na&fm=organic&iid=b06e1ff6-4955-4c68-bf86-337052539c27.MOBH4DQFX4FR2HYZ.SEARCH&ppt=None&ppn=None&ssid=kcmd1zgfio0000001744398143389&qH=92afde9a32aa8e2a,https://rukminim2.flixcart.com/image/416/416/xif0q/mobile/o/h/m/-original-imah4jywmcz5ysz3.jpeg?q=70&crop=false
"Apple iPhone 15 Plus (Pink, 128 GB)","₹74,900",https://www.flipkart.com/apple-iphone-15-plus-pink-128-gb/p/itm7579ed94ca647?pid=MOBGTAGPXUWEXXWY&lid=LSTMOBGTAGPXUWEXXWYKVXCUT&marketplace=FLIPKART&q=iphone+under+100000+rs&store=tyy%2F4io&srno=s_2_38&otracker=AS_Query_OnlineSuffix_2_19_na_na_na&otracker1=AS_Query_OnlineSuffix_2_19_na_na_na&fm=organic&iid=b06e1ff6-4955-4c68-bf86-337052539c27.MOBGTAGPXUWEXXWY.SEARCH&ppt=None&ppn=None&ssid=kcmd1zgfio0000001744398143389&qH=92afde9a32aa8e2a,https://rukminim2.flixcart.com/image/416/416/xif0q/mobile/a/c/k/-original-imagtc5fuzkvczr7.jpeg?q=70&crop=false
"Apple iPhone 15 (Pink, 128 GB)","₹64,400",https://www.flipkart.com/apple-iphone-15-pink-128-gb/p/itm7579ed94ca647?pid=MOBGTAGPNMZA5PU5&lid=LSTMOBGTAGPNMZA5PU5AVZNIR&marketplace=FLIPKART&q=iphone+under+100000+rs&store=tyy%2F4io&srno=s_2_37&otracker=AS_Query_OnlineSuffix_2_19_na_na_na&otracker1=AS_Query_OnlineSuffix_2_19_na_na_na&fm=organic&iid=b06e1ff6-4955-4c68-bf86-337052539c27.MOBGTAGPNMZA5PU5.SEARCH&ppt=None&ppn=None&ssid=kcmd1zgfio0000001744398143389&qH=92afde9a32aa8e2a,https://rukminim2.flixcart.com/image/416/416/xif0q/mobile/a/c/k/-original-imagtc5fuzkvczr7.jpeg?q=70&crop=false
"Apple iPhone 14 (Blue, 256 GB)","₹64,999",https://www.flipkart.com/apple-iphone-14-blue-256-gb/p/itmdb77f40da6b6d?pid=MOBGHWFHD3XPKDPN&lid=LSTMOBGHWFHD3XPKDPNUH3TWL&marketplace=FLIPKART&q=iphone+under+100000+rs&store=tyy%2F4io&srno=s_2_36&otracker=AS_Query_OnlineSuffix_2_19_na_na_na&otracker1=AS_Query_OnlineSuffix_2_19_na_na_na&fm=organic&iid=b06e1ff6-4955-4c68-bf86-337052539c27.MOBGHWFHD3XPKDPN.SEARCH&ppt=None&ppn=None&ssid=kcmd1zgfio0000001744398143389&qH=92afde9a32aa8e2a,https://rukminim2.flixcart.com/image/416/416/xif0q/mobile/3/5/l/-original-imaghx9qmgqsk9s4.jpeg?q=70&crop=false
"Apple iPhone 15 Plus (Blue, 128 GB)","₹74,900",https://www.flipkart.com/apple-iphone-15-plus-blue-128-gb/p/itmbf14ef54f645d?pid=MOBGTAGPE4F2HAW7&lid=LSTMOBGTAGPE4F2HAW7WFN3UG&marketplace=FLIPKART&q=iphone+under+100000+rs&store=tyy%2F4io&srno=s_2_35&otracker=AS_Query_OnlineSuffix_2_19_na_na_na&otracker1=AS_Query_OnlineSuffix_2_19_na_na_na&fm=organic&iid=b06e1ff6-4955-4c68-bf86-337052539c27.MOBGTAGPE4F2HAW7.SEARCH&ppt=None&ppn=None&ssid=kcmd1zgfio0000001744398143389&qH=92afde9a32aa8e2a,https://rukminim2.flixcart.com/image/416/416/xif0q/mobile/k/l/l/-original-imagtc5fz9spysyk.jpeg?q=70&crop=false
"Apple iPhone 16 (Pink, 256 GB)","₹79,999",https://www.flipkart.com/apple-iphone-16-pink-256-gb/p/itmc2e910b4d0b1c?pid=MOBH4DQF28XAYM2S&lid=LSTMOBH4DQF28XAYM2S3JPA23&marketplace=FLIPKART&q=iphone+under+100000+rs&store=tyy%2F4io&srno=s_2_34&otracker=AS_Query_OnlineSuffix_2_19_na_na_na&otracker1=AS_Query_OnlineSuffix_2_19_na_na_na&fm=organic&iid=b06e1ff6-4955-4c68-bf86-337052539c27.MOBH4DQF28XAYM2S.SEARCH&ppt=None&ppn=None&ssid=kcmd1zgfio0000001744398143389&qH=92afde9a32aa8e2a,https://rukminim2.flixcart.com/image/416/416/xif0q/mobile/c/v/p/-original-imah4jyfcjgcghqs.jpeg?q=70&crop=false
"Apple iPhone 16 Plus (White, 128 GB)","₹79,999",https://www.flipkart.com/apple-iphone-16-plus-white-128-gb/p/itm0635ebbf8c665?pid=MOBH4DQF3AJNKARR&lid=LSTMOBH4DQF3AJNKARRT235WT&marketplace=FLIPKART&q=iphone+under+100000+rs&store=tyy%2F4io&srno=s_2_33&otracker=AS_Query_OnlineSuffix_2_19_na_na_na&otracker1=AS_Query_OnlineSuffix_2_19_na_na_na&fm=organic&iid=b06e1ff6-4955-4c68-bf86-337052539c27.MOBH4DQF3AJNKARR.SEARCH&ppt=None&ppn=None&ssid=kcmd1zgfio0000001744398143389&qH=92afde9a32aa8e2a,https://rukminim2.flixcart.com/image/416/416/xif0q/mobile/j/h/x/-original-imah4jykuzexdzek.jpeg?q=70&crop=false
"Apple iPhone 16 Plus (Teal, 256 GB)","₹89,999",https://www.flipkart.com/apple-iphone-16-plus-teal-256-gb/p/itmce4bb3f55cc2f?pid=MOBH4DQFASMZ3YKT&lid=LSTMOBH4DQFASMZ3YKT62NU5X&marketplace=FLIPKART&q=iphone+under+100000+rs&store=tyy%2F4io&srno=s_2_32&otracker=AS_Query_OnlineSuffix_2_19_na_na_na&otracker1=AS_Query_OnlineSuffix_2_19_na_na_na&fm=organic&iid=b06e1ff6-4955-4c68-bf86-337052539c27.MOBH4DQFASMZ3YKT.SEARCH&ppt=None&ppn=None&ssid=kcmd1zgfio0000001744398143389&qH=92afde9a32aa8e2a,https://rukminim2.flixcart.com/image/416/416/xif0q/mobile/t/8/p/-original-imah4jykf9e4a244.jpeg?q=70&crop=false
"Apple iPhone 16 Plus (Black, 128 GB)","₹79,999",https://www.flipkart.com/apple-iphone-16-plus-black-128-gb/p/itmb07d67f995271?pid=MOBH4DQFSAXNVHME&lid=LSTMOBH4DQFSAXNVHMETHBWPZ&marketplace=FLIPKART&q=iphone+under+100000+rs&store=tyy%2F4io&srno=s_2_31&otracker=AS_Query_OnlineSuffix_2_19_na_na_na&otracker1=AS_Query_OnlineSuffix_2_19_na_na_na&fm=organic&iid=b06e1ff6-4955-4c68-bf86-337052539c27.MOBH4DQFSAXNVHME.SEARCH&ppt=None&ppn=None&ssid=kcmd1zgfio0000001744398143389&qH=92afde9a32aa8e2a,https://rukminim2.flixcart.com/image/416/416/xif0q/mobile/f/y/e/-original-imah4jykc3knhq3b.jpeg?q=70&crop=false
"Apple iPhone 14 (Starlight, 256 GB)","₹64,999",https://www.flipkart.com/apple-iphone-14-starlight-256-gb/p/itmc922ddc8af349?pid=MOBGHWFHBJGZYRZC&lid=LSTMOBGHWFHBJGZYRZCUALABX&marketplace=FLIPKART&q=iphone+under+100000+rs&store=tyy%2F4io&srno=s_2_30&otracker=AS_Query_OnlineSuffix_2_19_na_na_na&otracker1=AS_Query_OnlineSuffix_2_19_na_na_na&fm=organic&iid=b06e1ff6-4955-4c68-bf86-337052539c27.MOBGHWFHBJGZYRZC.SEARCH&ppt=None&ppn=None&ssid=kcmd1zgfio0000001744398143389&qH=92afde9a32aa8e2a,https://rukminim2.flixcart.com/image/416/416/xif0q/mobile/m/o/b/-original-imaghx9qkugtbfrn.jpeg?q=70&crop=false
"Apple iPhone 16e (Black, 256 GB)","₹69,900",https://www.flipkart.com/apple-iphone-16e-black-256-gb/p/itm24bcdb43505bd?pid=MOBH9JVHVW84WHJB&lid=LSTMOBH9JVHVW84WHJBWAP270&marketplace=FLIPKART&q=iphone+under+100000+rs&store=tyy%2F4io&srno=s_2_29&otracker=AS_Query_OnlineSuffix_2_19_na_na_na&otracker1=AS_Query_OnlineSuffix_2_19_na_na_na&fm=organic&iid=b06e1ff6-4955-4c68-bf86-337052539c27.MOBH9JVHVW84WHJB.SEARCH&ppt=None&ppn=None&ssid=kcmd1zgfio0000001744398143389&qH=92afde9a32aa8e2a,https://rukminim2.flixcart.com/image/416/416/xif0q/mobile/1/p/c/-original-imah9khhnfvstqka.jpeg?q=70&crop=false
"Apple iPhone 15 (Green, 128 GB)","₹64,400",https://www.flipkart.com/apple-iphone-15-green-128-gb/p/itm235cd318bde73?pid=MOBGTAGPYYWZRUJX&lid=LSTMOBGTAGPYYWZRUJXRK8B5V&marketplace=FLIPKART&q=iphone+under+100000+rs&store=tyy%2F4io&srno=s_2_28&otracker=AS_Query_OnlineSuffix_2_19_na_na_na&otracker1=AS_Query_OnlineSuffix_2_19_na_na_na&fm=organic&iid=b06e1ff6-4955-4c68-bf86-337052539c27.MOBGTAGPYYWZRUJX.SEARCH&ppt=None&ppn=None&ssid=kcmd1zgfio0000001744398143389&qH=92afde9a32aa8e2a,https://rukminim2.flixcart.com/image/416/416/xif0q/mobile/j/z/3/-original-imagtc5fqyz8tu4c.jpeg?q=70&crop=false
"Apple iPhone 13 (Starlight, 512 GB)","₹74,999",https://www.flipkart.com/apple-iphone-13-starlight-512-gb/p/itmc9604f122ae7f?pid=MOBG6VF5G3NJDHJ2&lid=LSTMOBG6VF5G3NJDHJ2HEG9A3&marketplace=FLIPKART&q=iphone+under+100000+rs&store=tyy%2F4io&srno=s_2_27&otracker=AS_Query_OnlineSuffix_2_19_na_na_na&otracker1=AS_Query_OnlineSuffix_2_19_na_na_na&fm=organic&iid=b06e1ff6-4955-4c68-bf86-337052539c27.MOBG6VF5G3NJDHJ2.SEARCH&ppt=None&ppn=None&ssid=kcmd1zgfio0000001744398143389&qH=92afde9a32aa8e2a,https://rukminim2.flixcart.com/image/416/416/ktketu80/mobile/6/n/d/iphone-13-mlpg3hn-a-apple-original-imag6vpyghayhhrh.jpeg?q=70&crop=false
"Apple iPhone 16 Plus (White, 256 GB)","₹89,999",https://www.flipkart.com/apple-iphone-16-plus-white-256-gb/p/itm0635ebbf8c665?pid=MOBH4DQFJBVD9HXR&lid=LSTMOBH4DQFJBVD9HXRID41K3&marketplace=FLIPKART&q=iphone+under+100000+rs&store=tyy%2F4io&srno=s_2_26&otracker=AS_Query_OnlineSuffix_2_19_na_na_na&otracker1=AS_Query_OnlineSuffix_2_19_na_na_na&fm=organic&iid=b06e1ff6-4955-4c68-bf86-337052539c27.MOBH4DQFJBVD9HXR.SEARCH&ppt=None&ppn=None&ssid=kcmd1zgfio0000001744398143389&qH=92afde9a32aa8e2a,https://rukminim2.flixcart.com/image/416/416/xif0q/mobile/j/h/x/-original-imah4jykuzexdzek.jpeg?q=70&crop=false
"Apple iPhone 16 Plus (Ultramarine, 256 GB)","₹89,999",https://www.flipkart.com/apple-iphone-16-plus-ultramarine-256-gb/p/itmcc210cae43fba?pid=MOBH4DQFZXQGRWHH&lid=LSTMOBH4DQFZXQGRWHH4DYTPT&marketplace=FLIPKART&q=iphone+under+100000+rs&store=tyy%2F4io&srno=s_2_25&otracker=AS_Query_OnlineSuffix_2_19_na_na_na&otracker1=AS_Query_OnlineSuffix_2_19_na_na_na&fm=organic&iid=b06e1ff6-4955-4c68-bf86-337052539c27.MOBH4DQFZXQGRWHH.SEARCH&ppt=None&ppn=None&ssid=kcmd1zgfio0000001744398143389&qH=92afde9a32aa8e2a,https://rukminim2.flixcart.com/image/416/416/xif0q/mobile/f/o/1/-original-imah4jykr84cbhgc.jpeg?q=70&crop=false
