Title,Price,Product URL,Image URL
Nike Revolution 6 NN Running Shoes,Rs. 2956,https://www.myntra.com/sports-shoes/nike/nike-men-revolution-6-road-running-shoes/16273972/buy,"https://assets.myntassets.com/dpr_2,q_60,w_210,c_limit,fl_progressive/assets/images/16273972/2024/8/5/5aff1008-8847-4695-862e-c5628ed3a1c21722840485367-Nike-Men-Solid-Revolution-6-Next-Nature-Road-Running-Shoes-3-1.jpg"
Nike Men Revolution 6 Running Shoes,Rs. 2956,https://www.myntra.com/sports-shoes/nike/nike-men-revolution-6-running-shoes/25503812/buy,"https://assets.myntassets.com/dpr_2,q_60,w_210,c_limit,fl_progressive/assets/images/25503812/2023/10/16/7b204e7d-c4e3-4353-847c-483049ca67861697471889312NikeMenRevolutionRunningShoes1.jpg"
Nike Men Flex Road Running Shoes,Rs. 3996,https://www.myntra.com/sports-shoes/nike/nike-men-flex-experience-run-11-road-running-shoes/25998626/buy,"https://assets.myntassets.com/dpr_2,q_60,w_210,c_limit,fl_progressive/assets/images/25998626/2023/11/22/124cbd98-74f6-49ac-9bb0-f37952bd83fa1700675408953NikeFlexExperienceRunMenRoadRunningShoes1.jpg"
Nike Flex Runner 2 Lil Baby Shoes,Rs. 2396,https://www.myntra.com/casual-shoes/nike/nike-flex-runner-2-lil-babytoddler-leather-shoes/29872790/buy,"https://assets.myntassets.com/dpr_2,q_60,w_210,c_limit,fl_progressive/assets/images/29872790/2024/6/3/ddd65ca2-3b8e-4f99-ada4-1662515a768d1717414581942NikeFlexRunner2LilBabyToddlerShoes1.jpg"
Nike Dynamo Go SE Kids' Shoes,Rs. 4236,https://www.myntra.com/casual-shoes/nike/-nike-dynamo-go-se-younger-kids-easy-onoff-shoes/30070601/buy,"https://assets.myntassets.com/dpr_2,q_60,w_210,c_limit,fl_progressive/assets/images/2025/MARCH/4/NJBrIDI6_b87e19d6b7fc41f9b31d106e2a82391a.jpg"
Nike Flex Runner 2 Lil Kids Shoes,Rs. 2796,https://www.myntra.com/casual-shoes/nike/nike-flex-runner-2-lil-younger-kids-shoes/29872786/buy,"https://assets.myntassets.com/dpr_2,q_60,w_210,c_limit,fl_progressive/assets/images/29872786/2024/6/1/45734a77-dccf-4e77-8c03-745572287eff1717238928756NikeFlexRunner2LilYoungerKidsShoes1.jpg"
Nike LeBron AMPD Basketball Shoes,Rs. 11996,https://www.myntra.com/sports-shoes/nike/nike-lebron-nxxt-gen-ampd-ep-basketball-sports-shoes/30048954/buy,"https://assets.myntassets.com/dpr_2,q_60,w_210,c_limit,fl_progressive/assets/images/30048954/2024/JUNE/27/RFGhRK38_f79ab85d449342758143bd0506234fac.jpg"
Nike Men COURT ROYALE 2 Sneakers,Rs. 3196,https://www.myntra.com/casual-shoes/nike/nike--men-solid-court-royale-2-leather-sneakers/15386878/buy,"https://assets.myntassets.com/dpr_2,q_60,w_210,c_limit,fl_progressive/assets/images/15386878/2024/7/22/9da0ea7e-763f-4009-9d93-c86eadf17fda1721644790565-Nike-Men-White-Solid-COURT-ROYALE-2-Leather-Sneakers-8101721-1.jpg"
Nike Zoom Vomero 5 Sneakers,Rs. 11996,https://www.myntra.com/casual-shoes/nike/nike-zoom-vomero-5-womens-shoes/29872449/buy,"https://assets.myntassets.com/dpr_2,q_60,w_210,c_limit,fl_progressive/assets/images/29872449/2024/6/1/f71382bf-0463-4103-bdda-d1c3cedfede11717239066650NikeZoomVomero5WomensShoes1.jpg"
Nike Tiempo Legend 10 Football Boot,Rs. 5996,https://www.myntra.com/sports-shoes/nike/nike-tiempo-legend-10-academy-multi-ground-low-top-men-football-boots/30191692/buy,"https://assets.myntassets.com/dpr_2,q_60,w_210,c_limit,fl_progressive/assets/images/30191692/2024/JULY/12/EwTIM4L9_774f71991c9345b7b63528a597cbb91b.jpg"
Nike Men Structure 25 Running Shoes,Rs. 9516,https://www.myntra.com/sports-shoes/nike/nike-men-structure-25-road-running-shoes/26674218/buy,"https://assets.myntassets.com/dpr_2,q_60,w_210,c_limit,fl_progressive/assets/images/26674218/2023/12/26/10f3716c-6b67-4f7e-ac04-8d7f603cda621703612200986NikeStructure25MensRoadRunningShoes1.jpg"
Nike Blazer Phantom Low Men's Shoes,Rs. 8236,https://www.myntra.com/casual-shoes/nike/-nike-blazer-phantom-low-mens-shoes/30061792/buy,"https://assets.myntassets.com/dpr_2,q_60,w_210,c_limit,fl_progressive/assets/images/30061792/2024/6/28/cbd581ce-0b08-4d6e-9142-785bdbbe374d1719560123390NikeBlazerPhantomLowMensShoes1.jpg"
Nike G.T. Cut Academy EP Shoes,Rs. 6796,https://www.myntra.com/sports-shoes/nike/-nike-gt-cut-academy-ep-basketball-shoes/29922539/buy,"https://assets.myntassets.com/dpr_2,q_60,w_210,c_limit,fl_progressive/assets/images/29922539/2025/3/4/1be50409-1c01-4e7e-a47a-7254f2c6966c1741065243900-Nike-GT-Cut-Academy-EP-Basketball-Shoes-1361741065243535-1.jpg"
Nike Phantom GX 2 Academy Shoe,Rs. 6396,https://www.myntra.com/sports-shoes/nike/nike-men-phantom-gx-2-academy-tf-low-top-football-shoes/30166448/buy,"https://assets.myntassets.com/dpr_2,q_60,w_210,c_limit,fl_progressive/assets/images/30166448/2024/7/10/76e1066e-2a8c-47ea-95b5-16552bca8b091720593392421NikePhantomGX2AcademyTFLow-TopFootballShoes1.jpg"
Nike Blazer Low Platform Shoes,Rs. 6556,https://www.myntra.com/casual-shoes/nike/nike-blazer-low-platform-womens-shoes/29872470/buy,"https://assets.myntassets.com/dpr_2,q_60,w_210,c_limit,fl_progressive/assets/images/29872470/2024/6/1/bc45a723-4170-4906-acbf-2064d215ab371717224462911NikeBlazerLowPlatformWomensShoes1.jpg"
Nike G.T. Jump 2 EP Basketball Shoe,Rs. 13596,https://www.myntra.com/sports-shoes/nike/nike-gt-jump-2-ep-mens-air-zoom-basketball-shoes/31387602/buy,"https://assets.myntassets.com/dpr_2,q_60,w_210,c_limit,fl_progressive/assets/images/2024/OCTOBER/24/IIEublUO_be2f456038404899aca4667b2f3f699b.jpg"
Nike Dynamo Go SE Toddler Shoes,Rs. 3436,https://www.myntra.com/casual-shoes/nike/-nike-dynamo-go-se-babytoddler-easy-onoff-shoes/30070602/buy,"https://assets.myntassets.com/dpr_2,q_60,w_210,c_limit,fl_progressive/assets/images/30070602/2024/6/29/9ab87daa-a313-4963-94ba-d9e242a97ccc1719635028348NikeDynamoGoSEBabyToddlerEasyOnOffShoes1.jpg"
Nike Court Vapor Lite 2 Shoes,Rs. 5996,https://www.myntra.com/sports-shoes/nike/-nike-court-vapor-lite-2-premium-mens-hard-court-tennis-shoes/29922534/buy,"https://assets.myntassets.com/dpr_2,q_60,w_210,c_limit,fl_progressive/assets/images/29922534/2024/6/8/79429225-2617-47af-90fc-6c55df86170f1717830126917NikeCourtVaporLite2PremiumMensHardCourtTennisShoes1.jpg"
Nike Free RN NN Road Running Shoes,Rs. 6956,https://www.myntra.com/sports-shoes/nike/-nike-free-rn-nn-womens-road-running-shoes/29922509/buy,"https://assets.myntassets.com/dpr_2,q_60,w_210,c_limit,fl_progressive/assets/images/29922509/2024/6/8/0bdb4cf3-af5a-473b-965c-06fe02e64edc1717829847934NikeFreeRNNNWomensRoadRunningShoes1.jpg"
Nike LeBron XXI EP Basketball Shoes,Rs. 14716,https://www.myntra.com/sports-shoes/nike/nike-lebron-xxi-ep-basketball-sports-shoes/30048953/buy,"https://assets.myntassets.com/dpr_2,q_60,w_210,c_limit,fl_progressive/assets/images/30048953/2024/JUNE/26/ETfCE5rv_d9a6dd594736425bae485ccd79314bac.jpg"
Nike Pegasus Turbo Next Shoes,Rs. 11196,https://www.myntra.com/sports-shoes/nike/nike-pegasus-turbo-next-nature-se-womens-road-running-shoes/29577602/buy,"https://assets.myntassets.com/dpr_2,q_60,w_210,c_limit,fl_progressive/assets/images/29577602/2024/5/16/c3721a99-ea44-4070-ac82-fe828690218d1715801694675NikePegasusTurboNextNatureSEWomensRoadRunningShoes1.jpg"
Nike Women Air VaporMax Sneakers,Rs. 13506,https://www.myntra.com/casual-shoes/nike/nike-women-air-vapormax-2023-flyknit-sneakers/23719800/buy,"https://assets.myntassets.com/dpr_2,q_60,w_210,c_limit,fl_progressive/assets/images/23719800/2025/3/4/078b3f65-e5e8-4dfd-8cd6-699cefee63991741065602669-Nike-Women-Air-VaporMax-2023-Flyknit-Sneakers-57417410656022-1.jpg"
Nike Roshe One Textured Sneakers,Rs. 5036,https://www.myntra.com/casual-shoes/nike/nike-women-roshe-one-textured-sneakers/7487803/buy,"https://assets.myntassets.com/dpr_2,q_60,w_210,c_limit,fl_progressive/assets/images/7487803/2025/3/4/12a9ad41-815d-47db-8afa-63daeb6fd53f1741076868751-Nike-Women-Roshe-One-Textured-Sneakers-4321741076868364-1.jpg"
Nike Men Tanjun Sneakers,Rs. 3996,https://www.myntra.com/casual-shoes/nike/nike--men---tanjun-sneakers/15386976/buy,"https://assets.myntassets.com/dpr_2,q_60,w_210,c_limit,fl_progressive/assets/images/15386976/2024/3/29/8ccae5f6-9352-4b98-9d46-4891322319651711704916180-Nike-Men-White--Black-Woven-Design-Tanjun-Brand-Logo-Print-S-1.jpg"
Nike Basketball Sports Shoes,Rs. 11196,https://www.myntra.com/sports-shoes/nike/nike-men-kd16-ep-basketball-sports-shoes/27946798/buy,"https://assets.myntassets.com/dpr_2,q_60,w_210,c_limit,fl_progressive/assets/images/27946798/2025/3/4/dc8d8ee8-27e7-47db-abaa-77bbb104a4841741068174677-Nike-Men-KD16-EP-Basketball-Sports-Shoes-8081741068174269-1.jpg"
Nike Air Max 90 Men's Shoes,Rs. 7556,https://www.myntra.com/casual-shoes/nike/nike-air-max-90-mens-shoes/30936224/buy,"https://assets.myntassets.com/dpr_2,q_60,w_210,c_limit,fl_progressive/assets/images/2024/SEPTEMBER/19/yflMVg5m_180e8fe365fd471fad3a62f754d507d5.jpg"
Nike Women Roshe One Sneakers,Rs. 5036,https://www.myntra.com/casual-shoes/nike/nike-women-roshe-one-textured-sneakers/24426534/buy,"https://assets.myntassets.com/dpr_2,q_60,w_210,c_limit,fl_progressive/assets/images/24426534/2023/8/10/12085c53-0aba-4052-b925-408973e16cd01691650836800NikeRosheOneWomensShoe1.jpg"
Nike Zoom Vomero 5 Sneakers,Rs. 11996,https://www.myntra.com/casual-shoes/nike/nike-zoom-vomero-5-mens-shoes/29872454/buy,"https://assets.myntassets.com/dpr_2,q_60,w_210,c_limit,fl_progressive/assets/images/29872454/2024/6/1/0c712505-76f5-4c88-b14f-49387da3706d1717235341102NikeZoomVomero5MensShoes1.jpg"
Nike JUNIPER TRAIL 2 GTX V2,Rs. 8236,https://www.myntra.com/sports-shoes/nike/nike-men-juniper-trail-2-gtx-v2-sneakers/29922513/buy,"https://assets.myntassets.com/dpr_2,q_60,w_210,c_limit,fl_progressive/assets/images/29922513/2024/6/8/bab39194-17e2-49b1-baba-3c60b020d6d11717830121848NikeJUNIPERTRAIL2GTXV21.jpg"
Nike Lunar Roam Men's Shoes,Rs. 11196,https://www.myntra.com/casual-shoes/nike/-nike-lunar-roam-mens-shoes/30061784/buy,"https://assets.myntassets.com/dpr_2,q_60,w_210,c_limit,fl_progressive/assets/images/30061784/2024/6/28/38124be6-a636-4723-94cd-d8c4e099d05c1719588688005NikeLunarRoamMensShoes1.jpg"
Nike Air Zoom TR 1 Men's Shoes,Rs. 8636,https://www.myntra.com/sports-shoes/nike/nike-air-zoom-tr-1-mens-workout-shoes/29972000/buy,"https://assets.myntassets.com/dpr_2,q_60,w_210,c_limit,fl_progressive/assets/images/29972000/2024/6/15/0a009e22-d7de-43aa-8ce2-a64aa80020dd1718444426296NikeAirZoomTR1MensWorkoutShoes1.jpg"
Nike Women CITY TRAINER 3 Training,Rs. 3996,https://www.myntra.com/sports-shoes/nike/nike-women-black-city-trainer-3-training-shoes/13327930/buy,"https://assets.myntassets.com/dpr_2,q_60,w_210,c_limit,fl_progressive/assets/images/2025/MARCH/4/IZqpRs4h_4f68bd8084f14b04aaef48b32b30f006.jpg"
Nike Women In-Season Training Shoes,Rs. 3147,https://www.myntra.com/sports-shoes/nike/nike-women-in-season-tr-13-training-shoes/24109826/buy,"https://assets.myntassets.com/dpr_2,q_60,w_210,c_limit,fl_progressive/assets/images/24109826/2023/7/20/d9dbd952-bccc-428b-93b7-8e553f86d82a1689818465547NikeIn-SeasonTR13WomensTrainingShoes5.jpg"
Nike Women City Rep Trainers,Rs. 3996,https://www.myntra.com/sports-shoes/nike/nike-women-black-mesh-city-rep-training-shoes/14528276/buy,"https://assets.myntassets.com/dpr_2,q_60,w_210,c_limit,fl_progressive/assets/images/2025/MARCH/4/gZ2cpiYA_46285021aa584f40b477777206f1db6d.jpg"
Nike Zoom Vomero 5 Women's Shoes,Rs. 12796,https://www.myntra.com/casual-shoes/nike/-nike-zoom-vomero-5-womens-shoes/29948873/buy,"https://assets.myntassets.com/dpr_2,q_60,w_210,c_limit,fl_progressive/assets/images/29948873/2024/6/12/b9cfb0e4-ed64-4867-9e09-2f3ece8271651718187124690NikeZoomVomero5WomensShoes1.jpg"
Nike Women Structure Running Shoes,Rs. 9516,https://www.myntra.com/sports-shoes/nike/nike-women-structure-25-road-running-shoes/25057486/buy,"https://assets.myntassets.com/dpr_2,q_60,w_210,c_limit,fl_progressive/assets/images/25057486/2023/9/20/5df7fa78-5bee-4e82-a592-4f31fa26c7051695148206542NikeStructure25WomensRoadRunningShoes1.jpg"
Nike Full Force Low Kids' Shoes,Rs. 4406,https://www.myntra.com/casual-shoes/nike/nike-boys-full-force-low-older-kids-sneakers/30070599/buy,"https://assets.myntassets.com/dpr_2,q_60,w_210,c_limit,fl_progressive/assets/images/2025/MARCH/4/3MqHpIun_4f77abcbd4d749b883d28692e292b291.jpg"
Nike Women Quest 4 PRM Running,Rs. 5436,https://www.myntra.com/sports-shoes/nike/nike-women-grey-quest-4-prm-running-shoes/16046036/buy,"https://assets.myntassets.com/dpr_2,q_60,w_210,c_limit,fl_progressive/assets/images/16046036/2023/12/13/2d834740-c64b-49cc-a102-7d5abea50ed21702451337520NikeWomenGreyQuest4PRMRunningShoes2.jpg"
Nike Air VaporMax 2023 Shoes,Rs. 15436,https://www.myntra.com/casual-shoes/nike/nike-air-vapormax-2023-flyknit-mens-shoes/28685856/buy,"https://assets.myntassets.com/dpr_2,q_60,w_210,c_limit,fl_progressive/assets/images/28685856/2024/4/16/705a5988-ffeb-43c9-a587-3c50fc4c43131713242581368-Nike-Air-VaporMax-2023-Flyknit-Mens-Shoes-8151713242580953-1.jpg"
Nike Women Quest 5 Running Shoes,Rs. 5036,https://www.myntra.com/sports-shoes/nike/nike-women-quest-5-running-shoes/23442304/buy,"https://assets.myntassets.com/dpr_2,q_60,w_210,c_limit,fl_progressive/assets/images/23442304/2023/5/27/377496ee-312e-44d2-9789-115f7ecc78821685173445909NikeQuest5WomensRoadRunningShoes1.jpg"
Nike Men Air Max 1,Rs. 10236,https://www.myntra.com/casual-shoes/nike/nike-men-air-max-1-sneakers/26670736/buy,"https://assets.myntassets.com/dpr_2,q_60,w_210,c_limit,fl_progressive/assets/images/26670736/2023/12/26/bf46b753-501b-4987-867a-79916948a8b11703594702571NikeAirMax1MensShoes1.jpg"
Nike Winflo 11 Road Running Shoes,Rs. 5217,https://www.myntra.com/sports-shoes/nike/nike-winflo-11-womens-lace-ups-road-running-shoes/29870667/buy,"https://assets.myntassets.com/dpr_2,q_60,w_210,c_limit,fl_progressive/assets/images/29870667/2025/3/4/660a13f8-4805-433b-bdd0-744c1043e2571741066708488-Nike-Winflo-11-Womens-Lace-ups-Road-Running-Shoes-2431741066-1.jpg"
Nike Women HIIT Class Shoes,Rs. 7756,https://www.myntra.com/sports-shoes/nike/-nike-superrep-go-3-nn-prm-women-hiit-class-shoes/30530354/buy,"https://assets.myntassets.com/dpr_2,q_60,w_210,c_limit,fl_progressive/assets/images/2025/MARCH/4/PU5fTe64_052c0cce488c40b0a40023ef9c23fc0b.jpg"
Nike Men LeBron Basketball Shoes,Rs. 10496,https://www.myntra.com/sports-shoes/nike/nike-men-lebron-nxxt-gen-ep-basketball-shoes/25503822/buy,"https://assets.myntassets.com/dpr_2,q_60,w_210,c_limit,fl_progressive/assets/images/25503822/2023/10/16/756e9f0b-702c-4461-b907-90fdb9a74c841697471891426NikeLebronNXXTGenEPMenBasketballShoes1.jpg"
Nike Vomero 17 Womens Running Shoes,Rs. 11996,https://www.myntra.com/sports-shoes/nike/nike--vomero-17-womens-road-running-shoes/29971970/buy,"https://assets.myntassets.com/dpr_2,q_60,w_210,c_limit,fl_progressive/assets/images/29971970/2024/6/15/cd80f420-610e-4ae4-a6da-54d8dabbf4f71718443564560NikeVomero17WomensRoadRunningShoes1.jpg"
Nike Air VaporMax 2023 Shoes,Rs. 15756,https://www.myntra.com/casual-shoes/nike/nike-men-air-vapormax-2023-flyknit-electric-shoes/30458426/buy,"https://assets.myntassets.com/dpr_2,q_60,w_210,c_limit,fl_progressive/assets/images/2024/AUGUST/2/RsFLucLc_464c286ad1df4599ad2488f1a9e8d827.jpg"
Nike In-season TR 13 PRM Shoes,Rs. 5676,https://www.myntra.com/sports-shoes/nike/nike-women-in-season-tr-13-prm-workout-sports-shoes/25145558/buy,"https://assets.myntassets.com/dpr_2,q_60,w_210,c_limit,fl_progressive/assets/images/25145558/2023/10/4/bb06c86d-39a9-4ac9-a54e-e4e9afdb60f81696413487194NikeIn-SeasonTR13PRMWomenWorkoutSportsShoes1.jpg"
Nike Jr. Tiempo Legend 10 Club,Rs. 2396,https://www.myntra.com/sports-shoes/nike/nike--jr-tiempo-legend-10-club-football-boot-unisex-kids-marking-slip-on-football-boot/30191704/buy,"https://assets.myntassets.com/dpr_2,q_60,w_210,c_limit,fl_progressive/assets/images/30191704/2024/JULY/11/RSAADrrQ_57a6063b92fc48a9bd2f71845bdfb4b5.jpg"
Nike Structure 25 Running Shoes,Rs. 9516,https://www.myntra.com/sports-shoes/nike/-nike-structure-25-mens-road-running-shoes/29922515/buy,"https://assets.myntassets.com/dpr_2,q_60,w_210,c_limit,fl_progressive/assets/images/29922515/2024/6/8/eaf69451-7aa1-44e9-872b-431d8e91e4b21717829912422NikeStructure25MensRoadRunningShoes1.jpg"
Nike Air Max 97 Men's Shoes,Rs. 13596,https://www.myntra.com/casual-shoes/nike/-nike-air-max-97-mens-shoes/29922400/buy,"https://assets.myntassets.com/dpr_2,q_60,w_210,c_limit,fl_progressive/assets/images/29922400/2024/6/8/8f54951c-b485-4dcf-a6af-02ddbc8517131717822503733NikeAirMax97MensShoes1.jpg"
Nike Men Air Max 270 Sneakers,Rs. 11196,https://www.myntra.com/casual-shoes/nike/nike-men-air-max-270-sneakers/27969006/buy,"https://assets.myntassets.com/dpr_2,q_60,w_210,c_limit,fl_progressive/assets/images/27969006/2024/3/1/a8c30282-933b-48c8-9b54-d06973383fae1709291688006NikeAirMax270MensShoes1.jpg"
Nike Structure 25 Men's Road Soes,Rs. 9516,https://www.myntra.com/sports-shoes/nike/nike-structure-25-mens-road-running-shoes/29971986/buy,"https://assets.myntassets.com/dpr_2,q_60,w_210,c_limit,fl_progressive/assets/images/29971986/2024/6/15/e37133dd-384c-4e99-84c6-dfc43b70f8ff1718443885421NikeStructure25MensRoadRunningShoes1.jpg"
Nike Pegasus 39 Road Running Shoes,Rs. 9516,https://www.myntra.com/sports-shoes/nike/nike-pegasus-39-premium-womens-lace-ups-road-running-shoes/29870661/buy,"https://assets.myntassets.com/dpr_2,q_60,w_210,c_limit,fl_progressive/assets/images/29870661/2024/5/31/2d314686-a18a-48a3-b7e2-fd13e942fefd1717157818521NikePegasus39PremiumWomensRoadRunningShoes1.jpg"
Nike Men Structure 25 Running Shoes,Rs. 9516,https://www.myntra.com/sports-shoes/nike/nike-men-structure-25-running-shoes/26674208/buy,"https://assets.myntassets.com/dpr_2,q_60,w_210,c_limit,fl_progressive/assets/images/26674208/2023/12/26/879a97db-5371-41b9-b53c-40d50e5c502e1703612194709NikeStructure25MensRoadRunningShoes1.jpg"
Nike Men LeBron XXI 'Queen Conch',Rs. 15436,https://www.myntra.com/sports-shoes/nike/nike-men-lebron-xxi-queen-conch-ep-basketball-shoes/27629698/buy,"https://assets.myntassets.com/dpr_2,q_60,w_210,c_limit,fl_progressive/assets/images/27629698/2024/2/16/3e015866-926b-47dd-904c-79cf07f9f43d1708059008266LeBronXXIQueenConchEPBasketballShoes1.jpg"
Nike Women Invincible Running Shoes,Rs. 13596,https://www.myntra.com/sports-shoes/nike/nike-women-invincible-3-road-running-shoes/26141958/buy,"https://assets.myntassets.com/dpr_2,q_60,w_210,c_limit,fl_progressive/assets/images/26141958/2023/11/30/2d45d6d0-8cc1-4c34-bcff-f64808900d971701338132942NikeInvincible3WomensRoadRunningShoes1.jpg"
Nike Women Winflo 10 Running Shoes,Rs. 6956,https://www.myntra.com/sports-shoes/nike/nike-women-winflo-10-road-running-shoes/23314864/buy,"https://assets.myntassets.com/dpr_2,q_60,w_210,c_limit,fl_progressive/assets/images/23314864/2023/5/20/be58bf58-b8e0-4310-a8b9-b05a7e0967d61684599850989NikeWinflo10WomensRoadRunningShoes1.jpg"
Nike Air Max 1 Essential Men's Shoe,Rs. 10236,https://www.myntra.com/casual-shoes/nike/nike-air-max-1-essential-mens-shoes/30111389/buy,"https://assets.myntassets.com/dpr_2,q_60,w_210,c_limit,fl_progressive/assets/images/30111389/2024/7/4/bffe971d-23d4-47f8-90c9-1a45929e9b941720073268044NikeAirMax1EssentialMensShoes1.jpg"
Nike InfinityRN 4 Blueprint Shoes,Rs. 11996,https://www.myntra.com/sports-shoes/nike/-nike-infinityrn-4-blueprint-womens-road-running-shoes/29922521/buy,"https://assets.myntassets.com/dpr_2,q_60,w_210,c_limit,fl_progressive/assets/images/29922521/2024/6/8/463f2a57-a802-45e6-9ecc-efff6cf0aed11717830076291NikeInfinityRN4BlueprintWomensRoadRunningShoes1.jpg"
Nike Women InfinityRN Running Shoes,Rs. 10496,https://www.myntra.com/sports-shoes/nike/nike-women-infinityrn-4--running-shoes/26141992/buy,"https://assets.myntassets.com/dpr_2,q_60,w_210,c_limit,fl_progressive/assets/images/26141992/2023/11/30/345ce41f-e045-4da8-8e7f-627b67ae5dd01701354342272NikeInfinityRN4WomensRoadRunningShoes1.jpg"
Nike SuperRep Go 3 Next Shoes,Rs. 7756,https://www.myntra.com/sports-shoes/nike/nike-superrep-go-3-next-nature-flyknit-premium-womens-hiit-class-shoes/29576728/buy,"https://assets.myntassets.com/dpr_2,q_60,w_210,c_limit,fl_progressive/assets/images/29576728/2024/5/16/4184446e-d5eb-4fb4-9d21-b1058baa7f4d1715798241479NikeSuperRepGo3NextNatureFlyknitPremiumWomensHIITClassShoes1.jpg"
Nike Air Max 1 Women's Shoes,Rs. 10236,https://www.myntra.com/casual-shoes/nike/nike-women-air-max-1-shoes/31059845/buy,"https://assets.myntassets.com/dpr_2,q_60,w_210,c_limit,fl_progressive/assets/images/2024/SEPTEMBER/24/YRjPHmz2_3189888be6b540f893173cfdd08affd7.jpg"
Nike Interact Run Running Shoes,Rs. 5676,https://www.myntra.com/sports-shoes/nike/nike-women-interact-run-road-running-shoes/29922506/buy,"https://assets.myntassets.com/dpr_2,q_60,w_210,c_limit,fl_progressive/assets/images/29922506/2024/6/8/3a46f06a-a6dd-4b81-9aee-ac16af7f50c91717830145715NikeInteractRunWomensRoadRunningShoes1.jpg"
Nike Women Pegasus Trail 4 GORE-TEX,Rs. 9276,https://www.myntra.com/sports-shoes/nike/nike-women-pegasus-trail-4-gore-tex-waterproof-trail-running-shoes/27285702/buy,"https://assets.myntassets.com/dpr_2,q_60,w_210,c_limit,fl_progressive/assets/images/27285702/2024/2/2/0af9dcdd-01a4-4799-96a2-9e2ce66fb95d1706819541821NikePegasusTrail4WomenTexturedTrail-RunningSportsShoes1.jpg"
Nike Men Freak 5 (Team) EP Shoes,Rs. 9196,https://www.myntra.com/sports-shoes/nike/nike-men-freak-5-team-ep-basketball-shoes/27227244/buy,"https://assets.myntassets.com/dpr_2,q_60,w_210,c_limit,fl_progressive/assets/images/27227244/2024/1/27/37cff5ea-d6bf-4cc5-b9e8-c12b12a5982f1706344731662Freak5TeamEPBasketballShoes1.jpg"
Nike Free RN NN Women Sports Shoes,Rs. 6956,https://www.myntra.com/sports-shoes/nike/nike-women-free-rn-nn-running-shoes/25205588/buy,"https://assets.myntassets.com/dpr_2,q_60,w_210,c_limit,fl_progressive/assets/images/25205588/2023/10/4/1b7e989a-1cd7-4e18-b5ad-2dc3fb1b3ecc1696415480518NikeWomenRoadRunningShoes1.jpg"
Nike Run Swift 3 Running Shoes,Rs. 5036,https://www.myntra.com/sports-shoes/nike/nike-women-run-swift-3-textured-road-running-sports-shoes/25057482/buy,"https://assets.myntassets.com/dpr_2,q_60,w_210,c_limit,fl_progressive/assets/images/25057482/2023/9/30/aeb6cbcf-954d-404a-a244-7564760272431696095270806NikeWomenTexturedRoadRunningSportsShoes1.jpg"
Nike Women AIR WINFLO Running Shoes,Rs. 6796,https://www.myntra.com/sports-shoes/nike/nike-women-white-air-winflo-9-running-shoes/19935344/buy,"https://assets.myntassets.com/dpr_2,q_60,w_210,c_limit,fl_progressive/assets/images/2025/MARCH/4/KeA0trua_534edb511cac42cda150952f5f643a8f.jpg"
Puma Unisex Badminton Indoor Shoes,Rs. 2249,https://www.myntra.com/sports-shoes/puma/puma-badminton-smash-sprint-indoor-shoes/25841290/buy,"https://assets.myntassets.com/dpr_2,q_60,w_210,c_limit,fl_progressive/assets/images/25841290/2025/3/3/d6a9024a-de7a-4d67-a347-945aefb4f0de1740985651148-Puma-Unisex-Badminton-Smash-Sprint-Indoor-Shoes-533174098565-1.jpg"
Puma Smashic Casual Sneakers,Rs. 2024,https://www.myntra.com/casual-shoes/puma/puma-smashic-casual-sneakers/21767244/buy,"https://assets.myntassets.com/dpr_2,q_60,w_210,c_limit,fl_progressive/assets/images/21767244/2025/3/1/9e94103a-01f3-46de-b8ea-869667d8ab8c1740835649255-Puma-Smashic-Brand-Logo-Printed-Casual-Sneakers-Shoes-495174-1.jpg"
Puma Women Running Shoes,Rs. 2499,https://www.myntra.com/sports-shoes/puma/puma-women-exoteric-textile-running-shoes/30089303/buy,"https://assets.myntassets.com/dpr_2,q_60,w_210,c_limit,fl_progressive/assets/images/30089303/2025/2/12/fbbe83fe-d22c-4227-b68a-6b337134d5981739357159673-Puma-Women-Exoteric-Textile-Running-Shoes-7171739357159131-1.jpg"
Puma Cell Fraction Fade Men Shoes,Rs. 3499,https://www.myntra.com/sports-shoes/puma/puma-cell-fraction-fade-res-men-running-shoes/32846972/buy,"https://assets.myntassets.com/dpr_2,q_60,w_210,c_limit,fl_progressive/assets/images/2025/FEBRUARY/19/eRQut6QM_f9bc2c35d48748f4b70197e8d84e7f6f.jpg"
Puma Women StrideX Running Shoes,Rs. 2474,https://www.myntra.com/sports-shoes/puma/puma-women-stridex-running-shoes/30035275/buy,"https://assets.myntassets.com/dpr_2,q_60,w_210,c_limit,fl_progressive/assets/images/30035275/2024/9/13/c55e69e2-4265-4a3e-a5f8-2b4b61190c751726224181018-PUMA-StrideX-Womens-Sneakers-8311726224180516-1.jpg"
Puma Women Color-Blocked Sneakers,Rs. 2024,https://www.myntra.com/casual-shoes/puma/puma-women-color-blocked-sneakers/22805090/buy,"https://assets.myntassets.com/dpr_2,q_60,w_210,c_limit,fl_progressive/assets/images/22805090/2023/4/18/eab4427c-df61-43ac-a013-79cd00c4feed1681792338200PumaCblockWomensSneakers1.jpg"
Puma Women Carina Slim Sneakers,Rs. 2114,https://www.myntra.com/casual-shoes/puma/puma-women-carina-slim-perf-sneakers/24919920/buy,"https://assets.myntassets.com/dpr_2,q_60,w_210,c_limit,fl_progressive/assets/images/24919920/2024/12/9/a31dc4f6-f6a9-4587-afd7-16d0374f57f81733733062098-Puma-Women-Carina-Slim-Perf-Sneakers-4861733733061559-1.jpg"
Puma Men Galaxis Pro Running Shoe,Rs. 3499,https://www.myntra.com/sports-shoes/puma/puma-galaxis-pro-men-performance-boost-running-shoes/32682454/buy,"https://assets.myntassets.com/dpr_2,q_60,w_210,c_limit,fl_progressive/assets/images/32682454/2025/3/25/5cc65ec4-3b8d-4e2d-b410-953a4f40cb501742912119506-Puma-Galaxis-Pro-Men-Performance-Boost-Running-Shoes-9817429-1.jpg"
Puma Softride Mayve Running Shoes,Rs. 3849,https://www.myntra.com/sports-shoes/puma/puma-softride-mayve-res-women-lace-ups-running-shoes/31602842/buy,"https://assets.myntassets.com/dpr_2,q_60,w_210,c_limit,fl_progressive/assets/images/2024/NOVEMBER/12/U8fkYw0s_4c080f71cdb24bd1ad6cf77e1eb5c8e7.jpg"
Puma Women Smashic Sneakers,Rs. 2159,https://www.myntra.com/casual-shoes/puma/puma-women-smashic-sneakers/21766806/buy,"https://assets.myntassets.com/dpr_2,q_60,w_210,c_limit,fl_progressive/assets/images/21766806/2025/3/1/a7b10626-be26-4372-ba52-31372bb7dec71740835728660-Puma-Women-Smashic-Sneakers-6471740835728092-1.jpg"
Puma Women Adelina Slip On Sneakers,Rs. 1999,https://www.myntra.com/casual-shoes/puma/puma-women-adelina-slip-on-sneakers/26208888/buy,"https://assets.myntassets.com/dpr_2,q_60,w_210,c_limit,fl_progressive/assets/images/26208888/2023/12/4/80973ac6-2ba2-4bca-b290-1a4edfc1b3591701664928668AdelinaWomensBallerinaShoes1.jpg"
Puma Women Zenobia Sneakers,Rs. 2199,https://www.myntra.com/casual-shoes/puma/puma-women-textured-zenobia-sneakers/27454770/buy,"https://assets.myntassets.com/dpr_2,q_60,w_210,c_limit,fl_progressive/assets/images/27454770/2024/4/8/0b6b7d96-94b3-4337-870c-b37b01c374df1712573781340-Puma-Zenobia-Womens-5261712573781042-1.jpg"
Puma Women Training Shoes,Rs. 3054,https://www.myntra.com/sports-shoes/puma/puma-women-surgestride-textile-training-shoes/30035268/buy,"https://assets.myntassets.com/dpr_2,q_60,w_210,c_limit,fl_progressive/assets/images/30035268/2025/2/12/6e055011-deae-41fb-a3dc-f6c2700db03f1739356480655-Puma-Women-Surgestride-Textile-Training-Shoes-31017393564801-1.jpg"
Puma Women Softride Running Shoes,Rs. 3299,https://www.myntra.com/sports-shoes/puma/puma-women-softride-remi-running-shoes/24095408/buy,"https://assets.myntassets.com/dpr_2,q_60,w_210,c_limit,fl_progressive/assets/images/24095408/2023/10/4/d3be1fed-12ff-49b4-84ce-613568f413491696401729310-Softride-Remi-Womens-Running-Shoes-7921696401729010-1.jpg"
Puma Men Smooth Walk Running Shoes,Rs. 1889,https://www.myntra.com/sports-shoes/puma/puma-men-smooth-walk-running-shoes/20993444/buy,"https://assets.myntassets.com/dpr_2,q_60,w_210,c_limit,fl_progressive/assets/images/20993444/2023/2/17/bbf16f30-f46c-427a-a07d-4d2dabc4bf091676633190274-Puma-Men-Smooth-Walk-Running-Shoes-7341676633190199-7.jpg"
Puma Unisex Softride Running Shoes,Rs. 3299,https://www.myntra.com/sports-shoes/puma/puma-unisex-softride-symmetry-running-shoes/32443370/buy,"https://assets.myntassets.com/dpr_2,q_60,w_210,c_limit,fl_progressive/assets/images/2025/JANUARY/23/V3EkDAVO_94b302fd3a074e299ff1f533647df1ce.jpg"
Puma Supernal V3 Running Shoes,Rs. 2279,https://www.myntra.com/sports-shoes/puma/puma-women-blue-supernal-v3-textile-running-shoes/20993320/buy,"https://assets.myntassets.com/dpr_2,q_60,w_210,c_limit,fl_progressive/assets/images/20993320/2022/11/30/c5a62a44-6053-4e5c-b704-61d73eb679d11669779590786SupernalV3WomensRunningShoes1.jpg"
Puma Men Cricket Square Shoes,Rs. 2399,https://www.myntra.com/sports-shoes/puma/puma-men-blue--green-cricket-square-shoes/19150592/buy,"https://assets.myntassets.com/dpr_2,q_60,w_210,c_limit,fl_progressive/assets/images/19150592/2022/7/18/bdb6b48a-6555-488e-8058-dee0c23abac21658148948322PumaMenBlueSportsShoes1.jpg"
Puma Women Softride Running Shoes,Rs. 3249,https://www.myntra.com/sports-shoes/puma/puma-women-softride-clean-running-shoes/25304444/buy,"https://assets.myntassets.com/dpr_2,q_60,w_210,c_limit,fl_progressive/assets/images/25304444/2023/10/2/6dc88e93-68eb-4b7f-81fa-5797b48ec0f21696234341342SoftrideCleanV2WomensShoes1.jpg"
Puma Women Fastlane Running Shoes,Rs. 2749,https://www.myntra.com/sports-shoes/puma/puma-women-fastlane-running-shoes/22805122/buy,"https://assets.myntassets.com/dpr_2,q_60,w_210,c_limit,fl_progressive/assets/images/22805122/2023/4/18/05ab6e96-4705-4052-9444-17c6c017715c1681790997405PUMAFastlaneWomensRunningShoes1.jpg"
Puma Women Remi Running Shoes,Rs. 3299,https://www.myntra.com/sports-shoes/puma/puma-women-softride-remi-running-shoes/30035238/buy,"https://assets.myntassets.com/dpr_2,q_60,w_210,c_limit,fl_progressive/assets/images/30035238/2024/8/6/1445e86b-12ee-470e-9925-305261e350611722929181142-SOFTRIDE-Remi-Womens-Running-Shoes-4081722929180864-1.jpg"
Puma Men Forza Running Shoes,Rs. 2249,https://www.myntra.com/sports-shoes/puma/-puma-men-navy-blue-woven-design-forza-running-shoes/17663254/buy,"https://assets.myntassets.com/dpr_2,q_60,w_210,c_limit,fl_progressive/assets/images/17663254/2022/10/13/c1760057-f457-420f-addd-6df1c9d256bd1665652874249-Puma-Men-Navy-Blue-Woven-Design-Forza-Running-Shoes-29016656-1.jpg"
Puma ULTRA 5 PLAY FG/AG Boots,Rs. 4799,https://www.myntra.com/sports-shoes/puma/puma-ultra-5-play-fgag-mens-football-boots/30165966/buy,"https://assets.myntassets.com/dpr_2,q_60,w_210,c_limit,fl_progressive/assets/images/30165966/2025/3/4/2b70163a-98f5-43a9-b064-9ec0715faa341741085108745-Puma-ULTRA-5-PLAY-FGAG-Mens-Football-Boots-8421741085108168-1.jpg"
Puma Womens Lace-Ups Shoes,Rs. 3499,https://www.myntra.com/sports-shoes/puma/puma-swiftpulse-womens-lace-ups-training-shoes/32384522/buy,"https://assets.myntassets.com/dpr_2,q_60,w_210,c_limit,fl_progressive/assets/images/2025/JANUARY/18/z7lOh0b8_971f218b049946779b6c04e5ce324960.jpg"
Puma Night Runner V3 Unisex Shoes,Rs. 2499,https://www.myntra.com/sports-shoes/puma/puma-night-runner-v3-unisex-running-shoes/32380419/buy,"https://assets.myntassets.com/dpr_2,q_60,w_210,c_limit,fl_progressive/assets/images/32380419/2025/2/12/1a712e69-3744-4306-ac18-c4e804bb7bb51739358881128-Puma-Night-Runner-V3-Unisex-Running-Shoes-4831739358880745-1.jpg"
Puma Men ATTACANTO Football Shoes,Rs. 3149,https://www.myntra.com/sports-shoes/puma/puma-men-attacanto-indoor-court-football-shoes/24190178/buy,"https://assets.myntassets.com/dpr_2,q_60,w_210,c_limit,fl_progressive/assets/images/24190178/2023/7/25/8a8d2a04-6c2a-48bf-8c05-475c756dfa811690290450866ATTACANTOMensIndoorCourtShoes1.jpg"
Puma Women Loop X Casual Sneakers,Rs. 1499,https://www.myntra.com/casual-shoes/puma/puma-women-mauve-pink-solid-regular-loop-x-casual-sneakers/19103460/buy,"https://assets.myntassets.com/dpr_2,q_60,w_210,c_limit,fl_progressive/assets/images/19103460/2022/7/25/fe769323-5b8e-4270-a7c7-49609f0833a01658731953846-Loop-X-Womens-Shoes-1701658731953479-1.jpg"
Puma Men M Slip-On Walking Shoes,Rs. 2699,https://www.myntra.com/sports-shoes/puma/puma-men-melanite-slip-on-walking-shoes/27184702/buy,"https://assets.myntassets.com/dpr_2,q_60,w_210,c_limit,fl_progressive/assets/images/27184702/2024/5/6/b13cc2df-b0c0-4d68-ab5d-4220adf7cc4d1714995766602-PUMA-Melanite-Slip-On-Mens-Sneakers-5501714995766197-1.jpg"
Puma Softride Rift Jolt Punch Shoes,Rs. 3299,https://www.myntra.com/sports-shoes/puma/puma-softride-rift-jolt-punch-mens-running-shoes/30103282/buy,"https://assets.myntassets.com/dpr_2,q_60,w_210,c_limit,fl_progressive/assets/images/30103282/2024/7/3/d2a80f7c-ea9b-4ce2-95b2-2b606079608a1719991737116PumaSoftrideRiftJoltPunchMensRunningShoes1.jpg"
Puma Softride Premier Res Men Shoes,Rs. 3249,https://www.myntra.com/sports-shoes/puma/puma-softride-premier-res-men-slip-on-shoes/32589070/buy,"https://assets.myntassets.com/dpr_2,q_60,w_210,c_limit,fl_progressive/assets/images/2025/FEBRUARY/1/T25noDjK_c79c9b65d0d747b494336ded3a1a2f31.jpg"
Puma Exoteric Men's Running Shoes,Rs. 2099,https://www.myntra.com/sports-shoes/puma/puma-exoteric-mens-running-shoes/30165942/buy,"https://assets.myntassets.com/dpr_2,q_60,w_210,c_limit,fl_progressive/assets/images/30165942/2024/7/10/f3c1ab78-f376-4bd5-bee4-d2211f507c561720588313132PumaExotericMensRunningShoes1.jpg"
Puma Questblitz Mid Men Shoes,Rs. 3249,https://www.myntra.com/sports-shoes/puma/puma-questblitz-mid-men-running-shoes/32380430/buy,"https://assets.myntassets.com/dpr_2,q_60,w_210,c_limit,fl_progressive/assets/images/2025/JANUARY/18/1aQdaVzs_c3208054397146149221ac2697fc58d1.jpg"
Puma Cricket All-Rounder Shoes,Rs. 3299,https://www.myntra.com/sports-shoes/puma/puma-cricket-all-rounder-unisex-shoes-with-3-months-warranty/31896051/buy,"https://assets.myntassets.com/dpr_2,q_60,w_210,c_limit,fl_progressive/assets/images/31896051/2025/2/12/6436c07d-3f72-4082-b60f-328a07e0d6151739358857957-Puma-Cricket-All-Rounder-Unisex-Shoes-5851739358857512-1.jpg"
Puma ULTRA Unisex Football Shoes,Rs. 4399,https://www.myntra.com/sports-shoes/puma/puma-ultra-5-play-tt-unisex-football-lace-up-sports-shoes/31787087/buy,"https://assets.myntassets.com/dpr_2,q_60,w_210,c_limit,fl_progressive/assets/images/31787087/2025/2/12/05a69c63-8193-4b81-8508-6a4be912fde21739358795421-Puma-ULTRA-5-PLAY-TT-Unisex-Football-Lace-Up-Sports-Shoes-22-1.jpg"
Puma Men Colourblocked Sneakers,Rs. 1799,https://www.myntra.com/casual-shoes/puma/puma-men-navy-blue--red-colourblocked-sneakers/16470852/buy,"https://assets.myntassets.com/dpr_2,q_60,w_210,c_limit,fl_progressive/assets/images/16470852/2021/12/11/2aef35c5-729c-4e97-a6e4-c5c2081935b31639197819592CasualShoes1.jpg"
Puma Women Seriah Running Shoes,Rs. 3149,https://www.myntra.com/sports-shoes/puma/puma-women-seriah-running-shoes/29533714/buy,"https://assets.myntassets.com/dpr_2,q_60,w_210,c_limit,fl_progressive/assets/images/29533714/2024/5/14/79b17a8f-321c-4b8c-bc37-6cccd36120c31715675889343PUMASeriahWomensRunningShoes1.jpg"
Puma Men Lite Pro Sneakers,Rs. 1599,https://www.myntra.com/casual-shoes/puma/puma-men-grey--lime-green-lite-pro-sneakers/20528986/buy,"https://assets.myntassets.com/dpr_2,q_60,w_210,c_limit,fl_progressive/assets/images/20528986/2022/10/28/9399149c-4b5b-4960-8674-2f4a32e9e8fa1666938255698LiteProMensSneakers1.jpg"
Puma Women Woven Design Sneakers,Rs. 1999,https://www.myntra.com/casual-shoes/puma/puma-women-navy-blue-woven-design-sneakers/12849462/buy,"https://assets.myntassets.com/dpr_2,q_60,w_210,c_limit,fl_progressive/assets/images/productimage/2020/10/29/7b725436-a65b-425a-92f9-780078e8bd661603936682453-1.jpg"
Puma Women FlexPro Sneakers,Rs. 1999,https://www.myntra.com/casual-shoes/puma/puma-women-flexpro-sneakers/30089318/buy,"https://assets.myntassets.com/dpr_2,q_60,w_210,c_limit,fl_progressive/assets/images/30089318/2024/11/12/497e850f-4701-412c-9b70-7a4cb56d16ec1731393929614-PUMA-FlexPro-Womens-Sneakers-5321731393929277-1.jpg"
Puma Men DXT 2 Res Training Shoes,Rs. 3599,https://www.myntra.com/sports-shoes/puma/puma-men-disperse-xt-2-res-training-shoes/30034382/buy,"https://assets.myntassets.com/dpr_2,q_60,w_210,c_limit,fl_progressive/assets/images/30034382/2025/2/12/f1758d3f-9cab-41ed-a222-cc491c0f92691739356455684-Puma-Men-Disperse-XT-2-Res-Training-Shoes-2651739356455199-1.jpg"
Puma Men Ziggy Running Shoes,Rs. 3299,https://www.myntra.com/sports-shoes/puma/puma-men-ziggy-running-shoes/27405326/buy,"https://assets.myntassets.com/dpr_2,q_60,w_210,c_limit,fl_progressive/assets/images/27405326/2024/2/7/ea0692a9-15b5-4dfa-a840-f78ac4650c181707307860918PUMAZiggyMensRunningShoes1.jpg"
Puma Men Levyrun IDP Running Shoes,Rs. 2999,https://www.myntra.com/sports-shoes/puma/puma-men-levyrun-idp-running-shoes/27184646/buy,"https://assets.myntassets.com/dpr_2,q_60,w_210,c_limit,fl_progressive/assets/images/27184646/2024/5/21/741b2363-4940-44f0-be7e-8a9d6853c39b1716283328390-Puma-Levyrun-IDP-4171716283328008-1.jpg"
Puma Flowfurl Knit Running Shoes,Rs. 2249,https://www.myntra.com/sports-shoes/puma/puma-men-flowfurl-knit-running-shoes/28968492/buy,"https://assets.myntassets.com/dpr_2,q_60,w_210,c_limit,fl_progressive/assets/images/28968492/2024/11/12/f60e3e56-f37f-410b-94a1-381d4df622a11731396803117-Puma-Flowfurl-Knit-Running-Shoes-5411731396802751-1.jpg"
Puma Men Rapid Running Shoes,Rs. 2399,https://www.myntra.com/sports-shoes/puma/puma-men-navy-blue-rapid-idp-running-shoes/11335960/buy,"https://assets.myntassets.com/dpr_2,q_60,w_210,c_limit,fl_progressive/assets/images/11335960/2022/10/3/79f0bbb2-6e86-4c97-9a3b-510e6e95ee0b1664792458672-Puma-Men-Navy-Blue-Rapid-Running-Shoes-9781664792458380-1.jpg"
Puma Men Perforations Sneakers,Rs. 2879,https://www.myntra.com/casual-shoes/puma/puma-men-galaxium-perforations-sneakers/30089087/buy,"https://assets.myntassets.com/dpr_2,q_60,w_210,c_limit,fl_progressive/assets/images/30089087/2024/8/29/10f8adfa-3f70-4295-988c-4c9a19b88f561724922893414-PUMA-Galaxium-Mens-Sneakers-7641724922893088-1.jpg"
Puma Men Perforations Sneakers,Rs. 2879,https://www.myntra.com/casual-shoes/puma/puma-men-courtismo-perforations-sneakers/30089043/buy,"https://assets.myntassets.com/dpr_2,q_60,w_210,c_limit,fl_progressive/assets/images/30089043/2024/8/29/506c1da7-b66b-4778-8c12-e8bae4ee8c641724922886723-PUMA-Courtismo-Mens-Sneakers-5651724922886378-1.jpg"
Puma Women Courtismo Sneakers,Rs. 2879,https://www.myntra.com/casual-shoes/puma/puma-women-courtismo-sneakers/30089294/buy,"https://assets.myntassets.com/dpr_2,q_60,w_210,c_limit,fl_progressive/assets/images/30089294/2024/8/29/ee01f1d5-876f-45a7-9661-03772b69c5db1724922212303-PUMA-Courtismo-Womens-Sneakers-5551724922212028-1.jpg"
Puma Women Future Sneakers,Rs. 3999,https://www.myntra.com/casual-shoes/puma/puma-women-future-rider-soft-sneakers/30250084/buy,"https://assets.myntassets.com/dpr_2,q_60,w_210,c_limit,fl_progressive/assets/images/30250084/2024/12/9/0f3d75ea-600a-419b-91c4-5a90925f54da1733748675599-Puma-Women-Future-Rider-Soft-Sneakers-1471733748675176-1.jpg"
Puma Unisex Running Sports Shoes,Rs. 6399,https://www.myntra.com/sports-shoes/puma/puma-unisex-softride-pro-coast-res-running-sports-shoes/31084393/buy,"https://assets.myntassets.com/dpr_2,q_60,w_210,c_limit,fl_progressive/assets/images/31084393/2024/12/9/eb211fe9-55ba-4385-b219-4e8916e0d79e1733752770755-Puma-Unisex-Softride-Pro-Coast-Res-Running-Sports-Shoes-8173-1.jpg"
Puma Women Carina 2.0 Sneakers,Rs. 2499,https://www.myntra.com/casual-shoes/puma/puma-women-carina-20-sneakers/29533734/buy,"https://assets.myntassets.com/dpr_2,q_60,w_210,c_limit,fl_progressive/assets/images/29533734/2025/3/4/db4a658d-82b5-4ef1-a4ef-a870c99480991741084205063-Puma-Women-Carina-20-Sneakers-5001741084204604-1.jpg"
Puma Women Textured Trainers,Rs. 2699,https://www.myntra.com/casual-shoes/puma/puma-women-anzarun-lite-textured--trainers/30035142/buy,"https://assets.myntassets.com/dpr_2,q_60,w_210,c_limit,fl_progressive/assets/images/30035142/2025/2/20/adda45c5-8c75-4cb8-b903-8285d1cc94e61740045621153-Anzarun-Lite-Womens-Trainers-2361740045620541-1.jpg"
Puma Softride Ruby Better Shoes,Rs. 3849,https://www.myntra.com/sports-shoes/puma/puma-softride-ruby-better-women-running-shoes/31906801/buy,"https://assets.myntassets.com/dpr_2,q_60,w_210,c_limit,fl_progressive/assets/images/2024/DECEMBER/10/tqyBvOYo_61678d3e490e4254ad0a93a12fe235c3.jpg"
Puma Court Classic Lux Wns Sneakers,Rs. 3849,https://www.myntra.com/casual-shoes/puma/puma-womens-court-classic-lux-wns-res-sneakers/33028172/buy,"https://assets.myntassets.com/dpr_2,q_60,w_210,c_limit,fl_progressive/assets/images/2025/MARCH/4/dLTlB36M_3336aaba6cac4c56b7b998cdfcfb1bca.jpg"
Puma Court Shatter Casual Sneakers,Rs. 2699,https://www.myntra.com/casual-shoes/puma/puma-adults-court-shatter-casual-sneakers/31303722/buy,"https://assets.myntassets.com/dpr_2,q_60,w_210,c_limit,fl_progressive/assets/images/31303722/2025/3/1/c2888af9-7efa-4368-bc71-cc6b078c0e051740835852638-Puma-Adults-Unisex-Court-Shatter-Casual-Sneakers-77317408358-1.jpg"
Puma Unisex Running Shoes,Rs. 5599,https://www.myntra.com/sports-shoes/puma/puma-darter-pro-fade-res-unisex-running-shoes/32695251/buy,"https://assets.myntassets.com/dpr_2,q_60,w_210,c_limit,fl_progressive/assets/images/2025/FEBRUARY/7/wiqgAwtA_4c0b8974a0e14f40a9c98e7a104d2aea.jpg"
Puma Court Shatter Mid Men Sneakers,Rs. 4199,https://www.myntra.com/casual-shoes/puma/puma-court-shatter-mid-men-sneakers/32695246/buy,"https://assets.myntassets.com/dpr_2,q_60,w_210,c_limit,fl_progressive/assets/images/32695246/2025/3/1/f6d41036-635b-4c0b-a19d-83bc50e7c1301740835895054-Puma-Court-Shatter-Mid-Men-Sneakers-5161740835894542-1.jpg"
Puma RBD Game Classic Kids Sneakers,Rs. 2969,https://www.myntra.com/casual-shoes/puma/-puma-rbd-game-classic-kids-casual-sneakers/31610785/buy,"https://assets.myntassets.com/dpr_2,q_60,w_210,c_limit,fl_progressive/assets/images/2024/NOVEMBER/12/QANeIoZh_4e0bb2f36b024958bc73135a3dd884ba.jpg"
Puma Women Sneakers,Rs. 2924,https://www.myntra.com/casual-shoes/puma/puma-women-sneakers/24095784/buy,"https://assets.myntassets.com/dpr_2,q_60,w_210,c_limit,fl_progressive/assets/images/24095784/2023/10/26/ac94f9cd-8a18-4472-b46a-5611ea5ad3721698320145175-Puma-Celi-Womens-Sneakers-7131698320144939-1.jpg"
Puma Kids Casual Sneakers,Rs. 2519,https://www.myntra.com/casual-shoes/puma/puma-funblast-kids-casual-sneakers/27781250/buy,"https://assets.myntassets.com/dpr_2,q_60,w_210,c_limit,fl_progressive/assets/images/27781250/2024/2/23/63275a8f-e484-4e57-a3e1-977ef797e34b1708691601293PumaFunblastKidsCasualSneakers1.jpg"
Puma Darter Pro Fade Running Shoes,Rs. 5599,https://www.myntra.com/sports-shoes/puma/puma-darter-pro-fade-unisex-running-shoes/31084424/buy,"https://assets.myntassets.com/dpr_2,q_60,w_210,c_limit,fl_progressive/assets/images/31084424/2025/3/4/f30c8f09-4e6b-4363-a33c-f16a63bb6edf1741085602524-Puma-Darter-Pro-Fade-Unisex-Running-Shoes-311741085601901-1.jpg"
Puma Scend Progressive Res Shoes,Rs. 4799,https://www.myntra.com/sports-shoes/puma/puma-scend-progressive-res-women-running-shoes/31816338/buy,"https://assets.myntassets.com/dpr_2,q_60,w_210,c_limit,fl_progressive/assets/images/2024/DECEMBER/2/EWHVQEvD_3bc1009a3c3743a2b5b8ec150143c555.jpg"
Puma Women Lace - Ups Shoes,Rs. 3849,https://www.myntra.com/sports-shoes/puma/puma-softride-mayve-res-women-lace---up-running-shoes/31602833/buy,"https://assets.myntassets.com/dpr_2,q_60,w_210,c_limit,fl_progressive/assets/images/2024/NOVEMBER/12/Fi69tqNs_97ab94a4777b4d5da1d8f653b20929f8.jpg"
Puma Men Court Shatter Low Sneakers,Rs. 2999,https://www.myntra.com/casual-shoes/puma/puma-men-court-shatter-low-sneakers/27953914/buy,"https://assets.myntassets.com/dpr_2,q_60,w_210,c_limit,fl_progressive/assets/images/27953914/2025/3/1/97fecf03-818b-4583-81cd-763ecae9ff911740835765271-Puma-Men-Court-Shatter-Low-Sneakers-4051740835764759-1.jpg"
Puma X-Ray Grilion V1 Sneakers,Rs. 2639,https://www.myntra.com/casual-shoes/puma/puma-kids-x-ray-grilion-v1-youth-sneakers/29533486/buy,"https://assets.myntassets.com/dpr_2,q_60,w_210,c_limit,fl_progressive/assets/images/29533486/2024/5/18/8aa2a448-0a16-4052-bdc9-cd9bd087a37e1715975064903PumaX-RayGrilionV1YouthKidsCasualSneakers1.jpg"
Puma Women Running Sports Shoes,Rs. 4199,https://www.myntra.com/sports-shoes/puma/puma-softride-enzo-evo-res-women-running-lace-up-sports-shoes/32591125/buy,"https://assets.myntassets.com/dpr_2,q_60,w_210,c_limit,fl_progressive/assets/images/2025/FEBRUARY/1/QirwPC0l_72b76839efd84e7db7737f5b3a86121f.jpg"
Puma SOFTRIDE Vital Pro Youth Shoes,Rs. 2639,https://www.myntra.com/sports-shoes/puma/puma-softride-vital-pro-youth-kids-running-sports-shoes/30102962/buy,"https://assets.myntassets.com/dpr_2,q_60,w_210,c_limit,fl_progressive/assets/images/30102962/2024/7/3/2bcf5d3e-41e4-4b94-8f9a-8252443cf2991719986648274PumaSOFTRIDEVitalProYouthKidsRunningSportsShoes1.jpg"
Puma Women Colourblocked Sneakers,Rs. 3024,https://www.myntra.com/casual-shoes/puma/puma-women-x-ray-slimmic-metallic-colourblocked-sneakers/27454864/buy,"https://assets.myntassets.com/dpr_2,q_60,w_210,c_limit,fl_progressive/assets/images/27454864/2024/9/9/e187a9ad-fe9f-420d-8e51-9ce0efef78121725884363572-PUMA-X-Ray-Slimmic-Metallic-Womens-Sneakers-191725884363182-1.jpg"
Puma X- RAY Zinggo Ps Kid's Shoes,Rs. 2639,https://www.myntra.com/casual-shoes/puma/puma-x--ray-zinggo-ps-kids-shoes/30165671/buy,"https://assets.myntassets.com/dpr_2,q_60,w_210,c_limit,fl_progressive/assets/images/30165671/2024/7/11/1b82ad91-0df9-4609-8049-64f76a67107b1720704849183PumaX-RAYZinggoPsKidsShoes1.jpg"
Puma Softride Rift Evo Kid's Shoes,Rs. 2639,https://www.myntra.com/casual-shoes/puma/puma-softride-rift-evo-kids-slip-on-shoes/31078457/buy,"https://assets.myntassets.com/dpr_2,q_60,w_210,c_limit,fl_progressive/assets/images/2024/SEPTEMBER/23/Gq17EKf0_f5c9ae5597f84f5d9d8bf19bac875dde.jpg"
Puma Men Starten Sneakers,Rs. 2999,https://www.myntra.com/casual-shoes/puma/puma-men-starten-sneakers/22526218/buy,"https://assets.myntassets.com/dpr_2,q_60,w_210,c_limit,fl_progressive/assets/images/22526218/2023/4/26/d67d57d5-09ad-4d7b-be95-fb1d06d44e751682503582563-Puma-Starten-Mens-Sneakers-6411682503582277-1.jpg"
Puma Supertifo Sneakers,Rs. 6399,https://www.myntra.com/casual-shoes/puma/puma-unisex-easy-rider-supertifo-sneakers/30165799/buy,"https://assets.myntassets.com/dpr_2,q_60,w_210,c_limit,fl_progressive/assets/images/30165799/2025/3/4/daac24eb-723d-45ca-a8d8-fa760537960b1741084463585-Puma-Unisex-Easy-Rider-Supertifo-Sneakers-7671741084463082-1.jpg"
Puma Women Smasher Sneakers,Rs. 2474,https://www.myntra.com/casual-shoes/puma/puma-women-perforations-smasher-sneakers/26504812/buy,"https://assets.myntassets.com/dpr_2,q_60,w_210,c_limit,fl_progressive/assets/images/26504812/2024/3/22/c0b607a6-0805-461c-b062-a842ecf35a101711100189455-Puma-Smasher-Womens-Sneakers-7471711100189087-1.jpg"
Puma Court Pro Basketball Shoes,Rs. 5599,https://www.myntra.com/sports-shoes/puma/puma-unisex-court-pro-basketball-shoes/30577231/buy,"https://assets.myntassets.com/dpr_2,q_60,w_210,c_limit,fl_progressive/assets/images/30577231/2025/3/4/a8b33a21-5761-4520-acbb-68a9b57170d31741085448671-Puma-Unisex-Court-Pro-Basketball-Shoes-3261741085448228-1.jpg"
Puma Courtflex V3 Dotty Sneakers,Rs. 2309,https://www.myntra.com/casual-shoes/puma/puma-courtflex-v3-dotty-girls-sneakers/32388870/buy,"https://assets.myntassets.com/dpr_2,q_60,w_210,c_limit,fl_progressive/assets/images/2025/JANUARY/20/pQPRIKbb_5a1e7cbcbc9d440daf6f5f166921c419.jpg"
Puma Kids Courtflex V2 Sneakers,Rs. 2694,https://www.myntra.com/casual-shoes/puma/puma-kids-courtflex-v2-slip-on-sneakers/24182168/buy,"https://assets.myntassets.com/dpr_2,q_60,w_210,c_limit,fl_progressive/assets/images/24182168/2023/7/27/ee39dd34-bbb7-4e8e-8717-1344923ab8b31690399299295CourtflexV2SlipOnKidsSneakers1.jpg"
Puma Men Flexrate Sneakers,Rs. 1574,https://www.myntra.com/casual-shoes/puma/puma-men-flexrate-sneakers/24393184/buy,"https://assets.myntassets.com/dpr_2,q_60,w_210,c_limit,fl_progressive/assets/images/24393184/2023/8/8/0fd90f88-610b-4aa3-8e20-85a6d48a05431691507372072PumaPumaFlexrateMenColourblcokedCasualSneakers1.jpg"
Puma Kids Enzo Slip-On Sneakers,Rs. 3299,https://www.myntra.com/casual-shoes/puma/puma-kids-enzo-evo-slip-on-youth-slip-on-sneakers-/24182160/buy,"https://assets.myntassets.com/dpr_2,q_60,w_210,c_limit,fl_progressive/assets/images/24182160/2025/3/4/dbd71c12-5707-41ca-99e2-73946feb139d1741084139318-Puma-Kids-Enzo-Evo-Slip-On-Youth-Slip-On-Sneakers-1981741084-1.jpg"
Puma Men Slip-On Sneakers,Rs. 2699,https://www.myntra.com/casual-shoes/puma/puma-men-navy-blue-woven-design-slip-on-sneakers-/15503198/buy,"https://assets.myntassets.com/dpr_2,q_60,w_210,c_limit,fl_progressive/assets/images/15503198/2021/9/17/fd64ecbe-b580-4609-bb0a-d9f40a89142c1631853821573CasualShoes1.jpg"
Puma Girls Sienna Slip-On Sneakers,Rs. 2309,https://www.myntra.com/casual-shoes/puma/puma-girls-sienna-softride-youth-slip-on-sneakers/26208556/buy,"https://assets.myntassets.com/dpr_2,q_60,w_210,c_limit,fl_progressive/assets/images/26208556/2023/12/4/f59486db-00dc-4f9a-a161-d476984cf3921701679284172PUMASiennaSoftrideYouthSlip-OnShoes1.jpg"
Puma Court Shatter Mid Men Sneakers,Rs. 4199,https://www.myntra.com/casual-shoes/puma/puma-court-shatter-mid-men-sneakers/32695233/buy,"https://assets.myntassets.com/dpr_2,q_60,w_210,c_limit,fl_progressive/assets/images/32695233/2025/3/1/8b4e5304-d9c3-4638-ba3d-1371b71229e51740835923293-Puma-Court-Shatter-Mid-Men-Sneakers-9601740835922704-1.jpg"
Puma Softride Rift Swift Kids Shoes,Rs. 2449,https://www.myntra.com/casual-shoes/puma/puma-softride-rift-swift-kicks-kid-textured-sneakers/33242170/buy,"https://assets.myntassets.com/dpr_2,q_60,w_210,c_limit,fl_progressive/assets/images/2025/MARCH/20/P8N7rgSs_30ad9921530849f4b781ed72fa4213db.jpg"
Puma Super Team No 14 UnisexSneaker,Rs. 5999,https://www.myntra.com/casual-shoes/puma/puma-super-team-no-14-unisex-sneakers/32924072/buy,"https://assets.myntassets.com/dpr_2,q_60,w_210,c_limit,fl_progressive/assets/images/2025/FEBRUARY/26/9pXLn4sQ_b741a42678644b7199dd4c02c83d701d.jpg"
Puma Women Football Shoes,Rs. 5399,https://www.myntra.com/sports-shoes/puma/puma-women-king-pro-clourblocked-football-shoes/30035246/buy,"https://assets.myntassets.com/dpr_2,q_60,w_210,c_limit,fl_progressive/assets/images/30035246/2024/9/10/015fcaae-5d18-4100-9604-bf11cbd9b1ae1725965780604-KING-PRO-FGAG-Womens-Football-Boots-9891725965780347-1.jpg"
Puma Easy Rider Vintage Sneakers,Rs. 5599,https://www.myntra.com/casual-shoes/puma/puma-easy-rider-vintage-women-sneakers/32590099/buy,"https://assets.myntassets.com/dpr_2,q_60,w_210,c_limit,fl_progressive/assets/images/2025/JANUARY/31/B6JP13Q1_4b89fc94742a44d894e6eddbc702ec8d.jpg"
Puma Women R78 Disrupt LT Sneakers,Rs. 3899,https://www.myntra.com/casual-shoes/puma/puma-women-r78-disrupt-lt-sneakers/30035200/buy,"https://assets.myntassets.com/dpr_2,q_60,w_210,c_limit,fl_progressive/assets/images/30035200/2024/8/22/cd6631aa-9214-4616-b0c1-c3ca97486a261724305441460-R78-Disrupt-LT-Womens-Sneakers-4551724305441132-1.jpg"
Puma Women Faster Sneakers,Rs. 2474,https://www.myntra.com/casual-shoes/puma/puma-women-faster-sneakers/30103062/buy,"https://assets.myntassets.com/dpr_2,q_60,w_210,c_limit,fl_progressive/assets/images/30103062/2024/7/5/4f38a66a-dff9-40af-8d19-c8a8acee4b981720156078757PumaFasterWomensSneakers1.jpg"
Puma Unisex RS-X Geek Sneakers,Rs. 5499,https://www.myntra.com/casual-shoes/puma/puma-rs-x-geek-lace-ups-sneakers/31123610/buy,"https://assets.myntassets.com/dpr_2,q_60,w_210,c_limit,fl_progressive/assets/images/31123610/2025/3/4/af2669f1-2b6c-4fec-99f5-7c28223e56171741085613164-Puma-Unisex-RS-X-Geek-Lace-Ups-Sneakers-7431741085612753-1.jpg"
Puma Men Textured Sneakers,Rs. 2699,https://www.myntra.com/casual-shoes/puma/puma-kardio-slipon-men-textured-sneakers/27185044/buy,"https://assets.myntassets.com/dpr_2,q_60,w_210,c_limit,fl_progressive/assets/images/27185044/2025/2/5/750f3cdd-d0e9-4afc-b79d-ca5eefd601471738761358316-Puma-Kardio-Slipon-Men-Textured-Sneakers-3551738761357945-1.jpg"
Puma Men Colourblocked Sneakers,Rs. 2249,https://www.myntra.com/casual-shoes/puma/puma-men-color-block-sneakers/29441362/buy,"https://assets.myntassets.com/dpr_2,q_60,w_210,c_limit,fl_progressive/assets/images/29441362/2024/6/3/e70ccd4b-db6e-49fb-9d82-83079af636601717416404783-Puma-Men-Colourblocked-Sneakers-5671717416404492-1.jpg"
Puma Kids Barney Youth Sneakers,Rs. 1979,https://www.myntra.com/casual-shoes/puma/puma-kids-barney-youth-slip-on-sneakers/22163918/buy,"https://assets.myntassets.com/dpr_2,q_60,w_210,c_limit,fl_progressive/assets/images/22163918/2023/3/23/945a6389-06d4-49b0-8b86-e560ee74ef4c1679571495700-Puma-Kids-Barney-Youth-Sneakers-4401679571495333-1.jpg"
Puma Men Jedi Slip on IDP Sneakers,Rs. 2469,https://www.myntra.com/casual-shoes/puma/puma-men-black-jedi-slip-on-sneakers/13150202/buy,"https://assets.myntassets.com/dpr_2,q_60,w_210,c_limit,fl_progressive/assets/images/13150202/2022/4/11/076ea2a8-cc6c-4fc5-aeb9-f3d4228eccb31649685480341PumaMenBlackJediSliponSneakers1.jpg"
Puma Unisex MMQ Service Sneakers,Rs. 4229,https://www.myntra.com/casual-shoes/puma/puma-unisex-mmq-service-line-clyde-sneakers/26210280/buy,"https://assets.myntassets.com/dpr_2,q_60,w_210,c_limit,fl_progressive/assets/images/26210280/2023/12/5/8eb8f5e7-9822-4ce4-bdc8-b5cde494bf771701747959808PumaMMQServiceLineClydeLeatherLace-UpSneakerCasualShoes1.jpg"
Puma Women Static Sneakers,Rs. 2199,https://www.myntra.com/casual-shoes/puma/puma-women-static-sneakers/24919922/buy,"https://assets.myntassets.com/dpr_2,q_60,w_210,c_limit,fl_progressive/assets/images/24919922/2023/9/12/86fbb0ce-001f-4c79-916b-00796efccd4a1694496821818PumaWomenTexturedSneakers1.jpg"
Puma Conduct Pro Running Shoes,Rs. 5999,https://www.myntra.com/sports-shoes/puma/puma-conduct-pro-womens-running-shoes/30570928/buy,"https://assets.myntassets.com/dpr_2,q_60,w_210,c_limit,fl_progressive/assets/images/30570928/2025/3/4/c9d665ec-7091-4ff3-b139-b4eef9d6576f1741085243903-Puma-Conduct-Pro-Womens-Running-Shoes-2221741085243253-1.jpg"
Puma Women Textured Sneakers,Rs. 2474,https://www.myntra.com/casual-shoes/puma/puma-women-kinta-textured-sneakers/30035207/buy,"https://assets.myntassets.com/dpr_2,q_60,w_210,c_limit,fl_progressive/assets/images/30035207/2024/11/12/6b629847-d483-4178-82eb-eb360eaff15a1731400854051-PUMA-Kinta-Womens-Sneakers-6941731400853783-1.jpg"
Puma Women Galaxium Sneakers,Rs. 2639,https://www.myntra.com/casual-shoes/puma/puma-women-galaxium-sneakers-with-perforated-detail/30089268/buy,"https://assets.myntassets.com/dpr_2,q_60,w_210,c_limit,fl_progressive/assets/images/30089268/2024/9/5/a6858bb9-9000-47ec-a912-b55545920e891725531738417-PUMA-Galaxium-Womens-Sneakers-7821725531738050-1.jpg"
Puma Men Princeps Solid Sneakers,Rs. 2474,https://www.myntra.com/casual-shoes/puma/puma-men-princeps-solid-sneakers/22526222/buy,"https://assets.myntassets.com/dpr_2,q_60,w_210,c_limit,fl_progressive/assets/images/22526222/2023/6/1/5275094d-0fb9-4785-88bd-2b048d212afb1685614007739PumaPrincepsMensSneakers1.jpg"
Puma Kids Evolve Slip On Sneakers,Rs. 2249,https://www.myntra.com/casual-shoes/puma/puma-unisex-kids-solid-evolve-slip-on-youth-regular-sneakers-with-minimal-brand-logo-print/22163824/buy,"https://assets.myntassets.com/dpr_2,q_60,w_210,c_limit,fl_progressive/assets/images/22163824/2023/3/23/73f25f95-caf9-4ebd-9237-5f3a9918cbd21679563505422PumaEvolveSlipOnYouthSneakers1.jpg"
Puma Men Slip-On Sneakers,Rs. 1999,https://www.myntra.com/casual-shoes/puma/puma-men-slip-on-sneakers/22154002/buy,"https://assets.myntassets.com/dpr_2,q_60,w_210,c_limit,fl_progressive/assets/images/22154002/2023/3/28/45825bcd-588f-448d-bf59-fa206baa77a41679981038714PacerSlipOnV3MensSneakers1.jpg"
Puma PWR NITRO SQD 2 Training Shoes,Rs. 10399,https://www.myntra.com/sports-shoes/puma/puma-pwr-nitro-sqd-2-unisex-training-shoes/30165948/buy,"https://assets.myntassets.com/dpr_2,q_60,w_210,c_limit,fl_progressive/assets/images/30165948/2024/7/10/f5e35a74-4ca1-4f67-8075-df78609ecf741720588315926PumaPWRNITROSQD2UnisexTrainingShoes1.jpg"
Puma Men C-Block Sneakers,Rs. 2024,https://www.myntra.com/casual-shoes/puma/puma-men-color-block-sneakers/24843930/buy,"https://assets.myntassets.com/dpr_2,q_60,w_210,c_limit,fl_progressive/assets/images/24843930/2023/10/17/8f7aeeb4-32b5-46d7-86e9-2ddbe735af001697535501180-PUMA-C-Block-Mens-Shoes-2851697535501036-1.jpg"
Puma X-Ray 2 Contrast Sole Sneakers,Rs. 3999,https://www.myntra.com/casual-shoes/puma/puma-x-ray-2-round-toe-lace-ups-contrast-sole-sneakers/33029595/buy,"https://assets.myntassets.com/dpr_2,q_60,w_210,c_limit,fl_progressive/assets/images/33029595/2025/3/11/2625be5a-25f6-45c1-8393-f3b6c30b4b601741693811305-Puma-X-Ray-2-Unisex-Round-Toe-Lace-Ups-Contrast-Sole-Sneaker-1.jpg"
Puma Women Karmen Leather Sneakers,Rs. 3749,https://www.myntra.com/casual-shoes/puma/puma-women-karmen-leather-sneakers/24095642/buy,"https://assets.myntassets.com/dpr_2,q_60,w_210,c_limit,fl_progressive/assets/images/24095642/2023/10/17/c3dd28c7-8037-4772-b0ad-319ec0b3754d1697522069716KarmenLeatherWomensSneakers1.jpg"
Puma 24 FH Rubber Cricket Shoes,Rs. 5599,https://www.myntra.com/sports-shoes/puma/puma-24-fh-rubber-unisex-cricket-shoes/30165968/buy,"https://assets.myntassets.com/dpr_2,q_60,w_210,c_limit,fl_progressive/assets/images/30165968/2024/7/10/cc9deecf-0f22-4617-a787-23e2fdd827ce1720586485279Puma24FHRubberUnisexCricketShoes1.jpg"
Puma Men Sneakers,Rs. 3149,https://www.myntra.com/casual-shoes/puma/puma-men-sneakers/21497644/buy,"https://assets.myntassets.com/dpr_2,q_60,w_210,c_limit,fl_progressive/assets/images/21497644/2023/2/6/f339a870-d147-415e-86bc-28e9a56cf4e31675682574396-Puma-Men-Sneakers-571675682574073-1.jpg"
Puma Softride Enzo Evo Unisex Shoes,Rs. 4199,https://www.myntra.com/sports-shoes/puma/puma-softride-enzo-evo-res-unisex-running-shoes/32380440/buy,"https://assets.myntassets.com/dpr_2,q_60,w_210,c_limit,fl_progressive/assets/images/2025/JANUARY/20/VCN7bzzg_2511ae81894143f786dee8553a4fb7fe.jpg"
Puma Easy Rider Mix Unisex Sneakers,Rs. 5599,https://www.myntra.com/casual-shoes/puma/puma-easy-rider-mix-unisex-sneakers/30577226/buy,"https://assets.myntassets.com/dpr_2,q_60,w_210,c_limit,fl_progressive/assets/images/30577226/2025/3/4/ed58d8db-5a60-4722-9f9d-22e63d1293601741085404745-Puma-Easy-Rider-Mix-Unisex-Sneakers-3321741085404246-1.jpg"
Puma Future Rider Play On Sneaker,Rs. 4499,https://www.myntra.com/casual-shoes/puma/puma-unisex-future-rider-play-on-sneakers/30165829/buy,"https://assets.myntassets.com/dpr_2,q_60,w_210,c_limit,fl_progressive/assets/images/30165829/2025/3/4/160a4218-e15f-4fb6-b5b3-bda2e4989d391741084516880-Puma-Unisex-Future-Rider-Play-On-Sneakers-3361741084516364-1.jpg"
Puma Men Melanite Slip-On Sneakers,Rs. 2474,https://www.myntra.com/casual-shoes/puma/puma-men-textured-melanite-slip-on-sneakers/22275508/buy,"https://assets.myntassets.com/dpr_2,q_60,w_210,c_limit,fl_progressive/assets/images/22275508/2024/12/9/f651756e-0560-4d17-b639-0aa5368b298e1733730081733-Puma-Men-Textured-Melanite-Slip-On-Sneakers-8461733730081323-1.jpg"
Puma Girls Vikky v3 Nova Sneakers,Rs. 1749,https://www.myntra.com/casual-shoes/puma/puma-girls-vikky-v3-nova-youth-sneakers/26208554/buy,"https://assets.myntassets.com/dpr_2,q_60,w_210,c_limit,fl_progressive/assets/images/26208554/2023/12/4/254011f3-8dba-4771-b45f-02d22e2218191701689083768Vikkyv3NovaYouthSneakers1.jpg"
Puma Court Classic Lux Unisex Shoes,Rs. 3849,https://www.myntra.com/casual-shoes/puma/puma-court-classic-lux-res-unisex-leather-casual-sneakers/32846253/buy,"https://assets.myntassets.com/dpr_2,q_60,w_210,c_limit,fl_progressive/assets/images/2025/FEBRUARY/24/gRVgBlJx_ffbfba048c79460c83f38d3bdcbdac1e.jpg"
Puma Kids Tobey Slip-On Sneakers,Rs. 1199,https://www.myntra.com/casual-shoes/puma/puma-kids-tobey-slip-on-sneakers/22163780/buy,"https://assets.myntassets.com/dpr_2,q_60,w_210,c_limit,fl_progressive/assets/images/22163780/2023/3/23/1dbb4ba0-0c59-47fb-a88a-58817e22a4bd1679573291780-Puma-Kids-Tobey-Slip-On-Sneakers-8061679573291444-1.jpg"
Puma Women Static Sneakers,Rs. 2199,https://www.myntra.com/casual-shoes/puma/puma-women-static-sneakers/27394820/buy,"https://assets.myntassets.com/dpr_2,q_60,w_210,c_limit,fl_progressive/assets/images/27394820/2024/2/5/70948c48-bd72-4211-abf9-a0eddaa084651707140624307PumaStaticWomensSneakers1.jpg"
Puma Men Impel Lace-Up Sneakers,Rs. 2699,https://www.myntra.com/casual-shoes/puma/puma-men-impel-woven-design-lace-up-sneakers/23259434/buy,"https://assets.myntassets.com/dpr_2,q_60,w_210,c_limit,fl_progressive/assets/images/23259434/2023/5/18/95689ad1-7605-48ed-9c78-cca8688f67b61684413443610PumaImpelMensShoes1.jpg"
Puma ULTRA 5 ULTIMATE FG Shoes,Rs. 15999,https://www.myntra.com/sports-shoes/puma/puma-ultra-5-ultimate-fg-womens-football-boots/32385038/buy,"https://assets.myntassets.com/dpr_2,q_60,w_210,c_limit,fl_progressive/assets/images/2025/JANUARY/19/2NWLfYPT_d77c4da5331f465697b80509d0974957.jpg"
Puma Softride Premier Res Shoes,Rs. 3899,https://www.myntra.com/sports-shoes/puma/puma-softride-premier-res-men-running-sports-shoes/31787094/buy,"https://assets.myntassets.com/dpr_2,q_60,w_210,c_limit,fl_progressive/assets/images/2024/NOVEMBER/29/E84j70qo_36b596f4a07d46c390df791e553d0e8e.jpg"
Puma Women Lajla Shimmer Sneakers,Rs. 4949,https://www.myntra.com/casual-shoes/puma/puma-women-lajla-shimmer-sneakers--/27781488/buy,"https://assets.myntassets.com/dpr_2,q_60,w_210,c_limit,fl_progressive/assets/images/27781488/2024/2/22/3e77e0f9-58b4-4934-a646-01b3c3c87e991708595263925LajlaShimmerWomensSneakers1.jpg"
Puma CA Pro Lights On Sneakers,Rs. 5999,https://www.myntra.com/casual-shoes/puma/puma-ca-pro-lights-on-reflect-sneakers/32443372/buy,"https://assets.myntassets.com/dpr_2,q_60,w_210,c_limit,fl_progressive/assets/images/2025/JANUARY/23/renZ0QTf_7f4484cfadf94928a23473981e4282fa.jpg"
Puma Fast-Trac NITRO 3 Trail Shoes,Rs. 9599,https://www.myntra.com/sports-shoes/puma/puma-fast-trac-nitro-3-mens-trail-running-marking-shoes/30165978/buy,"https://assets.myntassets.com/dpr_2,q_60,w_210,c_limit,fl_progressive/assets/images/30165978/2025/3/4/c0df5c1b-813a-49e7-ba9c-002f63dd29d81741085119156-Puma-Fast-Trac-NITRO-3-Mens-Trail-Running-Marking-Shoes-8717-1.jpg"
Puma CA Pro Lights On Sneakers,Rs. 5999,https://www.myntra.com/casual-shoes/puma/puma-ca-pro-lights-on-reflect-unisex-sneakers/32443373/buy,"https://assets.myntassets.com/dpr_2,q_60,w_210,c_limit,fl_progressive/assets/images/2025/JANUARY/22/UUQcqa0x_671a89f496a14b8ab031d79a5c8d2f98.jpg"
Puma Men Clyde SOHO Sneakers,Rs. 5499,https://www.myntra.com/casual-shoes/puma/puma-men-clyde-soho-sneakers/27396198/buy,"https://assets.myntassets.com/dpr_2,q_60,w_210,c_limit,fl_progressive/assets/images/27396198/2024/2/5/8a45fb3b-2f40-458b-b734-0ae0881d00d71707142258303ClydeSOHONYCMensSneakers1.jpg"
Puma Women Dusk Slip-On Sneakers,Rs. 2794,https://www.myntra.com/casual-shoes/puma/puma-women-black-dusk-slip-on-sneakers/20218148/buy,"https://assets.myntassets.com/dpr_2,q_60,w_210,c_limit,fl_progressive/assets/images/20218148/2022/10/14/d9b3a685-6381-4bb7-a583-dca423bca6771665742821742-PUMA-Dusk-Womens-Sneakers-9381665742821401-1.jpg"
Puma Men Velocity NITRO 2 Running,Rs. 9599,https://www.myntra.com/sports-shoes/puma/puma-men-velocity-nitro-2-running-shoes/27405340/buy,"https://assets.myntassets.com/dpr_2,q_60,w_210,c_limit,fl_progressive/assets/images/27405340/2024/2/7/43c0c647-75ac-4562-b472-93873be3eca11707307863988VelocityNITRO2MensRunningShoes1.jpg"
Puma Kids ULTRA PLAY TT Youth Boots,Rs. 3599,https://www.myntra.com/sports-shoes/puma/puma-kids-ultra-play-tt-youth-football-boots/27393630/buy,"https://assets.myntassets.com/dpr_2,q_60,w_210,c_limit,fl_progressive/assets/images/27393630/2024/2/7/3681bc89-32a7-4db6-8a86-7d72d2b94a321707278780205PumaULTRAPLAYTTJrKidsPatternedLace-UpSportsShoes1.jpg"
Puma Pure XT Fresh Res Men Shoes,Rs. 4899,https://www.myntra.com/sports-shoes/puma/puma-pure-xt-fresh-res-men-training-shoes/32589035/buy,"https://assets.myntassets.com/dpr_2,q_60,w_210,c_limit,fl_progressive/assets/images/2025/FEBRUARY/1/vNiKQefO_4e83873ae0c84088b14ba73d141162d4.jpg"
Puma Women Roma Feminine Sneakers,Rs. 4799,https://www.myntra.com/casual-shoes/puma/puma-women-roma-feminine-womens-sneakers/32384505/buy,"https://assets.myntassets.com/dpr_2,q_60,w_210,c_limit,fl_progressive/assets/images/32384505/2025/2/5/b2f53f63-201f-4367-94e3-a457148d7e411738762057386-Puma-Women-Roma-Feminine-Womens-Sneakers-9441738762056941-1.jpg"
Puma RS-X Hi Unisex Sneakers,Rs. 9599,https://www.myntra.com/casual-shoes/puma/puma-unisex-rs-x-hi-sneakers/30165848/buy,"https://assets.myntassets.com/dpr_2,q_60,w_210,c_limit,fl_progressive/assets/images/30165848/2025/3/4/e46c4e1c-110b-4ab4-97b1-a34788cd20611741084881964-Puma-Unisex-RS-X-Hi-Sneakers-2211741084881316-1.jpg"
Puma Women Mayze Wellis Sneakers,Rs. 4499,https://www.myntra.com/casual-shoes/puma/puma-women-mayze-wellis-sneakers/30035159/buy,"https://assets.myntassets.com/dpr_2,q_60,w_210,c_limit,fl_progressive/assets/images/2024/AUGUST/30/BNcVPO1M_ea8e3a60521549c38f02c0032414073c.jpg"
Puma Men Buck V2 Sneakers,Rs. 2399,https://www.myntra.com/casual-shoes/puma/puma-men-black-buck-v2-sneakers/20763436/buy,"https://assets.myntassets.com/dpr_2,q_60,w_210,c_limit,fl_progressive/assets/images/20763436/2022/11/15/dfaf97f1-aeed-415d-97cc-9c8cdd180d3a1668527713513PUMABuckV2MensShoes1.jpg"
Puma Unisex Football Sports Shoes,Rs. 5599,https://www.myntra.com/sports-shoes/puma/puma-ultra-5-match-tt-unisex-textured-football-lace-up-sports-shoes/31787083/buy,"https://assets.myntassets.com/dpr_2,q_60,w_210,c_limit,fl_progressive/assets/images/2024/NOVEMBER/29/II1e2OYa_013637e7ab2243bf8dfd488f9534496c.jpg"
Puma Men Jigsaw IDP Sneakers,Rs. 2149,https://www.myntra.com/casual-shoes/puma/puma-men-charcoal-grey-jigsaw-sneakers/11198964/buy,"https://assets.myntassets.com/dpr_2,q_60,w_210,c_limit,fl_progressive/assets/images/11198964/2022/11/7/341f05da-1dd5-41a8-b327-85d72f74f8ae1667825488545PumaMenCharcoalGreyJigsawSneakers1.jpg"
Puma Men Alfarun Sneakers,Rs. 2249,https://www.myntra.com/casual-shoes/puma/puma-men-alfarun-basics-sneakers/22805354/buy,"https://assets.myntassets.com/dpr_2,q_60,w_210,c_limit,fl_progressive/assets/images/22805354/2025/2/5/51f98c1e-097a-4177-8c3b-c41cba7ad88b1738761237808-Puma-Men-Alfarun-Basics-Sneakers-7191738761237263-1.jpg"
Puma Men Armour V2 Textile Sneakers,Rs. 1799,https://www.myntra.com/casual-shoes/puma/puma-men-armour-v2-comfort-insole-textile-sneakers/22152270/buy,"https://assets.myntassets.com/dpr_2,q_60,w_210,c_limit,fl_progressive/assets/images/22152270/2025/2/5/b652fe91-84e0-4c77-9e30-17bf3296f9b31738761160452-Puma-Men-Armour-V2-Comfort-Insole-Textile-Sneakers-270173876-1.jpg"
Puma Men Running Shoes,Rs. 5399,https://www.myntra.com/sports-shoes/puma/puma-men-black-ultra-ride-running-shoes/12282134/buy,"https://assets.myntassets.com/dpr_2,q_60,w_210,c_limit,fl_progressive/assets/images/12282134/2024/12/9/7e8b8db6-0b13-48c9-a65a-4aabc71e05ec1733727951524-Puma-Men-Black-Ultra-Ride-Running-Shoes-7431733727950966-1.jpg"
Puma Men Rideric Sneakers,Rs. 2699,https://www.myntra.com/casual-shoes/puma/puma-men-rideric-colourblocked-sneakers/22275524/buy,"https://assets.myntassets.com/dpr_2,q_60,w_210,c_limit,fl_progressive/assets/images/22275524/2023/4/5/5d147f6f-73c6-4be2-8614-d0836a0d12481680692696893PumaRidericMensSneakers1.jpg"
Puma Men Woven Design Sneakers,Rs. 2399,https://www.myntra.com/casual-shoes/puma/puma-men-grey-woven-design-sneakers/20314908/buy,"https://assets.myntassets.com/dpr_2,q_60,w_210,c_limit,fl_progressive/assets/images/20314908/2022/10/8/ac5cb696-5b7c-49bc-b223-8d06f3c7f2d31665205482202PUMASkipperMensSneakers1.jpg"
Puma Unisex Road Rider Sneakers,Rs. 3199,https://www.myntra.com/casual-shoes/puma/puma-unisex-road-rider-sneakers/30250151/buy,"https://assets.myntassets.com/dpr_2,q_60,w_210,c_limit,fl_progressive/assets/images/30250151/2024/10/4/ff8b131d-b0e4-4c27-91c6-79b9d918559c1728036112553-Puma-Unisex-Road-Rider-Sneakers-9871728036111974-1.jpg"
Puma Unisex Clyde Hairy Sneakers,Rs. 4499,https://www.myntra.com/casual-shoes/puma/puma-unisex-clyde-hairy-suede-sneakers/26210426/buy,"https://assets.myntassets.com/dpr_2,q_60,w_210,c_limit,fl_progressive/assets/images/26210426/2025/3/4/1599b959-7395-46a2-959e-dd4be02c1e831741084164674-Puma-Unisex-Clyde-Hairy-Suede-Sneakers-7131741084164158-1.jpg"
Puma Clyde Players Unisex Sneakers,Rs. 5999,https://www.myntra.com/casual-shoes/puma/puma-clyde-players-lane-unisex-leather-sneakers/32924071/buy,"https://assets.myntassets.com/dpr_2,q_60,w_210,c_limit,fl_progressive/assets/images/2025/FEBRUARY/26/C7CwZpus_91e6866f2abe4e97a887120bcfd1e6ae.jpg"
Puma Navy Blue & Lime Sports Shoes,Rs. 2474,https://www.myntra.com/casual-shoes/puma/puma-men-navy-blue-lime-humble-shoes/15312362/buy,"https://assets.myntassets.com/dpr_2,q_60,w_210,c_limit,fl_progressive/assets/images/15312362/2021/8/31/61225671-a025-4073-8b48-b6e9681105f51630387342607CasualShoes1.jpg"
Puma Men Lightstorm V1 Sneakers,Rs. 2499,https://www.myntra.com/casual-shoes/puma/puma-men-lightstorm-v1-sneakers/30103303/buy,"https://assets.myntassets.com/dpr_2,q_60,w_210,c_limit,fl_progressive/assets/images/30103303/2024/7/6/3d8deccf-9f66-490a-a7ba-3c9e4d30fa6f1720257622650PumaLightstormV1MensSneakers1.jpg"
Puma Colourblocked Casual Sneakers,Rs. 5599,https://www.myntra.com/casual-shoes/puma/puma-easy-rider-vintage-unisex--leather-colourblocked-lace-ups-casual-sneakers-/32386305/buy,"https://assets.myntassets.com/dpr_2,q_60,w_210,c_limit,fl_progressive/assets/images/2025/JANUARY/20/911UVHB6_16c5cb4cfd094ccdb9878b66af1a52f7.jpg"
Puma Men Milescend Sneakers,Rs. 2024,https://www.myntra.com/casual-shoes/puma/puma-men-printed-milescend-sneakers/26027344/buy,"https://assets.myntassets.com/dpr_2,q_60,w_210,c_limit,fl_progressive/assets/images/26027344/2023/11/29/207545cf-739e-4e6d-86eb-1b4a3885ad951701250048522-Puma-Milescend-2861701250048312-1.jpg"
Puma Velocity Nitro 2 Fade Shoes,Rs. 9599,https://www.myntra.com/sports-shoes/puma/puma-women-textured-velocity-nitro-2-fade-road-running-shoes/21485290/buy,"https://assets.myntassets.com/dpr_2,q_60,w_210,c_limit,fl_progressive/assets/images/21485290/2023/3/27/0d15df96-fdc8-4f07-adf3-03153e7a0da71679920875546VelocityNitro2FadeWomensShoes1.jpg"
Puma KING ULTIMATE FG/AG Women Shoe,Rs. 15199,https://www.myntra.com/sports-shoes/puma/puma-king-ultimate-fgag-women-football-shoes/31816275/buy,"https://assets.myntassets.com/dpr_2,q_60,w_210,c_limit,fl_progressive/assets/images/2024/DECEMBER/2/Gmu9oK61_01d9ebb8bf6c490195f17a2485494a2d.jpg"
Puma Round Toe Lace-Ups Sneakers,Rs. 6299,https://www.myntra.com/casual-shoes/puma/puma-easy-rider-unisex-round-toe-lace-ups-sneakers/32380429/buy,"https://assets.myntassets.com/dpr_2,q_60,w_210,c_limit,fl_progressive/assets/images/32380429/2025/2/5/4d5c6884-9d8e-4dd2-8260-abffe4e460951738762051648-Puma-Easy-Rider-Unisex-Round-Toe-Lace-Ups-Sneakers-713173876-1.jpg"
Puma All-Pro NITRO Basketball Shoes,Rs. 11199,https://www.myntra.com/sports-shoes/puma/puma-all-pro-nitro-media-day-mens-basketball-shoes/30165935/buy,"https://assets.myntassets.com/dpr_2,q_60,w_210,c_limit,fl_progressive/assets/images/30165935/2025/3/4/3981ece9-d1e3-4360-9f00-83d269035eef1741085057071-Puma-All-Pro-NITRO-Media-Day-Mens-Basketball-Shoes-758174108-1.jpg"
Puma SOFTRIDE Stakd Premium Shoes,Rs. 6399,https://www.myntra.com/sports-shoes/puma/puma-womens-softride-stakd-premium-running-shoes/30570933/buy,"https://assets.myntassets.com/dpr_2,q_60,w_210,c_limit,fl_progressive/assets/images/30570933/2024/10/4/15faca52-8209-4d3e-abef-20f55c1272f11728036253242-Puma-Womens-SOFTRIDE-Stakd-Premium-Running-Shoes-11017280362-1.jpg"
Puma Women Velocity Nitro 2 Running,Rs. 9599,https://www.myntra.com/sports-shoes/puma/puma-women-velocity-nitro-2-running-shoes/27394724/buy,"https://assets.myntassets.com/dpr_2,q_60,w_210,c_limit,fl_progressive/assets/images/27394724/2024/2/7/c8b47fa8-8637-4e75-97b6-7db05f4643971707288696283PumaVelocityNitro2WomenRunningShoes1.jpg"
Puma Velocity Nitro 2 Fade Shoes,Rs. 9599,https://www.myntra.com/sports-shoes/puma/puma-women-solid-velocity-nitro-2-fade-road-running-shoes/21485356/buy,"https://assets.myntassets.com/dpr_2,q_60,w_210,c_limit,fl_progressive/assets/images/21485356/2023/2/28/3c6d683d-ea48-4728-b525-9c42e0cb9b901677575958105VelocityNitro2FadeWomensShoes1.jpg"
Puma Unisex PUMA Bowling 24.1 Crick,Rs. 11199,https://www.myntra.com/sports-shoes/puma/puma-unisex-puma-bowling-241-cricket-shoes/27405362/buy,"https://assets.myntassets.com/dpr_2,q_60,w_210,c_limit,fl_progressive/assets/images/27405362/2025/2/12/32907b79-7325-47e8-8f4d-00c93b9d2a7e1739354910797-Puma-Unisex-PUMA-Bowling-241-Cricket-Shoes-6161739354910447-1.jpg"
Puma Unisex Football Shoes,Rs. 6399,https://www.myntra.com/sports-shoes/puma/puma-ultra-5-play-it-unisex-indoor-court-lace-ups-football-shoes/32394850/buy,"https://assets.myntassets.com/dpr_2,q_60,w_210,c_limit,fl_progressive/assets/images/2025/JANUARY/21/AoOBKnEC_27def1d1d28149cead9cb2fc357d63d0.jpg"
Puma Women Deviate Running Shoes,Rs. 13599,https://www.myntra.com/sports-shoes/puma/puma-women-deviate-nitro-2-marathon-series-running-shoes/26208846/buy,"https://assets.myntassets.com/dpr_2,q_60,w_210,c_limit,fl_progressive/assets/images/26208846/2023/12/2/ab24cf16-a621-4910-a433-7f6e7b1607a31701534520230DeviateNITRO2MarathonSeriesWomensRunningShoes1.jpg"
Puma Women FN Running Shoes,Rs. 12799,https://www.myntra.com/sports-shoes/puma/puma-women-foreverrun-nitro-running-shoes/22154030/buy,"https://assets.myntassets.com/dpr_2,q_60,w_210,c_limit,fl_progressive/assets/images/22154030/2023/3/27/018b251a-a27d-4d90-be18-df55e4467f7a1679920876832ForeverrunNitroWomensRunningShoes1.jpg"
