Title,Price,Product URL,Image URL
Aqualogica Set Of Skin Care Combo,Rs. 549,https://www.myntra.com/skin-care-combo/aqualogica/aqualogica-set-of-hydrating-vanilla-mist--illuminate-sunscreen-150ml--80g/32642266/buy,"https://assets.myntassets.com/dpr_2,q_60,w_210,c_limit,fl_progressive/assets/images/32642266/2025/2/20/ec2f63a4-03bf-4561-a879-97f3e8febabb1740042961119-Aqualogica-Set-Of-Hydrating-Vanilla-Mist--Illuminate-Sunscre-18.jpg"
Aqualogica Illuminate+ Dewy Sunscreen,Rs. 359,https://www.myntra.com/face-sunscreen/aqualogica/aqualogica-illuminate-dewy-sunscreen-spf-50-pa---50g/26925508/buy,"https://assets.myntassets.com/dpr_2,q_60,w_210,c_limit,fl_progressive/assets/images/26925508/2025/3/20/dc66da78-6d31-487b-a9b9-55ebc596b7861742470602581-Aqualogica-Illuminate-Dewy-Sunscreen-SPF-50-PA---50g-1181742-1.jpg"
Aqualogica Glow+ Dewy Sunscreen - 50 g,Rs. 359,https://www.myntra.com/face-sunscreen/aqualogica/aqualogica-glow-dewy-spf-50-pa-sunscreen-with-uvab--blue-light-protection---50-g/17940030/buy,"https://assets.myntassets.com/dpr_2,q_60,w_210,c_limit,fl_progressive/assets/images/17940030/2025/2/25/2d945bd1-3dcc-43e1-8164-6a9785d8ba981740493827010-Aqualogica-Glow-Dewy-SPF-50-PA-Sunscreen-With-UVAB--Blue-Lig-1.jpg"
Aqualogica Detan+ Dewy Sunscreen 50g,Rs. 359,https://www.myntra.com/face-sunscreen/aqualogica/aqualogica-detan-dewy-lightweight-no-white-cast-sunscreen-with-spf-50--pa---50g/22216276/buy,"https://assets.myntassets.com/dpr_2,q_60,w_210,c_limit,fl_progressive/assets/images/22216276/2025/3/20/4518bed8-590e-4e2e-aab5-19b63ad552c91742470565754-Aqualogica-Detan-Dewy-Lightweight-No-White-Cast-Sunscreen-wi-1.jpg"
Aqualogica Radiance+ Dewy Sunscreen,Rs. 239,https://www.myntra.com/face-sunscreen/aqualogica/aqualogica-spf-50-pa-30g-oily-skin-no-white-cast-lightweight-radiance-dewy-sunscreen/30024389/buy,"https://assets.myntassets.com/dpr_2,q_60,w_210,c_limit,fl_progressive/assets/images/30024389/2025/3/20/4bd14323-39eb-478d-a533-1e0b64c203d61742470626641-Aqualogica-SPF-50-PA-30g-Oily-Skin-No-White-Cast-Lightweight-1.jpg"
Aqualogica Radiance+ Dewy Sunscreen 50g,Rs. 359,https://www.myntra.com/face-sunscreen/aqualogica/aqualogica-lightweight-spf-50-pa-radiance--dewy-sunscreen-for-oily-skin-50g/18762632/buy,"https://assets.myntassets.com/dpr_2,q_60,w_210,c_limit,fl_progressive/assets/images/18762632/2025/2/25/f009f360-8654-4614-8ccc-f52ba145625b1740493833775-Aqualogica-Radiance-SPF50-PA-Dewy-Sunscreen-with-Watermelon--1.jpg"
Aqualogica Illuminate+ & Dewy Sunscreen,Rs. 239,https://www.myntra.com/face-sunscreen/aqualogica/aqualogica-wild-berries--alpha-arbutin-illuminate-dewy-sunscreen-spf50-pa-30g/30580757/buy,"https://assets.myntassets.com/dpr_2,q_60,w_210,c_limit,fl_progressive/assets/images/30580757/2025/3/20/79ab6397-06ed-4793-bf5a-f0dc3d8d88271742470654121-Aqualogica-Wild-Berries--Alpha-Arbutin-Illuminate-Dewy-Sunsc-1.jpg"
Aqualogica Glow+ Dewy Sunscreen - 80 g,Rs. 449,https://www.myntra.com/face-sunscreen/aqualogica/aqualogica-glow-dewy-lightweight--hydrating-sunscreen-with-spf50--pa---80-g/22304072/buy,"https://assets.myntassets.com/dpr_2,q_60,w_210,c_limit,fl_progressive/assets/images/22304072/2025/3/20/d27315ac-d3b8-4d41-9a9b-a036a1b9abc41742470574021-Aqualogica-Glow-Dewy-Lightweight--Hydrating-Sunscreen-with-S-1.jpg"
Aqualogica Bright+ Tone Up Sunscreen,Rs. 399,https://www.myntra.com/face-sunscreen/aqualogica/aqualogica-bright-tone-up-sunscreen-with-spf-50---50g/32771460/buy,"https://assets.myntassets.com/dpr_2,q_60,w_210,c_limit,fl_progressive/assets/images/2025/FEBRUARY/13/tY4YeU7K_3d06c05028a6471f9a76088c84a68ca2.jpg"
Aqualogica 5 Barrier+Repair Sunscreen-50g,Rs. 359,https://www.myntra.com/face-sunscreen/aqualogica/aqualogica-5-barrier-repair-avocado--5-essential-ceramides-moisturizing-sunscreen--50g/30580756/buy,"https://assets.myntassets.com/dpr_2,q_60,w_210,c_limit,fl_progressive/assets/images/2024/AUGUST/13/dBZQhUoV_facd1279fcaa43188d84480313f3366b.jpg"
Aqualogica Set of 2 Glow+ Dewy Sunscreen,Rs. 673,https://www.myntra.com/face-sunscreen/aqualogica/aqualogica-set-of-2-glow-spf50-dewy-sunscreen-with-vitamin-c--papaya---50-g-each/26975106/buy,"https://assets.myntassets.com/dpr_2,q_60,w_210,c_limit,fl_progressive/assets/images/26975106/2024/1/16/31ff04fc-e5df-4df6-b500-7d57fd99ea211705409673033AqualogicaGlowSetOf2DewySunscreenForSunProtection-50gEach1.jpg"
DOT & KEY Watermelon Sunscreen SPF50,Rs. 387,https://www.myntra.com/face-sunscreen/dot+%26+key/dot--key-watermelon-cooling-sunscreen-spf-50-pa-with-hyaluronic-acid-50g/21404558/buy,"https://assets.myntassets.com/dpr_2,q_60,w_210,c_limit,fl_progressive/assets/images/21404558/2025/3/31/0722aa56-d674-4034-9f82-1aa8a9cb8d131743400701211-Dot--Key-Watermelon-Cooling-Sunscreen-SPF-50-PA-With-Hyaluro-1.jpg"
DOT & KEY Skin Care Watermelon Sunscreen,Rs. 499,https://www.myntra.com/face-sunscreen/dot+%26+key/dot--key-watermelon-cooling-sunscreen-spf-50-pa-with-hyaluronic-acid-80g/26812646/buy,"https://assets.myntassets.com/dpr_2,q_60,w_210,c_limit,fl_progressive/assets/images/26812646/2025/3/31/f18c0ad2-1fe8-4e5d-af49-8936f8a2c2121743400765006-Dot--Key-Watermelon-Cooling-Sunscreen-SPF-50-PA-With-Hyaluro-1.jpg"
DOT & KEY Watermelon Cooling Sunscreen,Rs. 284,https://www.myntra.com/face-sunscreen/dot+%26+key/dot--key-watermelon-cooling-sunscreen-with-spf-50-pa---30g/32285741/buy,"https://assets.myntassets.com/dpr_2,q_60,w_210,c_limit,fl_progressive/assets/images/32285741/2025/1/10/2aada844-f9c5-4a4c-94d1-c39564292f401736505211226DOTKEYWatermelonHyaluronicCoolingSunscreenWithSPF50PA-30g1.jpg"
Lakme Mini Sunstick SPF 50 - 8 g,Rs. 299,https://www.myntra.com/face-sunscreen/lakme/lakme-mini-sunstick-non-oily-spf-50-pa-sunscreen---8-g/33171675/buy,"https://assets.myntassets.com/dpr_2,q_60,w_210,c_limit,fl_progressive/assets/images/2025/MARCH/13/TuNKkt5R_7b4cd47019a24eda9d465706c3bdea97.jpg"
DOT & KEY Cooling Sunscreen Body Spray,Rs. 490,https://www.myntra.com/body-sunscreen/dot+%26+key/dot--key-watermelon-cooling-sunscreen-body-spray-spf-40-pa---110ml/28733164/buy,"https://assets.myntassets.com/dpr_2,q_60,w_210,c_limit,fl_progressive/assets/images/28733164/2024/4/5/0abdbc37-94ab-4dd2-aaa9-c1adf18acbe71712322807994DotKeyWatermelonCoolingSunscreenBodySpraySPF40PA-110ml1.jpg"
DOT & KEY Vitamin C+E Sunscreen- SPF 50,Rs. 387,https://www.myntra.com/face-sunscreen/dot+%26+key/dot--key-vitamin-c--e-sunscreen-spf-50-pa-for-glowing-skin-100-no-white-cast---50g/20695910/buy,"https://assets.myntassets.com/dpr_2,q_60,w_210,c_limit,fl_progressive/assets/images/20695910/2025/3/31/67e93526-0c44-47af-8c36-5a2a28db6e8e1743400686720-DOT--KEY-Vitamin-C--E-Sunscreen-SPF-50-PA-For-Glowing-Skin-1-1.jpg"
DOT & KEY Strawberry Dew Sunscreen - 07,Rs. 488,https://www.myntra.com/face-sunscreen/dot+%26+key/dot--key-strawberry-dew-tinted-sunscreen-spf-50-pa-50-ml---caramel-07/30964891/buy,"https://assets.myntassets.com/dpr_2,q_60,w_210,c_limit,fl_progressive/assets/images/30964891/2025/3/31/31bcb7f5-54e8-466d-87cc-72a591c946d41743401078188-Dot--Key-Strawberry-Dew-Tinted-Sunscreen-SPF-50-Pa-50-ml---C-1.jpg"
deconstruct Gel Sunscreen-SPF 55+ 50g,Rs. 331,https://www.myntra.com/face-sunscreen/deconstruct/deconstruct-lightweight-gel-sunscreen-spf-55-pa-50gm/20289510/buy,"https://assets.myntassets.com/dpr_2,q_60,w_210,c_limit,fl_progressive/assets/images/20289510/2024/11/10/45c204be-d213-4c73-99ac-ace767eaf4fa1731238741473-deconstruct-Lightweight-Gel-Sunscreen-SPF-55-PA-50gm-3071731-1.jpg"
DOT & KEY Vitamin C + E Sunscreen,Rs. 284,https://www.myntra.com/face-sunscreen/dot+%26+key/dot--key-vitamin-c--e-super-bright-sunscreen-spf-50-pa---30g/32285742/buy,"https://assets.myntassets.com/dpr_2,q_60,w_210,c_limit,fl_progressive/assets/images/32285742/2025/1/10/e7609675-21c6-4d3c-bbf8-e512dc41a2141736497836293DOTKEYVitaminCESuperBrightSunscreenSpf50Pa-30g1.jpg"
DOT & KEY Cica Sunscreen SPF 50 - 50g,Rs. 387,https://www.myntra.com/face-sunscreen/dot+%26+key/dot--key-cica-calming-niacinamide-spf50-pa-sunscreen---50g/18357412/buy,"https://assets.myntassets.com/dpr_2,q_60,w_210,c_limit,fl_progressive/assets/images/18357412/2025/3/31/6a8065b1-14ad-486e-9696-7dc985eb8a6c1743400601602-DOT--KEY-Cica-Calming-Niacinamide-SPF50-PA-Sunscreen---50g-1-1.jpg"
DOT & KEY Lime Rush SwimSports Sunscreen,Rs. 470,https://www.myntra.com/face-sunscreen/dot+%26+key/dot--key-lime-rush-swim--sports-spf-50-pa-sunscreen---50g/27638314/buy,"https://assets.myntassets.com/dpr_2,q_60,w_210,c_limit,fl_progressive/assets/images/27638314/2025/3/31/0235aaf1-f1c0-490a-b0c8-604bc7debe6e1743400774858-DOT--KEY-Lime-Rush-Swim-Sports-SPF-50-PA-Sunscreen---50g-936-1.jpg"
DOT & KEY Set Of 2 Face Moisturizers,Rs. 952,https://www.myntra.com/skin-care-combo/dot+%26+key/dot--key-night-reset-sleep-treatment-cream--72-hour-hydrating-gel-moisturizer--60ml-each/21272214/buy,"https://assets.myntassets.com/dpr_2,q_60,w_210,c_limit,fl_progressive/assets/images/21272214/2022/12/22/99c6e1fb-78d8-463c-876c-2b00975b07141671688495786-DOT--KEY-Unisex-Face-Moisturisers-7581671688494987-1.jpg"
DOT & KEY Set of Face Wash & Face Serum,Rs. 678,https://www.myntra.com/skin-care-combo/dot+%26+key/dot--key-cica-acne-free-face-wash-100ml--10-niacinamide-spotless-glow-face-serum-30ml/21854720/buy,"https://assets.myntassets.com/dpr_2,q_60,w_210,c_limit,fl_progressive/assets/images/21854720/2023/2/18/727a83cb-7797-401d-bbb9-4974bb1e9d6f1676710492185-DOT--KEY-Cica-Acne-Free-Face-Wash-100ml--10-Niacinamide-Spot-17.jpg"
DOT & KEY Set of Face Wash & Moisturizer,Rs. 515,https://www.myntra.com/skin-care-combo/dot+%26+key/dot--key-cica-everyday-duo---cica-acne-free-face-wash-100ml--oil-free-moisturizer-50g/21854718/buy,"https://assets.myntassets.com/dpr_2,q_60,w_210,c_limit,fl_progressive/assets/images/21854718/2024/11/28/01684ad9-c711-4d66-99ac-4c436d4fc1181732794139623-DOT--KEY-CICA-Everyday-Duo---Cica-Acne-Free-Face-Wash-100ml--1.jpg"
DOT & KEY Set of Face Wash & Sunscreen,Rs. 555,https://www.myntra.com/skin-care-combo/dot+%26+key/dot--key-cica-everyday-duo---cica-acne-free-face-wash-100ml--sunscreen-spf-50-pa-50g/21854716/buy,"https://assets.myntassets.com/dpr_2,q_60,w_210,c_limit,fl_progressive/assets/images/21854716/2023/10/19/630aeef0-9d90-40ef-83c2-ddc42e2ed9dd1697707240805-DOT--KEY-CICA-Everyday-Duo---Cica-Acne-Free-Face-Wash-100ml--12.jpg"
DOT & KEY Vitamin C Face Wash & Serum,Rs. 635,https://www.myntra.com/skin-care-combo/dot+%26+key/dot--key-vitamin-c-everyday-glow-essentials-duo---face-wash--face-serum/21854714/buy,"https://assets.myntassets.com/dpr_2,q_60,w_210,c_limit,fl_progressive/assets/images/21854714/2023/2/18/ba2d8758-e45e-4193-8174-275d753e7fe91676710363004-DOT--KEY-Watermelon-Summer-Essentials-Duo---Face-Wash--Oil-F-7.jpg"
DOT & KEY Set Of Face Wash & Sunscreen,Rs. 592,https://www.myntra.com/skin-care-combo/dot+%26+key/dot--key-set-of-vitamin-c-super-bright-face-wash-80ml--spf-50-pa-sunscreen-50g/21854712/buy,"https://assets.myntassets.com/dpr_2,q_60,w_210,c_limit,fl_progressive/assets/images/21854712/2023/2/6/ef484170-30da-462d-bb97-46a2134b799b1675663004453-DOT--KEY-Unisex-Sunscreen-7941675663003954-1.jpg"
DOT & KEY Set Of Moisturizer & Sunscreen,Rs. 752,https://www.myntra.com/skin-care-combo/dot+%26+key/dot--key-everyday-summer-essentials-vitamin-c-duo---glow-moisturizer--spf50-sunscreen/21272212/buy,"https://assets.myntassets.com/dpr_2,q_60,w_210,c_limit,fl_progressive/assets/images/21272212/2022/12/31/e59262cd-0585-46b0-aab6-eb9742ff2d7d1672473170931-DOT--KEY-Set-Of-Vitamin-C--E-Super-Bright-Moisturizer-60ml---17.jpg"
DOT & KEY Set Of 2 Face Moisturizers,Rs. 792,https://www.myntra.com/skin-care-combo/dot+%26+key/dot--key-hydraglow-duo--72-hr-probiotics-hydrating-moisturizer--vitamin-c-moisturizer/21272210/buy,"https://assets.myntassets.com/dpr_2,q_60,w_210,c_limit,fl_progressive/assets/images/21272210/2022/12/22/22be2321-f05e-413d-99fc-ee3e1d62e57b1671688483036-DOT--KEY-Unisex-Face-Moisturisers-5171671688482448-1.jpg"
DOT & KEY Foam Face Wash & Moisturizer,Rs. 595,https://www.myntra.com/skin-care-combo/dot+%26+key/dot--key-set-of-deep-pore-clean-foam-face-wash-100-ml--watermelon-matte-moisturizer-60ml/21102386/buy,"https://assets.myntassets.com/dpr_2,q_60,w_210,c_limit,fl_progressive/assets/images/21102386/2022/12/7/ca691fc5-5722-470f-a385-6c9bcdd6c6b61670396292928-DOT--KEY-Unisex-Face-Moisturisers-9761670396292422-1.jpg"
DR. SHETHS Ceramide & Vitamin C Sunscreen,Rs. 224,https://www.myntra.com/face-sunscreen/dr.+sheths/dr-sheths-ceramide--vitamin-c-sunscreen-spf-50-pa---30g/29297666/buy,"https://assets.myntassets.com/dpr_2,q_60,w_210,c_limit,fl_progressive/assets/images/29297666/2025/4/12/1c01f871-2609-4cc3-a04c-ce1ddb9766611744432641784-DR-SHETHS-Ceramide--Vitamin-C-Sunscreen-SPF-50-PA---30g-1331-1.jpg"
DR. SHETHS SPF 50+ Sunscreen,Rs. 374,https://www.myntra.com/face-sunscreen/dr.+sheths/dr-sheths-ceramide--vitamin-c-spf-50-sunscreen---50g/23370400/buy,"https://assets.myntassets.com/dpr_2,q_60,w_210,c_limit,fl_progressive/assets/images/23370400/2025/3/1/2e639c5a-a860-4815-8e89-89ce5d2a8b571740826974747-DR-SHETHS-Ceramide--Vitamin-C-SPF-50-Sunscreen---50g-2831740-1.jpg"
DR. SHETHS Kesar & Kojic Acid Sunscreen,Rs. 374,https://www.myntra.com/face-sunscreen/dr.+sheths/-dr-sheths-kesar--kojic-acid-sunscreen-spf-50-pa---50g/26724088/buy,"https://assets.myntassets.com/dpr_2,q_60,w_210,c_limit,fl_progressive/assets/images/26724088/2025/4/12/4a2b0734-feef-4df4-bd5b-c091f0aea7e81744432591458-DR-SHETHS-Kesar--Kojic-Acid-Sunscreen-SPF-50-PA---50g-225174-1.jpg"
DR. SHETHS SPF50 Hydrating Sunscreen,Rs. 374,https://www.myntra.com/face-sunscreen/dr.+sheths/dr-sheths-haldi--hyaluronic-acid-spf50-hydrating-sunscreen---50g/23232882/buy,"https://assets.myntassets.com/dpr_2,q_60,w_210,c_limit,fl_progressive/assets/images/23232882/2025/3/19/85bca076-64e8-49ad-bf43-1c1b29875b3b1742375002477-DR-SHETHS-Haldi--Hyaluronic-Acid-SPF50-Hydrating-Sunscreen---1.jpg"
DR. SHETHS Kesar & Kojic Acid Sunscreen,Rs. 224,https://www.myntra.com/face-sunscreen/dr.+sheths/dr-sheths-kesar--kojic-acid-sunscreen-spf-50-pa---30g/30602669/buy,"https://assets.myntassets.com/dpr_2,q_60,w_210,c_limit,fl_progressive/assets/images/30602669/2025/4/12/371e69d5-4760-4489-88fd-f30620018a581744432666728-DR-SHETHS-Kesar--Kojic-Acid-Sunscreen-SPF-50-PA---30g-348174-1.jpg"
DR. SHETHS Alpha Arbutin Sunscreen-50g,Rs. 374,https://www.myntra.com/face-sunscreen/dr.+sheths/dr-sheths-ashwagandha--alpha-arbutin-sunscreen-spf-50-pa-for-dark-spots---50-g/29297670/buy,"https://assets.myntassets.com/dpr_2,q_60,w_210,c_limit,fl_progressive/assets/images/29297670/2024/5/3/fff1b98c-1bbb-4773-ad82-6c331094fe661714710903810AshwagandhaAlphaarbutinsunscreen50g1.jpg"
DR. SHETHS Glow & Protect Combo,Rs. 636,https://www.myntra.com/skin-care-combo/dr.+sheths/dr-sheths-glow--protect-ceramide--vitamin-c-sunscreen--oil-free-moisturizer-50g-each/30790076/buy,"https://assets.myntassets.com/dpr_2,q_60,w_210,c_limit,fl_progressive/assets/images/2024/AUGUST/31/a7by6OJg_3e93e2c9bb7d4d9c963b6a8e7e941886.jpg"
Lakme Women 9To5 SPF50++++ Sunscreen,Rs. 349,https://www.myntra.com/face-sunscreen/lakme/lakme-women-9-to-5-sun-expert-dry-matte-fluid-spf-50-sunscreen----50ml/32285827/buy,"https://assets.myntassets.com/dpr_2,q_60,w_210,c_limit,fl_progressive/assets/images/32285827/2025/1/10/5cee7b2f-ca58-4618-aa39-9804688ac5a01736502708845-Lakme-Women-Face-Sunscreen-3561736502707713-1.jpg"
DR. SHETHS Ceramide & Vitamin C Sunscreen,Rs. 559,https://www.myntra.com/face-sunscreen/dr.+sheths/dr-sheths-ceramide--vitamin-c-sunscreen-spf-50-pa--80g/23917690/buy,"https://assets.myntassets.com/dpr_2,q_60,w_210,c_limit,fl_progressive/assets/images/23917690/2025/3/1/9e5d17d1-75fc-440f-ac01-2a79aefeabca1740826978980-DR-SHETHS-Ceramide--Vitamin-C-Sunscreen-SPF-50-PA--80g-88917-1.jpg"
DR. SHETHS Ceramide & Vitamin C Sunscreen,Rs. 524,https://www.myntra.com/face-sunscreen/dr.+sheths/-dr-sheths-ceramide--vitamin-c-long-lasting-sunscreen-50g/28534406/buy,"https://assets.myntassets.com/dpr_2,q_60,w_210,c_limit,fl_progressive/assets/images/28534406/2024/11/7/a731c046-849e-47c0-bfba-36212b1b70581730981721027-DR-SHETHS-Ceramide--Vitamin-C-Long-Lasting-Sunscreen-50g-814-1.jpg"
Lakme Sun Expert Tint Hint Sunscreen,Rs. 268,https://www.myntra.com/face-sunscreen/lakme/lakme-tinted-sunscreen-spf-50-pa--with-uvab-protection---100-ml/11730536/buy,"https://assets.myntassets.com/dpr_2,q_60,w_210,c_limit,fl_progressive/assets/images/2025/MARCH/20/7kbHgKXf_6f83c671b8b04eaf91a0d2d5e9c5ddc7.jpg"
DR. SHETHS Ceramide & Vitamin C Sunscreen,Rs. 839,https://www.myntra.com/face-sunscreen/dr.+sheths/dr-sheths-ceramide--vitamin-c-sunscreen-spf-50-pa---125-g/29297668/buy,"https://assets.myntassets.com/dpr_2,q_60,w_210,c_limit,fl_progressive/assets/images/29297668/2025/4/12/f06d8949-bd53-4ccb-9b85-b3b9655551941744432651834-DR-SHETHS-Ceramide--Vitamin-C-Sunscreen-SPF-50-PA---125-g-47-1.jpg"
DR. SHETHS Hyaluronic Acid Sunscreen,Rs. 580,https://www.myntra.com/face-sunscreen/dr.+sheths/dr-sheths-haldi--hyaluronic-acid-sunscreen---80g/23820578/buy,"https://assets.myntassets.com/dpr_2,q_60,w_210,c_limit,fl_progressive/assets/images/23820578/2025/3/19/3cd21109-57e4-4282-9bcb-7a7d4e00baec1742375008876-DR-SHETHS-Haldi--Hyaluronic-Acid-Sunscreen---80g-26117423750-1.jpg"
Lakme Tinted Sunscreen SPF 50 PA +++,Rs. 173,https://www.myntra.com/face-sunscreen/lakme/lakme-tinted-sunscreen-spf-50-pa---with-uvab-protection---50-ml/11730532/buy,"https://assets.myntassets.com/dpr_2,q_60,w_210,c_limit,fl_progressive/assets/images/2025/MARCH/20/lkGvjcZa_973091763ae04ae2a3c3f87cc825a6a3.jpg"
DR. SHETHS Oil & Acne Control Sunscreen,Rs. 524,https://www.myntra.com/face-sunscreen/dr.+sheths/dr-sheths-centella--niacinamide-spf50-sunscreen-for-oil--acne-control---50g/23232880/buy,"https://assets.myntassets.com/dpr_2,q_60,w_210,c_limit,fl_progressive/assets/images/23232880/2024/7/10/092baf8e-d687-45ee-8ddd-fc97f220d0cc1720610293018-DR-SHETHS-Centella--Niacinamide-SPF50-Sunscreen-for-Oil--Acn-5.jpg"
DR. SHETHS Kojic Acid Sunscreen SPF 50+,Rs. 615,https://www.myntra.com/face-sunscreen/dr.+sheths/dr-sheths-kesar--kojic-acid-sunscreen-spf-50-pa-for-pigmentation---80g/28882546/buy,"https://assets.myntassets.com/dpr_2,q_60,w_210,c_limit,fl_progressive/assets/images/28882546/2024/9/10/bd9425a9-2437-408d-aef5-3b342fcc50fe1725968923639-DR-SHETHS-Kesar--Kojic-Acid-Underarm-Roll-On---80g-331725968-1.jpg"
deconstruct Fluid Brightening Sunscreen,Rs. 379,https://www.myntra.com/face-sunscreen/deconstruct/deconstruct-fluid-brightening-sunscreen-50-g/29119924/buy,"https://assets.myntassets.com/dpr_2,q_60,w_210,c_limit,fl_progressive/assets/images/29119924/2024/4/24/228e102f-95b0-4127-b55e-26e9ccb674c71713945960328deconstructFluidBrighteningSunscreen-50gm1.jpg"
DR. SHETHS Haldi Sunscreen SPF50+,Rs. 875,https://www.myntra.com/face-sunscreen/dr.+sheths/dr-sheths-haldi--hyaluronic-acid-spf50-pa-no-white-cast-sunscreen-125g/30602670/buy,"https://assets.myntassets.com/dpr_2,q_60,w_210,c_limit,fl_progressive/assets/images/2024/AUGUST/16/CVTs6x4C_ebd8fb69a17c442985c9fc97260de6a1.jpg"
DR. SHETHS Mineral SPF 50+ Sunscreen-50g,Rs. 524,https://www.myntra.com/face-sunscreen/dr.+sheths/dr-sheths-mineral-spf-50-pa-25-zinc-oxide-2--glycerin-sunscreen---50-g-/23820580/buy,"https://assets.myntassets.com/dpr_2,q_60,w_210,c_limit,fl_progressive/assets/images/23820580/2023/6/30/79c61446-4f42-4867-bab5-cd92cfc20acf1688109092888DrShethsMineralSunscreen-50g1.jpg"
The Derma co. 1% Hyaluronic Sunscreen 80g,Rs. 519,https://www.myntra.com/face-sunscreen/the+derma+co./the-derma-co-1-hyaluronic-sunscreen-spf-50-pa-lightweight-aqua-gel---80g/22210372/buy,"https://assets.myntassets.com/dpr_2,q_60,w_210,c_limit,fl_progressive/assets/images/22210372/2025/2/25/40c181a3-f6d7-4a84-8219-102dbd3a12511740493836396-The-Derma-co-1-Hyaluronic-Sunscreen-SPF-50-PA-Lightweight-Aq-1.jpg"
DR. SHETHS Kesar & Kojic Acid Sunscreen,Rs. 875,https://www.myntra.com/face-sunscreen/dr.+sheths/dr-sheths-kesar--kojic-acid-with-mineral-oils-sunscreen-spf50-pa-125g/30602671/buy,"https://assets.myntassets.com/dpr_2,q_60,w_210,c_limit,fl_progressive/assets/images/30602671/2025/4/12/1865dd22-ba84-47ba-a474-778db4605e2c1744432679116-DR-SHETHS-Kesar--Kojic-Acid-With-Mineral-Oils-Sunscreen-SPF5-1.jpg"
DR. SHETHS Haldi Face Sunscreen - 100 ml,Rs. 580,https://www.myntra.com/face-sunscreen/dr.+sheths/dr-sheths-haldi--hyaluronic-acid-spf50-pa-sunscreen-spray---100-ml/28822892/buy,"https://assets.myntassets.com/dpr_2,q_60,w_210,c_limit,fl_progressive/assets/images/28822892/2024/4/10/3f4ce933-a2fa-4ebd-bb37-a4d40c4fd12d1712735475708HaldiandhyaluronicSunscreenspary100ml1.jpg"
Lakme 9To5 Skin Perfect Sunscreen,Rs. 389,https://www.myntra.com/face-sunscreen/lakme/lakme-sun-expert-spf50-pa-face-primer--sunscreen---50g/26769606/buy,"https://assets.myntassets.com/dpr_2,q_60,w_210,c_limit,fl_progressive/assets/images/26769606/2024/1/9/a1df080f-a495-4bf1-bcdb-39323748d2681704781090386-Lakme-Women-Day-Cream-8511704781089860-1.jpg"
DR. SHETHS 3 Pcs Skin Care Combo,Rs. 908,https://www.myntra.com/skin-care-combo/dr.+sheths/dr-sheths-skin-care-combo-for-oil--acne-control/30886985/buy,"https://assets.myntassets.com/dpr_2,q_60,w_210,c_limit,fl_progressive/assets/images/2024/SEPTEMBER/9/ywFMibKU_f1a5b7dec57b404f9db181a921b92bf4.jpg"
