Title,Price,Product URL,Image URL
Tommy Hilfiger Unisex Square Sunglasses,Rs. 4661,https://www.myntra.com/sunglasses/tommy+hilfiger/tommy-hilfiger-unisex-square-sunglasses-with-uv-protected-lens---th-rhodes-c3-52-s/31283854/buy,"https://assets.myntassets.com/dpr_2,q_60,w_210,c_limit,fl_progressive/assets/images/2025/MARCH/20/M0u20rtj_e2eeb5ce2327466eaa8ea1e6d8933355.jpg"
Tommy Hilfiger Men Square Sunglasses,Rs. 5009,https://www.myntra.com/sunglasses/tommy+hilfiger/tommy-hilfiger-men-square-sunglasses-with-uv-protected-lens-th-troy-c2-58-s/31283847/buy,"https://assets.myntassets.com/dpr_2,q_60,w_210,c_limit,fl_progressive/assets/images/2025/JANUARY/29/Rxp2Z9jY_dfcdc843200542adb6a5053231149b98.jpg"
Tommy Hilfiger Women Cateye Sunglasses,Rs. 4554,https://www.myntra.com/sunglasses/tommy+hilfiger/tommy-hilfiger-women-cateye-sunglasses-with-uv-protected-lens-c2-54-s/31283834/buy,"https://assets.myntassets.com/dpr_2,q_60,w_210,c_limit,fl_progressive/assets/images/2025/JANUARY/16/FRBmHE0g_58a4fb23d8c942579f3fbbb119de97e8.jpg"
Tommy Hilfiger Men Square Sunglasses,Rs. 4661,https://www.myntra.com/sunglasses/tommy+hilfiger/tommy-hilfiger-men-square-sunglasses-with-uv-protected-lens-th-wallace-c1-57-s/31283840/buy,"https://assets.myntassets.com/dpr_2,q_60,w_210,c_limit,fl_progressive/assets/images/2025/JANUARY/29/xHa6LKyT_cb691b81a5c0487a925064aa09df7330.jpg"
Tommy Hilfiger Unisex Square Sunglasses,Rs. 4661,https://www.myntra.com/sunglasses/tommy+hilfiger/tommy-hilfiger-unisex-square-sunglasses-with-uv-protected-lens---th-rhodes-c1-52-s/31283842/buy,"https://assets.myntassets.com/dpr_2,q_60,w_210,c_limit,fl_progressive/assets/images/2025/MARCH/20/up5teTSy_ae7d6351802c4c2aac6462ad5259043a.jpg"
Tommy Hilfiger Men Square Sunglasses,Rs. 4714,https://www.myntra.com/sunglasses/tommy+hilfiger/tommy-hilfiger-men-square-sunglasses-with-uv-protected-lens-th-elvin-c2-57-s/31283832/buy,"https://assets.myntassets.com/dpr_2,q_60,w_210,c_limit,fl_progressive/assets/images/31283832/2025/1/29/60eee309-da62-46a4-bbc3-4731be747d841738139108507-Tommy-Hilfiger-Men-Square-Sunglasses-with-UV-Protected-Lens--1.jpg"
John Jacobs Unisex Wayfarer Sunglasses,Rs. 1740,https://www.myntra.com/sunglasses/john+jacobs/john-jacobs-unisex-wayfarer-sunglasses-with-polarised-and-uv-protected-lens/31149992/buy,"https://assets.myntassets.com/dpr_2,q_60,w_210,c_limit,fl_progressive/assets/images/31149992/2024/11/27/30c519e3-7160-4cf6-bee8-42a033dfe4ae1732705109935-John-Jacobs-Unisex-Wayfarer-Sunglasses-with-Polarised-and-UV-1.jpg"
Tommy Hilfiger Men Aviator Sunglasses,Rs. 5009,https://www.myntra.com/sunglasses/tommy+hilfiger/tommy-hilfiger-men-full-rim-aviator-sunglasses-with-uv-protected-lens-th-miguel-c2-58-s/31417202/buy,"https://assets.myntassets.com/dpr_2,q_60,w_210,c_limit,fl_progressive/assets/images/2024/NOVEMBER/15/lNLvw1bv_7021d405e9ed4fdda3a6b4a9c0b5f8b8.jpg"
Tommy Hilfiger Unisex Square Sunglasses,Rs. 4714,https://www.myntra.com/sunglasses/tommy+hilfiger/tommy-hilfiger-unisex-uv-protected-lens-square-sunglasses---th-valen-c1-50-s/31816791/buy,"https://assets.myntassets.com/dpr_2,q_60,w_210,c_limit,fl_progressive/assets/images/2025/MARCH/20/V2ZLItYO_1901ea5afb504d7ebdc96d5d4c9ae7c7.jpg"
Tommy Hilfiger Men Square Sunglasses,Rs. 4714,https://www.myntra.com/sunglasses/tommy+hilfiger/tommy-hilfiger-men-square-sunglasses-with-uv-protected-lens-th-elvin-c3-57-s/31283845/buy,"https://assets.myntassets.com/dpr_2,q_60,w_210,c_limit,fl_progressive/assets/images/2025/JANUARY/29/6T2lFGcf_a0f36d03c49147c0a57aa9797131b05e.jpg"
John Jacobs Unisex UV Wayfarer Sunglasses,Rs. 1620,https://www.myntra.com/sunglasses/john+jacobs/john-jacobs-unisex-wayfarer-sunglasses-with-polarised-and-uv-protected-lens-220528/31149990/buy,"https://assets.myntassets.com/dpr_2,q_60,w_210,c_limit,fl_progressive/assets/images/2024/SEPTEMBER/27/WjQCTry0_3c162c775c3340ba8de4db563e0ce331.jpg"
Tommy Hilfiger Men Square Sunglasses,Rs. 5009,https://www.myntra.com/sunglasses/tommy+hilfiger/tommy-hilfiger-men-square-sunglasses-with-uv-protected-lens-th-orlando-c3-60-s/31283843/buy,"https://assets.myntassets.com/dpr_2,q_60,w_210,c_limit,fl_progressive/assets/images/2025/JANUARY/29/6LIDJtNd_6d19f76f802d43bf90dd4e4e21ae2e7c.jpg"
Tommy Hilfiger Men Square Sunglasses,Rs. 4661,https://www.myntra.com/sunglasses/tommy+hilfiger/tommy-hilfiger-men-square-sunglasses-with-uv-protected-lens-th-wallace-c2-57-s/31283848/buy,"https://assets.myntassets.com/dpr_2,q_60,w_210,c_limit,fl_progressive/assets/images/2025/JANUARY/29/Hbz7Pdfe_c5ca35aad6544797ab67824bf2010388.jpg"
Tommy Hilfiger Men Square Sunglasses,Rs. 4661,https://www.myntra.com/sunglasses/tommy+hilfiger/tommy-hilfiger-men-square-sunglasses-with-uv-protected-lens-th-wallace-c3-57-s/31283830/buy,"https://assets.myntassets.com/dpr_2,q_60,w_210,c_limit,fl_progressive/assets/images/2025/JANUARY/29/H3IPfDvc_db2130006e7e4e328826ea8b770f697f.jpg"
OPIUM Men Square Sunglasses,Rs. 2792,https://www.myntra.com/sunglasses/opium/opium-men-blue-lens--black-square-sunglasses-with-uv-protected-lens/19522466/buy,"https://assets.myntassets.com/dpr_2,q_60,w_210,c_limit,fl_progressive/assets/images/19522466/2022/8/17/8cedf715-5a8e-41af-a807-21a754ba9a571660681435704OPIUMMenBlueLensBlackSquareSunglasseswithUVProtectedLens1.jpg"
Tommy Hilfiger Unisex Square Sunglasses,Rs. 4661,https://www.myntra.com/sunglasses/tommy+hilfiger/tommy-hilfiger-unisex-square-sunglasses-with-uv-protected-lens---th-rhodes-c2-52-s/31283846/buy,"https://assets.myntassets.com/dpr_2,q_60,w_210,c_limit,fl_progressive/assets/images/2025/MARCH/20/hFqT80Uw_486bef4431d841388e83fd3b17be2dae.jpg"
Tommy Hilfiger Unisex UV Lens Square Sunglass,Rs. 4714,https://www.myntra.com/sunglasses/tommy+hilfiger/tommy-hilfiger-unisex-square-sunglasses-with-uv-protected-lens---th-valen-c4-50-s/31816792/buy,"https://assets.myntassets.com/dpr_2,q_60,w_210,c_limit,fl_progressive/assets/images/31816792/2025/3/19/ad20a95b-58b7-4b06-97f4-32be77727ad71742378603937-TH-VALEN-C4-50-S-6581742378603768-1.jpg"
Tommy Hilfiger Unisex Round Sunglasses,Rs. 5009,https://www.myntra.com/sunglasses/tommy+hilfiger/tommy-hilfiger-unisex-round-sunglasses-with-uv-protected-lens---th-colter-c2-51-s/31283829/buy,"https://assets.myntassets.com/dpr_2,q_60,w_210,c_limit,fl_progressive/assets/images/2025/MARCH/20/SX1n5SQk_53873f64ae2b4e0ab19db178c75182b2.jpg"
Vincent Chase Unisex Wayfarer Sunglasses,Rs. 749,https://www.myntra.com/sunglasses/vincent+chase/vincent-chase-by-lenskart-unisex-green-lens--black-wayfarer-sunglasses-with-polarised-and-uv-protected-lens/19061872/buy,"https://assets.myntassets.com/dpr_2,q_60,w_210,c_limit,fl_progressive/assets/images/19061872/2024/11/20/8f4aa057-d980-48ee-9d82-dee938664e4e1732104798666-Vincent-Chase-by-Lenskart-Unisex-Green-Lens--Black-Wayfarer--1.jpg"
Tommy Hilfiger Men Square Sunglasses,Rs. 5009,https://www.myntra.com/sunglasses/tommy+hilfiger/tommy-hilfiger-men-square-sunglasses-with-uv-protected-lens-th-troy-c4-58-s/31283835/buy,"https://assets.myntassets.com/dpr_2,q_60,w_210,c_limit,fl_progressive/assets/images/2025/JANUARY/29/YFYDc8It_f8aaee31850a41789a63826a5a0d49c2.jpg"
Tommy Hilfiger Unisex Square Sunglasses,Rs. 4714,https://www.myntra.com/sunglasses/tommy+hilfiger/tommy-hilfiger-unisex-square-sunglasses-with-uv-protected-lens---th-valen-c2-50-s/31816793/buy,"https://assets.myntassets.com/dpr_2,q_60,w_210,c_limit,fl_progressive/assets/images/2025/MARCH/20/wTb7PjBI_c2c73e64fc42489eafcd19549eae2840.jpg"
Tommy Hilfiger Men Aviator Sunglasses,Rs. 5009,https://www.myntra.com/sunglasses/tommy+hilfiger/tommy-hilfiger-men-full-rim-aviator-sunglasses-with-uv-protected-lens-th-miguel-c5-58-s/31417200/buy,"https://assets.myntassets.com/dpr_2,q_60,w_210,c_limit,fl_progressive/assets/images/2024/NOVEMBER/15/cdkvdtVB_900b863a28784a50adfa511611928811.jpg"
John Jacobs Unisex Rectangle Sunglasses,Rs. 2099,https://www.myntra.com/sunglasses/john+jacobs/john-jacobs-unisex-rectangle-sunglasses-with-uv-protected-lens-216885/29867755/buy,"https://assets.myntassets.com/dpr_2,q_60,w_210,c_limit,fl_progressive/assets/images/29867755/2024/5/31/2dd1cc54-cc5f-4e69-a06c-5ba12f812ceb1717148997954Sunglasses1.jpg"
Tommy Hilfiger Unisex Round Sunglasses,Rs. 5009,https://www.myntra.com/sunglasses/tommy+hilfiger/tommy-hilfiger-unisex-round-sunglasses-with-uv-protected-lens---th-colter-c4-51-s/31283849/buy,"https://assets.myntassets.com/dpr_2,q_60,w_210,c_limit,fl_progressive/assets/images/2025/MARCH/20/4gVdYQuH_773def6e7ee84840a07c08baaad6fb22.jpg"
Tommy Hilfiger Men Square Sunglasses with UV Protected Lens,Rs. 4714,https://www.myntra.com/sunglasses/tommy+hilfiger/tommy-hilfiger-men-square-sunglasses-with-uv-protected-lens-th-elvin-c1-57-s/31283851/buy,"https://assets.myntassets.com/dpr_2,q_60,w_210,c_limit,fl_progressive/assets/images/31283851/2025/1/8/e5dd9f41-dae5-42f3-9da0-32b7012797bf1736331701182-Tommy-Hilfiger-Men-Square-Sunglasses-with-UV-Protected-Lens--1.jpg"
Tommy Hilfiger Unisex Square Sunglasses,Rs. 4661,https://www.myntra.com/sunglasses/tommy+hilfiger/tommy-hilfiger-unisex-square-sunglasses-with-uv-protected-lens---th-rhodes-c4-52-s/31283836/buy,"https://assets.myntassets.com/dpr_2,q_60,w_210,c_limit,fl_progressive/assets/images/2025/MARCH/20/A8FcXeUt_463ff06c4ea44869b2d1193bb025a119.jpg"
John Jacobs UV Protected Round Sunglasses,Rs. 2299,https://www.myntra.com/sunglasses/john+jacobs/john-jacobs-unisex-round-sunglasses-with-polarised-and-uv-protected-lens-222541/31339453/buy,"https://assets.myntassets.com/dpr_2,q_60,w_210,c_limit,fl_progressive/assets/images/31339453/2024/11/27/38e65b04-8797-4f4b-a9ee-12e6bd0239c91732705240452-John-Jacobs-Unisex-Round-Sunglasses-with-Polarised-and-UV-Pr-1.jpg"
Tommy Hilfiger Men Square Sunglasses,Rs. 5009,https://www.myntra.com/sunglasses/tommy+hilfiger/tommy-hilfiger-men-full-rim-square-sunglasses-with-uv-protected-lens-th-troy-c3-58-s/31283841/buy,"https://assets.myntassets.com/dpr_2,q_60,w_210,c_limit,fl_progressive/assets/images/2024/NOVEMBER/15/Y3XkvFBx_715a4e83fa494a05a15b836de85aa6ec.jpg"
Tommy Hilfiger Men Aviator Sunglasses,Rs. 5009,https://www.myntra.com/sunglasses/tommy+hilfiger/tommy-hilfiger-men-aviator-sunglasses-with-uv-protected-lens-th-miguel-c3-58-s/31417201/buy,"https://assets.myntassets.com/dpr_2,q_60,w_210,c_limit,fl_progressive/assets/images/2024/NOVEMBER/15/fn8UyozU_fdf8310283e541e58a7c3dfa44303fe4.jpg"
John Jacobs Round Sunglasses,Rs. 1799,https://www.myntra.com/sunglasses/john+jacobs/john-jacobs-round-sunglasses-with-polarised-and-uv-protected-lens/26766520/buy,"https://assets.myntassets.com/dpr_2,q_60,w_210,c_limit,fl_progressive/assets/images/26766520/2024/1/3/d3820893-00e9-4d7f-9633-c2213acafb5c1704288434068JohnJacobsUnisexGreyLensBlackRoundSunglasseswithPolarisedand1.jpg"
Tommy Hilfiger Women Oval Sunglasses,Rs. 7192,https://www.myntra.com/sunglasses/tommy+hilfiger/tommy-hilfiger-women-oval-sunglasses-with-polarised-and-uv-protected-lens/31381064/buy,"https://assets.myntassets.com/dpr_2,q_60,w_210,c_limit,fl_progressive/assets/images/2024/OCTOBER/22/S8LlSgU1_9b9fa0d81e05497c904a654f400886ce.jpg"
Shisen Fox Unisex Rectangle Sunglasses,Rs. 6366,https://www.myntra.com/sunglasses/shisen+fox/shisen-fox-gazo-havana-unisex-sunglass-52-/24664230/buy,"https://assets.myntassets.com/dpr_2,q_60,w_210,c_limit,fl_progressive/assets/images/24664230/2024/11/29/b63a7fed-6048-4606-ac63-aef85c204b6d1732860750591-Shisen-Fox-GAZO-HAVANA-Unisex-Sunglass-52-7821732860750179-1.jpg"
Tommy Hilfiger Unisex UV Lens Square Sunglass,Rs. 4714,https://www.myntra.com/sunglasses/tommy+hilfiger/tommy-hilfiger-unisex-square-sunglasses-with-uv-protected-lens---th-valen-c3-50-s/31816790/buy,"https://assets.myntassets.com/dpr_2,q_60,w_210,c_limit,fl_progressive/assets/images/31816790/2025/3/19/41ca90b1-68b6-4932-8627-90fc516886821742378579049-TH-VALEN-C3-50-S-5441742378578913-1.jpg"
ALDO Women Oversized Sunglasses,Rs. 2799,https://www.myntra.com/sunglasses/aldo/aldo-women-oversized-sunglasses-flava970/31152803/buy,"https://assets.myntassets.com/dpr_2,q_60,w_210,c_limit,fl_progressive/assets/images/2024/SEPTEMBER/30/XHXO2Q74_ccfb7efb50c84c84bd73b2fcea4583e4.jpg"
Tommy Hilfiger Unisex UV Lens Square Sunglass,Rs. 4714,https://www.myntra.com/sunglasses/tommy+hilfiger/tommy-hilfiger-unisex-square-sunglasses-with-uv-protected-lens---th-valen-c5-50-s/31816789/buy,"https://assets.myntassets.com/dpr_2,q_60,w_210,c_limit,fl_progressive/assets/images/31816789/2025/3/19/06341a15-a575-4322-8dcf-b2ba94f3dac71742378548969-TH-VALEN-C5-50-S-1201742378548778-1.jpg"
Tommy Hilfiger Women Square UV Sunglasses,Rs. 7192,https://www.myntra.com/sunglasses/tommy+hilfiger/tommy-hilfiger-women-square-sunglasses-with-polarised--uv-lens-th-2618-c4-brhavbr-61/31381042/buy,"https://assets.myntassets.com/dpr_2,q_60,w_210,c_limit,fl_progressive/assets/images/2024/OCTOBER/22/RV9oW22K_283797ad7d0b4591bc920c96b73cf718.jpg"
Tommy Hilfiger Unisex Round Sunglasses,Rs. 5009,https://www.myntra.com/sunglasses/tommy+hilfiger/tommy-hilfiger-unisex--uv-protected-lens-round-sunglasses---th-colter-c3-51-s/31283838/buy,"https://assets.myntassets.com/dpr_2,q_60,w_210,c_limit,fl_progressive/assets/images/2025/MARCH/20/3hTgrrHK_e7d129a8903741c5bdcd99a75d3cbc5a.jpg"
John Jacobs Unisex Cateye Sunglasses,Rs. 1799,https://www.myntra.com/sunglasses/john+jacobs/john-jacobs-unisex-cateye-sunglasses-with-polarised-and-uv-protected-lens/31149993/buy,"https://assets.myntassets.com/dpr_2,q_60,w_210,c_limit,fl_progressive/assets/images/2024/SEPTEMBER/28/s85BR2UE_ddea9487831e40388851e5091b7b6c12.jpg"
John Jacobs Unisex Square Sunglasses,Rs. 1799,https://www.myntra.com/sunglasses/john+jacobs/john-jacobs-unisex-square-sunglasses-with-polarised-and-uv-protected-lens/31241924/buy,"https://assets.myntassets.com/dpr_2,q_60,w_210,c_limit,fl_progressive/assets/images/31241924/2024/11/27/4b4dd2fd-6955-4291-b113-99f620ee7d471732705183172-John-Jacobs-Unisex-Square-Sunglasses-with-Polarised-and-UV-P-1.jpg"
Tommy Hilfiger Men Square Sunglasses,Rs. 5009,https://www.myntra.com/sunglasses/tommy+hilfiger/tommy-hilfiger-men-square-sunglasses-with-uv-protected-lens-c1-60-s/31283853/buy,"https://assets.myntassets.com/dpr_2,q_60,w_210,c_limit,fl_progressive/assets/images/31283853/2025/1/8/aeccc2f8-6cee-4387-a1d3-411ea77b48001736331715624-Tommy-Hilfiger-Men-Square-Sunglasses-with-UV-Protected-Lens--1.jpg"
Tommy Hilfiger Men Square Sunglasses,Rs. 5009,https://www.myntra.com/sunglasses/tommy+hilfiger/tommy-hilfiger-men-square-sunglasses-with-uv-protected-lens-c1-60-s/31283853/buy,"https://assets.myntassets.com/dpr_2,q_60,w_210,c_limit,fl_progressive/assets/images/31283853/2025/1/8/aeccc2f8-6cee-4387-a1d3-411ea77b48001736331715624-Tommy-Hilfiger-Men-Square-Sunglasses-with-UV-Protected-Lens--1.jpg"
Shisen Fox Unisex Aviator Sunglasses,Rs. 5091,https://www.myntra.com/sunglasses/shisen+fox/shisen-fox-kaizen-matte-black-unisex-sunglass-55/26007578/buy,"https://assets.myntassets.com/dpr_2,q_60,w_210,c_limit,fl_progressive/assets/images/26007578/2024/11/29/73a146ef-cf0e-4272-be14-dca6b7ff4d7a1732863079033-Shisen-Fox-KAIZEN-MATTE-BLACK-Unisex-Sunglass-55-54117328630-1.jpg"
Tommy Hilfiger Women Square Sunglasses,Rs. 7192,https://www.myntra.com/sunglasses/tommy+hilfiger/tommy-hilfiger-women-sunglasses-with-polarised-and-uv-protected-lens-th-2610-c3-havgdgr-52/31381072/buy,"https://assets.myntassets.com/dpr_2,q_60,w_210,c_limit,fl_progressive/assets/images/2024/OCTOBER/22/TCIY4PhC_f5f9a8e68816447d8a468a6dd463c59e.jpg"
John Jacobs Women Cateye Sunglasses,Rs. 1799,https://www.myntra.com/sunglasses/john+jacobs/john-jacobs-women-cateye-sunglasses-with-polarised-and-uv-protected-lens/31149987/buy,"https://assets.myntassets.com/dpr_2,q_60,w_210,c_limit,fl_progressive/assets/images/2024/SEPTEMBER/28/AnBPdUDF_f43737145f464dcca8ae20dd995e069e.jpg"
Tommy Hilfiger Unisex Aviator Sunglasses with UV Protected Lens,Rs. 5391,https://www.myntra.com/sunglasses/tommy+hilfiger/tommy-hilfiger-unisex-aviator-sunglasses-with-uv-protected-lens/31797480/buy,"https://assets.myntassets.com/dpr_2,q_60,w_210,c_limit,fl_progressive/assets/images/2024/NOVEMBER/30/g4CaV9Se_16d3f65da9a744ff9665e89d3993a5e6.jpg"
Tommy Hilfiger Men Aviator Sunglasses,Rs. 5382,https://www.myntra.com/sunglasses/tommy+hilfiger/tommy-hilfiger-men-aviator-sunglasses-with-uv-protected-lens-th-2582-c2-gdhavbr-34-60-s-/26036026/buy,"https://assets.myntassets.com/dpr_2,q_60,w_210,c_limit,fl_progressive/assets/images/26036026/2023/11/24/50b1b210-fbba-499e-b4b0-310f334990e61700834706258TommyHilfigerAviatorSunglassesTH2582C2Gdhavbr3460S1.jpg"
John Jacobs Full Rim Aviator Sunglasses,Rs. 1799,https://www.myntra.com/sunglasses/john+jacobs/john-jacobs-full-rim-aviator-sunglasses-with-polarised-and-uv-protected-lens-135067/22458328/buy,"https://assets.myntassets.com/dpr_2,q_60,w_210,c_limit,fl_progressive/assets/images/22458328/2024/8/26/253369c6-dff2-4f0a-a7ab-8fdb692ca9601724650249713-John-Jacobs-Full-Rim-Aviator-Sunglasses-with-Polarised-and-U-1.jpg"
IDEE Women Cateye Sunglasses,Rs. 1820,https://www.myntra.com/sunglasses/idee/idee-women-cateye-sunglasses-with-uv-protected-lens/26681976/buy,"https://assets.myntassets.com/dpr_2,q_60,w_210,c_limit,fl_progressive/assets/images/26681976/2023/12/27/77d7c31d-4f03-465e-9de0-3df4ddb8f46e1703670083886Sunglasses1.jpg"
Tommy Hilfiger Women Square Sunglasses,Rs. 7641,https://www.myntra.com/sunglasses/tommy+hilfiger/tommy-hilfiger-women-square-sunglasses-with-uv-protected-lens-th-2619-c3-blkgdgn-63-s/31381060/buy,"https://assets.myntassets.com/dpr_2,q_60,w_210,c_limit,fl_progressive/assets/images/2024/OCTOBER/22/YzpLRJkd_474d42023ac6475fbd772788dc468e6c.jpg"
Tommy Hilfiger Men Square Sunglasses,Rs. 5009,https://www.myntra.com/sunglasses/tommy+hilfiger/tommy-hilfiger-men-full-rim-square-sunglasses-with-uv-protected-lens-th-orlando-c2-60-s/31283850/buy,"https://assets.myntassets.com/dpr_2,q_60,w_210,c_limit,fl_progressive/assets/images/2024/NOVEMBER/15/CV6ZoURT_15ff1c4b0dbe49f3b6164774f9f86c10.jpg"
John Jacobs Unisex Wayfarer Sunglasses,Rs. 1999,https://www.myntra.com/sunglasses/john+jacobs/john-jacobs-unisex-wayfarer-sunglasses-with-polarised-and-uv-protected-lens-215342/29589752/buy,"https://assets.myntassets.com/dpr_2,q_60,w_210,c_limit,fl_progressive/assets/images/29589752/2024/5/16/f0ae0b7c-f1d6-4635-8d56-5614266ae6411715855793816JohnJacobsUnisexSunglassJohnJacobs1.jpg"
Tommy Hilfiger Men Square Sunglasses,Rs. 5009,https://www.myntra.com/sunglasses/tommy+hilfiger/tommy-hilfiger-men-square-sunglasses-with-uv-protected-lens-th-orlando-c4-60-s/31283833/buy,"https://assets.myntassets.com/dpr_2,q_60,w_210,c_limit,fl_progressive/assets/images/2025/JANUARY/29/b1mShBQZ_64e08e63fa86470abb57719400d3907e.jpg"
Roadster Unisex Wayfarer Sunglass,Rs. 359,https://www.myntra.com/sunglasses/roadster/the-roadster-lifestyle-co-unisex-black-uv-protected-wayfarer-sunglasses/29366380/buy,"https://assets.myntassets.com/dpr_2,q_60,w_210,c_limit,fl_progressive/assets/images/29366380/2024/5/5/aab10cce-00f6-424a-85af-dd9a913ed4f81714853932121Sunglasses1.jpg"
Tommy Hilfiger Men Square Sunglasses,Rs. 6922,https://www.myntra.com/sunglasses/tommy+hilfiger/tommy-hilfiger-men-square-sunglasses-with-uv-protected-lens---th-2573-c1-bkgungr-35-61-s/24192122/buy,"https://assets.myntassets.com/dpr_2,q_60,w_210,c_limit,fl_progressive/assets/images/24192122/2023/7/25/aa058ff4-69fd-452b-a34f-c467f7ac53251690290911959TommyHilfigerMenSquareSunglasses2573C1Bkgungr-3561S1.jpg"
Tommy Hilfiger Unisex Round Sunglasses,Rs. 5009,https://www.myntra.com/sunglasses/tommy+hilfiger/tommy-hilfiger-unisex-round-sunglasses-with-uv-protected-lens---th-colter-c1-51-s/31283831/buy,"https://assets.myntassets.com/dpr_2,q_60,w_210,c_limit,fl_progressive/assets/images/2025/MARCH/20/8nxf2hOb_d918cc036d7b4c86a587a2cc9277c0e0.jpg"
Vincent Chase Unisex Wayfarer Sunglasses with UV Protected Lens,Rs. 699,https://www.myntra.com/sunglasses/vincent+chase/vincent-chase-by-lenskart-unisex-green-lens--black-wayfarer-sunglasses-with-uv-protected-lens/19062364/buy,"https://assets.myntassets.com/dpr_2,q_60,w_210,c_limit,fl_progressive/assets/images/19062364/2024/11/20/0b0bf400-1f2c-4b53-b0db-ab3d6cf6401f1732105418032-Vincent-Chase-by-Lenskart-Unisex-Green-Lens--Black-Wayfarer--1.jpg"
Tommy Hilfiger Men Square Sunglasses,Rs. 5009,https://www.myntra.com/sunglasses/tommy+hilfiger/tommy-hilfiger-men-square-sunglasses-with-uv-protected-lens-th-troy-c1-58-s/31283852/buy,"https://assets.myntassets.com/dpr_2,q_60,w_210,c_limit,fl_progressive/assets/images/2025/JANUARY/29/8ydUT5hj_0780323407f8490ca62b0609cc4e8d3a.jpg"
John Jacobs Women Cateye Sunglasses,Rs. 2299,https://www.myntra.com/sunglasses/john+jacobs/john-jacobs-women-cateye-sunglasses-with-polarised-and-uv-protected-lens-222526/31339448/buy,"https://assets.myntassets.com/dpr_2,q_60,w_210,c_limit,fl_progressive/assets/images/2024/OCTOBER/17/pRMSO8l8_8f66f9eef6464e02a7eb3123e646a976.jpg"
IDEE Men Round Sunglasses with UV Protected Lens,Rs. 1820,https://www.myntra.com/sunglasses/idee/idee-men-round-sunglasses-with-uv-protected-lens/32860617/buy,"https://assets.myntassets.com/dpr_2,q_60,w_210,c_limit,fl_progressive/assets/images/2025/FEBRUARY/22/vw2ZZncC_6c001a121fa640beb0e8d463e8cef365.jpg"
Shisen Fox Unisex Aviator Sunglasses,Rs. 6366,https://www.myntra.com/sunglasses/shisen+fox/shisen-fox-fuji-unisex-aviator-sunglasses-sg129-gold/28144244/buy,"https://assets.myntassets.com/dpr_2,q_60,w_210,c_limit,fl_progressive/assets/images/28144244/2024/11/29/6e9e16b4-ca0d-4a78-81d2-eff2881b97f31732862042313-Shisen-Fox-FUJI-Unisex-Aviator-Sunglasses-SG129-Gold-1441732-1.jpg"
Tommy Hilfiger Women Square Sunglasses,Rs. 7641,https://www.myntra.com/sunglasses/tommy+hilfiger/tommy-hilfiger-women-square-sunglasses-with-polarised-and-uv-protected-lens/31381054/buy,"https://assets.myntassets.com/dpr_2,q_60,w_210,c_limit,fl_progressive/assets/images/2024/OCTOBER/22/HsDiNx0r_6704a683e7dd4988aad70749eebfc053.jpg"
John Jacobs Unisex Sunglasses Polarised,Rs. 1799,https://www.myntra.com/sunglasses/john+jacobs/john-jacobs-unisex-rectangle-sunglasses-with-polarised-and-uv-protected-lens-220527-black/31149994/buy,"https://assets.myntassets.com/dpr_2,q_60,w_210,c_limit,fl_progressive/assets/images/31149994/2024/11/27/00c15758-70cc-475d-90f5-cf0e6441cd8e1732705115568-John-Jacobs-Unisex-Rectangle-Sunglasses-with-Polarised-and-U-1.jpg"
John Jacobs Unisex UV Square Sunglasses,Rs. 1799,https://www.myntra.com/sunglasses/john+jacobs/john-jacobs-unisex-square-sunglasses-with-polarised-and-uv-protected-lens-220518/31150015/buy,"https://assets.myntassets.com/dpr_2,q_60,w_210,c_limit,fl_progressive/assets/images/31150015/2024/11/27/830bfb60-20d5-4db1-abd9-d68f4a28b0181732705145629-John-Jacobs-Unisex-Square-Sunglasses-with-Polarised-and-UV-P-1.jpg"
John Jacobs Unisex Round Sunglasses,Rs. 1799,https://www.myntra.com/sunglasses/john+jacobs/john-jacobs-unisex-round-sunglasses-with-polarised-and-uv-protected-lens-220514-grey/31150009/buy,"https://assets.myntassets.com/dpr_2,q_60,w_210,c_limit,fl_progressive/assets/images/2024/SEPTEMBER/27/4JfUNuTR_2901929a055d4cffaa2d6582f5c4bc86.jpg"
IDEE Men Aviator Sunglasses with UV Protected Lens,Rs. 1820,https://www.myntra.com/sunglasses/idee/idee-men-aviator-sunglasses-with-uv-protected-lens/32860612/buy,"https://assets.myntassets.com/dpr_2,q_60,w_210,c_limit,fl_progressive/assets/images/2025/FEBRUARY/21/N5WGYATL_5fe937e87bb04fbca46f3ea309ab2b91.jpg"
Tommy Hilfiger Men Aviator Sunglasses,Rs. 6472,https://www.myntra.com/sunglasses/tommy+hilfiger/tommy-hilfiger-men-aviator-sunglasses-with-uv-protected-lens--th-9081-gunbkgr-35-c2-59-s/28893378/buy,"https://assets.myntassets.com/dpr_2,q_60,w_210,c_limit,fl_progressive/assets/images/28893378/2024/6/5/b4c76e6b-aa9b-4e12-8087-3bbf70a40c601717581752768-Tommy-Hilfiger-Men-Aviator-Sunglasses-with-UV-Protected-Lens-1.jpg"
Tommy Hilfiger Unisex Square Sunglasses,Rs. 6392,https://www.myntra.com/sunglasses/tommy+hilfiger/tommy-hilfiger-unisex-square-sunglasses-with-uv-protected-lens-th-9730-c5-59/30429601/buy,"https://assets.myntassets.com/dpr_2,q_60,w_210,c_limit,fl_progressive/assets/images/2024/JULY/31/Zte6w4cd_4484c5dcb8bd4acca7bc804faccbfec7.jpg"
John Jacobs Unisex Rectangle Sunglasses,Rs. 1799,https://www.myntra.com/sunglasses/john+jacobs/john-jacobs-unisex-rectangle-sunglasses-with-polarised-and-uv-protected-lens/31149988/buy,"https://assets.myntassets.com/dpr_2,q_60,w_210,c_limit,fl_progressive/assets/images/31149988/2024/11/27/c7114e0c-023a-4efc-9eb7-0b05fa05dc901732704995770-John-Jacobs-Unisex-Rectangle-Sunglasses-with-Polarised-and-U-1.jpg"
Tommy Hilfiger Aviator Sunglasses With UV,Rs. 5941,https://www.myntra.com/sunglasses/tommy+hilfiger/tommy-hilfiger-men-aviator-sunglasses-with-uv-protected-lens-9719-c3-blk-gun-60-s/24125698/buy,"https://assets.myntassets.com/dpr_2,q_60,w_210,c_limit,fl_progressive/assets/images/24125698/2023/7/22/86478a06-2a03-4f52-afd6-4a8641faf8e61690006876599TommyHilfigerUnisexMenSunglassesTH9719C3BlkGun60S1.jpg"
Tommy Hilfiger Men Aviator Sunglasses,Rs. 5592,https://www.myntra.com/sunglasses/tommy+hilfiger/tommy-hilfiger-men-aviator-sunglasses-with-uv-protected-lens-th-2582-c5-gunnavbl-33-60-s/26036032/buy,"https://assets.myntassets.com/dpr_2,q_60,w_210,c_limit,fl_progressive/assets/images/26036032/2023/11/24/be32fb90-0795-46f9-bed0-1175f28237e31700833476204TommyHilfigerAviatorSunglassesTH2582C5Gunnavbl3360S1.jpg"
John Jacobs Unisex Wayfarer Sunglasses,Rs. 1799,https://www.myntra.com/sunglasses/john+jacobs/john-jacobs-unisex-wayfarer-sunglasses-with-polarised-and-uv-protected-lens-220515-brown/31149991/buy,"https://assets.myntassets.com/dpr_2,q_60,w_210,c_limit,fl_progressive/assets/images/31149991/2024/11/27/f8a8dcd2-cbbd-49e6-a0b6-dd1bbbd833f81732705105880-John-Jacobs-Unisex-Wayfarer-Sunglasses-with-Polarised-and-UV-1.jpg"
Tommy Hilfiger Men Rectangle Sunglasses,Rs. 5033,https://www.myntra.com/sunglasses/tommy+hilfiger/tommy-hilfiger-men-brown-lens-rectangle-sunglasses-with-uv-protected-lens-th-neil-c2-58-s/18063212/buy,"https://assets.myntassets.com/dpr_2,q_60,w_210,c_limit,fl_progressive/assets/images/18063212/2022/4/27/365f63d5-9de4-450d-9eb6-087a4638428f1651082068225TommyHilfigerBrownRectangleSunglassesTHNeilC258S1.jpg"
Tommy Hilfiger Men Aviator Sunglasses with UV Protected Lens,Rs. 6392,https://www.myntra.com/sunglasses/tommy+hilfiger/tommy-hilfiger-men-aviator-sunglasses-with-uv-protected-lens/32843803/buy,"https://assets.myntassets.com/dpr_2,q_60,w_210,c_limit,fl_progressive/assets/images/2025/FEBRUARY/21/0wNeKDKe_72b2e43b253b43c0bd808bc57525f20e.jpg"
John Jacobs Unisex Round Sunglasses,Rs. 2299,https://www.myntra.com/sunglasses/john+jacobs/john-jacobs-unisex-round-sunglasses-with-polarised-and-uv-protected-lens-222542/31339444/buy,"https://assets.myntassets.com/dpr_2,q_60,w_210,c_limit,fl_progressive/assets/images/31339444/2024/11/27/e9e94fed-be50-4227-b709-3bf53e7a31a91732705212625-John-Jacobs-Unisex-Round-Sunglasses-with-Polarised-and-UV-Pr-1.jpg"
Tommy Hilfiger Men Other Sunglasses with UV Protected Lens,Rs. 6392,https://www.myntra.com/sunglasses/tommy+hilfiger/tommy-hilfiger-men-other-sunglasses-with-uv-protected-lens/32843802/buy,"https://assets.myntassets.com/dpr_2,q_60,w_210,c_limit,fl_progressive/assets/images/2025/FEBRUARY/21/L6TBarT9_6de9ae21f3124324ad65dc21ea03c44a.jpg"
Tommy Hilfiger Women Square Sunglasses with UV Protected Lens,Rs. 6392,https://www.myntra.com/sunglasses/tommy+hilfiger/tommy-hilfiger-women-square-sunglasses-with-uv-protected-lens/32843799/buy,"https://assets.myntassets.com/dpr_2,q_60,w_210,c_limit,fl_progressive/assets/images/2025/FEBRUARY/21/1X0wQ0yt_02debcda5dd84df5b6cf14212fea682e.jpg"
Tommy Hilfiger Men Round Sunglasses with UV Protected Lens,Rs. 6392,https://www.myntra.com/sunglasses/tommy+hilfiger/tommy-hilfiger-men-round-sunglasses-with-uv-protected-lens/32843798/buy,"https://assets.myntassets.com/dpr_2,q_60,w_210,c_limit,fl_progressive/assets/images/2025/FEBRUARY/22/bcczqpbI_26efab18807c45cfaa3acb911032ddd4.jpg"
John Jacobs Unisex Cateye Sunglasses,Rs. 1799,https://www.myntra.com/sunglasses/john+jacobs/john-jacobs-unisex-cateye-sunglasses-with-polarised-and-uv-protected-lens-220520-green/31150012/buy,"https://assets.myntassets.com/dpr_2,q_60,w_210,c_limit,fl_progressive/assets/images/2024/SEPTEMBER/28/k90VDwsS_88460cc6c337478789f0a8c11bd6960f.jpg"
Tommy Hilfiger Men Round Sunglasses with UV Protected Lens,Rs. 6392,https://www.myntra.com/sunglasses/tommy+hilfiger/tommy-hilfiger-men-round-sunglasses-with-uv-protected-lens/32843797/buy,"https://assets.myntassets.com/dpr_2,q_60,w_210,c_limit,fl_progressive/assets/images/2025/FEBRUARY/21/Xugdu5mG_87a021d3897042bf8d9d89d57d9cbbcb.jpg"
Tommy Hilfiger Men Oval Sunglasses with UV Protected Lens,Rs. 6392,https://www.myntra.com/sunglasses/tommy+hilfiger/tommy-hilfiger-men-oval-sunglasses-with-uv-protected-lens/32843796/buy,"https://assets.myntassets.com/dpr_2,q_60,w_210,c_limit,fl_progressive/assets/images/2025/FEBRUARY/18/2F25FbP9_fb0168f47bdf43bc9be21ac1c2d0ea17.jpg"
John Jacobs UV Protected Sunglasses,Rs. 1799,https://www.myntra.com/sunglasses/john+jacobs/john-jacobs-unisex-square-sunglasses-with-polarised-and-uv-protected-lens-222551/31241923/buy,"https://assets.myntassets.com/dpr_2,q_60,w_210,c_limit,fl_progressive/assets/images/31241923/2024/11/27/f077da5f-1275-4a73-b0f3-801413ee996d1732705177243-John-Jacobs-Unisex-Square-Sunglasses-with-Polarised-and-UV-P-1.jpg"
The Tinted Story Unisex Wayfarer Sunglasses,Rs. 1859,https://www.myntra.com/sunglasses/the+tinted+story/the-tinted-story-unisex-wayfarer-sunglasses-with-uv-protected-lens-tts559-gr-grey/28737000/buy,"https://assets.myntassets.com/dpr_2,q_60,w_210,c_limit,fl_progressive/assets/images/28737000/2024/4/6/fa72d879-67e9-4238-bd5e-9af5765b26091712395723163TheTintedStoryFullRimStylishSunglassesMenWomenRegularElfinSu1.jpg"
John Jacobs UV Hexagonal Sunglasses,Rs. 2299,https://www.myntra.com/sunglasses/john+jacobs/john-jacobs-unisex-hexagonal-sunglasses-with-polarised-and-uv-protected-lens-222548/31339454/buy,"https://assets.myntassets.com/dpr_2,q_60,w_210,c_limit,fl_progressive/assets/images/2024/OCTOBER/17/BDm77c33_4aa30792e1ef45fa8d931f63410efd0f.jpg"
John Jacobs Women UV Oval Sunglasses,Rs. 2299,https://www.myntra.com/sunglasses/john+jacobs/john-jacobs-women-oval-sunglasses-with-polarised-and-uv-protected-lens-222527/31339441/buy,"https://assets.myntassets.com/dpr_2,q_60,w_210,c_limit,fl_progressive/assets/images/2024/OCTOBER/17/GREzY97o_5c65646840d74953896425c88066ff6c.jpg"
John Jacobs UV Protected Lens,Rs. 1799,https://www.myntra.com/sunglasses/john+jacobs/john-jacobs-unisex-rectangle-sunglasses-with-uv-protected-lens/30635329/buy,"https://assets.myntassets.com/dpr_2,q_60,w_210,c_limit,fl_progressive/assets/images/2024/AUGUST/20/7xCJP1aF_c3ee715c24b94fc785164b82838dcd56.jpg"
John Jacobs Unisex Round Sunglasses with UV Protected Lens,Rs. 1699,https://www.myntra.com/sunglasses/john+jacobs/john-jacobs-unisex-brown-lens--silver-toned-round-sunglasses-with-uv-protected-lens/18729600/buy,"https://assets.myntassets.com/dpr_2,q_60,w_210,c_limit,fl_progressive/assets/images/18729600/2022/6/14/14ed5f3a-c6bd-4ef2-a995-b72c9a6ddb8c1655203151824JohnJacobsUnisexBrownLensSilver-TonedRoundSunglasseswithUVPr1.jpg"
John Jacobs Unisex Aviator Sunglasses,Rs. 2299,https://www.myntra.com/sunglasses/john+jacobs/john-jacobs-unisex-aviator-sunglasses-with-polarised-and-uv-protected-lens-222543/31339440/buy,"https://assets.myntassets.com/dpr_2,q_60,w_210,c_limit,fl_progressive/assets/images/31339440/2024/11/27/505fb826-b4b5-47c2-b2f2-f9dc007b3c9a1732705198549-John-Jacobs-Unisex-Aviator-Sunglasses-with-Polarised-and-UV--1.jpg"
John Jacobs Unisex Rectangle Sunglasses,Rs. 1999,https://www.myntra.com/sunglasses/john+jacobs/john-jacobs-unisex-rectangle-sunglasses-with-polarised-and-uv-protected-lens-215345/29589746/buy,"https://assets.myntassets.com/dpr_2,q_60,w_210,c_limit,fl_progressive/assets/images/29589746/2024/5/16/bff594b3-6374-409e-874d-9b5031b231f51715855688935JohnJacobsUnisexSunglassJohnJacobs1.jpg"
IDEE Women Cateye Sunglasses with UV Protected Lens,Rs. 1820,https://www.myntra.com/sunglasses/idee/idee-women-cateye-sunglasses-with-uv-protected-lens/32860609/buy,"https://assets.myntassets.com/dpr_2,q_60,w_210,c_limit,fl_progressive/assets/images/2025/FEBRUARY/22/nNMIFikW_4fb62f8d248a4137ad4730a17550cbd0.jpg"
Shisen Fox Unisex Square Sunglasses,Rs. 6791,https://www.myntra.com/sunglasses/shisen+fox/shisen-fox-taiyo-blackcrystal--polarized-unisex-sunglass-50/26158126/buy,"https://assets.myntassets.com/dpr_2,q_60,w_210,c_limit,fl_progressive/assets/images/26158126/2024/11/29/5cf3047f-353d-483c-bdd9-2827bee623111732864202910-Shisen-Fox-TAIYO-BLACKCRYSTAL--POLARIZED-Unisex-Sunglass-50--1.jpg"
Tommy Hilfiger Men Aviator Sunglasses with Polarised Lens,Rs. 6392,https://www.myntra.com/sunglasses/tommy+hilfiger/tommy-hilfiger-men-aviator-sunglasses-with-polarised-lens/31797478/buy,"https://assets.myntassets.com/dpr_2,q_60,w_210,c_limit,fl_progressive/assets/images/2024/NOVEMBER/30/BGvPrHlr_6904b221ea4542e398818f07d8d673b1.jpg"
Tommy Hilfiger Women Round Sunglasses,Rs. 6392,https://www.myntra.com/sunglasses/tommy+hilfiger/tommy-hilfiger-women-round-sunglasses-with-polarised-and-uv-protected-lens/31381071/buy,"https://assets.myntassets.com/dpr_2,q_60,w_210,c_limit,fl_progressive/assets/images/2024/OCTOBER/22/AEKtZqvS_d175f5c16acd487aa465155a204b4227.jpg"
The Tinted Story Unisex Rectangle Sunglasses,Rs. 1399,https://www.myntra.com/sunglasses/the+tinted+story/the-tinted-story-unisex-rectangle-sunglasses-with-uv-protected-lens-tts128-blar/29026050/buy,"https://assets.myntassets.com/dpr_2,q_60,w_210,c_limit,fl_progressive/assets/images/29026050/2024/4/17/a1900eae-fab7-4157-bba7-d4c3fe3c7f911713360570025Sunglasses1.jpg"
Tommy Hilfiger Women Cateye Sunglasses,Rs. 7192,https://www.myntra.com/sunglasses/tommy+hilfiger/tommy-hilfiger-women-cateye-sunglasses-with-polarised-and-uv-protected-lens/31381068/buy,"https://assets.myntassets.com/dpr_2,q_60,w_210,c_limit,fl_progressive/assets/images/2024/OCTOBER/22/Pp8Xa2C0_36e75628c33447179425ed890a8e0d4d.jpg"
Tommy Hilfiger Women Square UV Sunglasses,Rs. 7192,https://www.myntra.com/sunglasses/tommy+hilfiger/tommy-hilfiger-women-square-polarised-uv-protected-sunglass-th-2616-c4-grgunbr-58-s-brown/31381067/buy,"https://assets.myntassets.com/dpr_2,q_60,w_210,c_limit,fl_progressive/assets/images/2024/OCTOBER/22/Qus5krI1_72c3ffa1c53645ec8662df89d78e6ae3.jpg"
Tommy Hilfiger Women Cateye Sunglasses,Rs. 7641,https://www.myntra.com/sunglasses/tommy+hilfiger/tommy-hilfiger-women-cateye-sunglasses-with-uv-protected-lens-th-2620-c6-vilsibl-53-s/31381066/buy,"https://assets.myntassets.com/dpr_2,q_60,w_210,c_limit,fl_progressive/assets/images/2024/OCTOBER/22/THCwnCV7_2af9906f82d24b999d2dc2831aa0c220.jpg"
John Jacobs Unisex Browline Sunglasses,Rs. 2099,https://www.myntra.com/sunglasses/john+jacobs/john-jacobs-unisex-browline-sunglasses-with-uv-protected-lens-216889/29867731/buy,"https://assets.myntassets.com/dpr_2,q_60,w_210,c_limit,fl_progressive/assets/images/29867731/2024/5/31/72b5448b-431e-462a-842e-6b8c4ec3a6601717149081730Sunglasses1.jpg"
Tommy Hilfiger Women Square UV Sunglasses,Rs. 7192,https://www.myntra.com/sunglasses/tommy+hilfiger/tommy-hilfiger-women-square-polarised-uv-protected-sunglasses-th-2621-c5-pursibl-53-s-blue/31381065/buy,"https://assets.myntassets.com/dpr_2,q_60,w_210,c_limit,fl_progressive/assets/images/2024/OCTOBER/22/Wod1Xfmi_e7a2d32810b945f590a81b0674371937.jpg"
Tommy Hilfiger Women Square UV Sunglasses,Rs. 6791,https://www.myntra.com/sunglasses/tommy+hilfiger/tommy-hilfiger-women-square-polarised-uv-protected-sunglasses-th-2607-c5-siblbl-55-s-blue/31381062/buy,"https://assets.myntassets.com/dpr_2,q_60,w_210,c_limit,fl_progressive/assets/images/2024/OCTOBER/22/VgbzfzRA_9cb33eef892041f1953e9e214690589b.jpg"
Tommy Hilfiger Women Square Sunglasses,Rs. 6392,https://www.myntra.com/sunglasses/tommy+hilfiger/tommy-hilfiger-women-square-sunglasses-with-uv-protected-lens-th-2624-c3-demisigr-61-s/31381057/buy,"https://assets.myntassets.com/dpr_2,q_60,w_210,c_limit,fl_progressive/assets/images/2024/OCTOBER/22/OqTAIRX0_60b970cd17f74388bc388135c26a7f75.jpg"
John Jacobs Unisex Wayfarer Sunglasses,Rs. 1799,https://www.myntra.com/sunglasses/john+jacobs/john-jacobs-unisex-wayfarer-sunglasses-with-polarised-and-uv-protected-lens-220523-grey/31149997/buy,"https://assets.myntassets.com/dpr_2,q_60,w_210,c_limit,fl_progressive/assets/images/31149997/2024/11/27/9d598659-79c0-4324-87bf-04746c825f071732705127147-John-Jacobs-Unisex-Wayfarer-Sunglasses-with-Polarised-and-UV-1.jpg"
Tommy Hilfiger Women Cateye Sunglasses,Rs. 7641,https://www.myntra.com/sunglasses/tommy+hilfiger/tommy-hilfiger-women-cateye-sunglasses-with-uv-protected-lens-th-2620-c5-orkgdgr-53-s/31381056/buy,"https://assets.myntassets.com/dpr_2,q_60,w_210,c_limit,fl_progressive/assets/images/2024/OCTOBER/22/KcQl7yBF_90dfa24a1bf64239a9d2a2acc49ffc6b.jpg"
Tommy Hilfiger Women UV Square Sunglasses,Rs. 7192,https://www.myntra.com/sunglasses/tommy+hilfiger/tommy-hilfiger-women-square-sunglasses-with-uv-protected-lens-th-2621-c3-wingdgr-53-s/31381055/buy,"https://assets.myntassets.com/dpr_2,q_60,w_210,c_limit,fl_progressive/assets/images/2024/OCTOBER/22/SdX06fOD_9717540b4e9f49f29af8590966c17e1e.jpg"
Tommy Hilfiger Women UV Protected Sunglasses,Rs. 6791,https://www.myntra.com/sunglasses/tommy+hilfiger/tommy-hilfiger-women-sunglasses-polarised-and-uv-protected-lens-th-2603-c2-gungrgn-19-58/31381049/buy,"https://assets.myntassets.com/dpr_2,q_60,w_210,c_limit,fl_progressive/assets/images/2024/OCTOBER/22/gxS86iUe_13b432bd0c9a4e85bb0f1a50b091fb1f.jpg"
Fastrack Men Aviator Sunglasses,Rs. 1440,https://www.myntra.com/sunglasses/fastrack/fastrack-men-uv-protected-lens-aviator-sunglasses---m242bk2tv/30439223/buy,"https://assets.myntassets.com/dpr_2,q_60,w_210,c_limit,fl_progressive/assets/images/2024/AUGUST/8/Ozz8WtsO_077217d0aaf24bd59daaf2a4058dc4fa.jpg"
Fastrack Men Aviator Sunglasses,Rs. 1440,https://www.myntra.com/sunglasses/fastrack/fastrack-men-aviator-sunglasses-with-uv-protected-lens-m242gr4tv/30439283/buy,"https://assets.myntassets.com/dpr_2,q_60,w_210,c_limit,fl_progressive/assets/images/2024/AUGUST/8/LXKC45QG_a00b52e7f75e4c34a3410c6c0900781c.jpg"
Fastrack Men Square Sunglasses,Rs. 809,https://www.myntra.com/sunglasses/fastrack/fastrack-men-square-sunglasses-with-uv-protected-lens-p449bk3tv/30439288/buy,"https://assets.myntassets.com/dpr_2,q_60,w_210,c_limit,fl_progressive/assets/images/2024/AUGUST/8/s31QHIEf_c0c7665493ef44fb8736e3a8309cb6c1.jpg"
Vincent Chase Unisex Wayfarer Sunglasses,Rs. 749,https://www.myntra.com/sunglasses/vincent+chase/vincent-chase-by-lenskart-unisex-green-lens--black-wayfarer-sunglasses-with-polarised-and-uv-protected-lens/19061872/buy,"https://assets.myntassets.com/dpr_2,q_60,w_210,c_limit,fl_progressive/assets/images/19061872/2024/11/20/8f4aa057-d980-48ee-9d82-dee938664e4e1732104798666-Vincent-Chase-by-Lenskart-Unisex-Green-Lens--Black-Wayfarer--1.jpg"
Fastrack Men Square Sunglasses,Rs. 809,https://www.myntra.com/sunglasses/fastrack/fastrack-men-square-sunglasses-with-uv-protected-lens-p357bk2v/30439219/buy,"https://assets.myntassets.com/dpr_2,q_60,w_210,c_limit,fl_progressive/assets/images/2024/AUGUST/12/zspgV0hI_c07dee717fa547058cd1738fe528c233.jpg"
Fastrack Unisex Square Sunglasses,Rs. 1440,https://www.myntra.com/sunglasses/fastrack/fastrack-unisex-square-sunglasses-with-uv-protected-lens-m254bk1v/30439246/buy,"https://assets.myntassets.com/dpr_2,q_60,w_210,c_limit,fl_progressive/assets/images/2024/AUGUST/12/ZOpjJWCU_19ed6b6120a04767bb7f6ce5f1b0dec2.jpg"
Fastrack Unisex Square Sunglasses,Rs. 855,https://www.myntra.com/sunglasses/fastrack/fastrack-unisex-square-sunglasses-with-uv-protected-lens-p444bk3v/30439286/buy,"https://assets.myntassets.com/dpr_2,q_60,w_210,c_limit,fl_progressive/assets/images/2024/AUGUST/8/frHefOpQ_b99b7c689ca84ac9b314006ee3a62780.jpg"
Roadster Unisex Wayfarer Sunglass,Rs. 359,https://www.myntra.com/sunglasses/roadster/the-roadster-lifestyle-co-unisex-black-uv-protected-wayfarer-sunglasses/29366380/buy,"https://assets.myntassets.com/dpr_2,q_60,w_210,c_limit,fl_progressive/assets/images/29366380/2024/5/5/aab10cce-00f6-424a-85af-dd9a913ed4f81714853932121Sunglasses1.jpg"
Fastrack Men Square Sunglasses,Rs. 1080,https://www.myntra.com/sunglasses/fastrack/fastrack-men-uv-protected-lens-square-sunglasses---p418bk3v/30439303/buy,"https://assets.myntassets.com/dpr_2,q_60,w_210,c_limit,fl_progressive/assets/images/2024/AUGUST/8/tpmEoe8n_e8b655078ff64a03a135ffeadd266fd0.jpg"
Fastrack Men Square Sunglasses,Rs. 899,https://www.myntra.com/sunglasses/fastrack/fastrack-men-square-sunglasses-with-uv-protected-lens-p448bk5tv/30439368/buy,"https://assets.myntassets.com/dpr_2,q_60,w_210,c_limit,fl_progressive/assets/images/2024/AUGUST/8/qUMkgsHg_f9f07567601a415d8cf8bdfb4515212e.jpg"
Fastrack Men Sports Sunglasses,Rs. 1080,https://www.myntra.com/sunglasses/fastrack/fastrack-men-sports-sunglasses-with-uv-protected-lens-p427wh6v/30439261/buy,"https://assets.myntassets.com/dpr_2,q_60,w_210,c_limit,fl_progressive/assets/images/2024/AUGUST/12/R6aDYIYQ_0b9586dd9d7840bab39bf325bb975855.jpg"
Vincent Chase Unisex Wayfarer Sunglasses with UV Protected Lens,Rs. 699,https://www.myntra.com/sunglasses/vincent+chase/vincent-chase-by-lenskart-unisex-green-lens--black-wayfarer-sunglasses-with-uv-protected-lens/19062364/buy,"https://assets.myntassets.com/dpr_2,q_60,w_210,c_limit,fl_progressive/assets/images/19062364/2024/11/20/0b0bf400-1f2c-4b53-b0db-ab3d6cf6401f1732105418032-Vincent-Chase-by-Lenskart-Unisex-Green-Lens--Black-Wayfarer--1.jpg"
Fastrack Men Rectangle Sunglasses,Rs. 1440,https://www.myntra.com/sunglasses/fastrack/fastrack-men-rectangle-sunglasses-with-uv-protected-lens-p448bk10v/32968454/buy,"https://assets.myntassets.com/dpr_2,q_60,w_210,c_limit,fl_progressive/assets/images/2025/MARCH/26/vkRJzJml_d1fbd9685f1948d7bae5189daf93e3ca.jpg"
Fastrack Men Square Sunglasses,Rs. 809,https://www.myntra.com/sunglasses/fastrack/fastrack-men-square-sunglasses-with-uv-protected-lens-p449gr1tv/30439255/buy,"https://assets.myntassets.com/dpr_2,q_60,w_210,c_limit,fl_progressive/assets/images/2024/AUGUST/8/9YF5sR2N_56926f42c95940ae873a14f5851bbc09.jpg"
Fastrack Men Square Sunglasses,Rs. 989,https://www.myntra.com/sunglasses/fastrack/fastrack-men-uv-protected-lens-square-sunglasses---p448gr2tv/30439232/buy,"https://assets.myntassets.com/dpr_2,q_60,w_210,c_limit,fl_progressive/assets/images/2024/AUGUST/8/WZbiQodd_ac0e704fa6f64e1c8093ac25c7180cd8.jpg"
Voyage Unisex Square Sunglasses,Rs. 756,https://www.myntra.com/sunglasses/voyage/voyage-unisex-square-sunglasses-8926mg2778/10392515/buy,"https://assets.myntassets.com/dpr_2,q_60,w_210,c_limit,fl_progressive/assets/images/10392515/2023/11/16/91095186-7015-4cc0-a1da-712f56e263261700134129333VoyageUnisexSquareSunglasses8926MG27781.jpg"
Fastrack Unisex Square Sunglasses,Rs. 1440,https://www.myntra.com/sunglasses/fastrack/fastrack-unisex-square-sunglasses-with-uv-protected-lens-m253bk6v/30439302/buy,"https://assets.myntassets.com/dpr_2,q_60,w_210,c_limit,fl_progressive/assets/images/30439302/2024/8/12/e1d3a723-3d0f-4e7c-b22a-66abdeef887b1723460123842-Black-Colored-Square-Sunglasses-for-Men-and-Women-From-Fastr-1.jpg"
Fastrack Men Square Sunglasses,Rs. 809,https://www.myntra.com/sunglasses/fastrack/fastrack-men-square-sunglasses-with-uv-protected-lens-p357br3v/30439204/buy,"https://assets.myntassets.com/dpr_2,q_60,w_210,c_limit,fl_progressive/assets/images/30439204/2024/9/24/d599f7a0-c4b4-4692-a53d-2b47569321a71727179099448-Fastrack-Men-Square-Sunglasses-with-UV-Protected-Lens-P357BR-1.jpg"
Fastrack Men Square Sunglasses,Rs. 809,https://www.myntra.com/sunglasses/fastrack/fastrack-men-uv-protected-lens-square-sunglasses---p357bk4v/30439270/buy,"https://assets.myntassets.com/dpr_2,q_60,w_210,c_limit,fl_progressive/assets/images/2024/AUGUST/12/tT2RSvly_111cfe0a7d2e437f982b2a414e716e11.jpg"
DressBerry Women Cat eye Sunglasses,Rs. 397,https://www.myntra.com/sunglasses/dressberry/dressberry-women-cat-eye-sunglasses-with-uv-protected-lens/30936865/buy,"https://assets.myntassets.com/dpr_2,q_60,w_210,c_limit,fl_progressive/assets/images/2024/SEPTEMBER/14/hfPr97P6_2d536a4138d040c78044fa886b66fc11.jpg"
Fastrack Men Aviator Sunglasses,Rs. 1440,https://www.myntra.com/sunglasses/fastrack/fastrack-men-aviator-sunglasses-with-uv-protected-lens-m242br1tv/30439253/buy,"https://assets.myntassets.com/dpr_2,q_60,w_210,c_limit,fl_progressive/assets/images/2024/AUGUST/8/l2ATaRrw_9ae0236da99544a8870426c86693112d.jpg"
Fastrack Unisex Aviator Sunglasses,Rs. 1440,https://www.myntra.com/sunglasses/fastrack/fastrack-unisex-aviator-sunglasses-with-uv-protected-lens-m256bu2v/30439240/buy,"https://assets.myntassets.com/dpr_2,q_60,w_210,c_limit,fl_progressive/assets/images/2024/AUGUST/12/L7ZaC3KP_8e3039f2a24f43398c16fa665f8bc435.jpg"
Fastrack Unisex Round Sunglasses,Rs. 1440,https://www.myntra.com/sunglasses/fastrack/fastrack-unisex-round-sunglasses-with-uv-protected-lens-m257pr10v/32968508/buy,"https://assets.myntassets.com/dpr_2,q_60,w_210,c_limit,fl_progressive/assets/images/32968508/2025/3/26/3f1c9211-651d-4268-acdb-4d7fbacee2691742967725155-Fastrack-Unisex-Sunglasses-4811742967724899-1.jpg"
Voyage Women Rectangle Sunglasses with UV Protected Lens,Rs. 845,https://www.myntra.com/sunglasses/voyage/voyage-women-black-lens-rectangle-sunglasses-with-uv-protected-lens-b80389mg3456c-/14582858/buy,"https://assets.myntassets.com/dpr_2,q_60,w_210,c_limit,fl_progressive/assets/images/14582858/2023/7/26/003a95a2-5b66-4872-839f-b9db8d0d17b31690350009740-Voyage-Women-Black-Lens-Rectangle-Sunglasses-with-UV-Protect-1.jpg"
Fastrack Unisex Round Sunglasses,Rs. 1440,https://www.myntra.com/sunglasses/fastrack/fastrack-unisex-round-sunglasses-with-uv-protected-lens-m257bk8v/30439289/buy,"https://assets.myntassets.com/dpr_2,q_60,w_210,c_limit,fl_progressive/assets/images/30439289/2024/8/12/94226448-158c-40f2-aae2-3faaa6ce5d341723460073876-Black-Colored-Round-Sunglasses-for-Men-and-Women-From-Fastra-1.jpg"
Fastrack Men Square Sunglasses,Rs. 809,https://www.myntra.com/sunglasses/fastrack/fastrack-men-square-sunglasses-with-uv-protected-lens-p449bk2tv/30439339/buy,"https://assets.myntassets.com/dpr_2,q_60,w_210,c_limit,fl_progressive/assets/images/2024/AUGUST/8/TlaMVOKz_3a02bb7a37704e8881d49de846cd13a1.jpg"
Fastrack Unisex Square Sunglasses,Rs. 1440,https://www.myntra.com/sunglasses/fastrack/fastrack-unisex-square-sunglasses-with-uv-protected-lens-m254bu3v/30439370/buy,"https://assets.myntassets.com/dpr_2,q_60,w_210,c_limit,fl_progressive/assets/images/30439370/2024/8/12/1794138e-28c3-4670-927f-99ba3666b96b1723453192672-Blue-Colored-Square-Sunglasses-for-Men-and-Women-From-Fastra-1.jpg"
Voyage Women Square Sunglasses,Rs. 750,https://www.myntra.com/sunglasses/voyage/voyage-women-square-sunglasses-with-uv-protected-lens-8926wmg2778/25286588/buy,"https://assets.myntassets.com/dpr_2,q_60,w_210,c_limit,fl_progressive/assets/images/25286588/2023/11/16/7052ec82-cfc8-4a0c-8f7c-5f4de8964ea01700125931989VoyageWomenSquareSunglassesWithUVProtectedLens-8926WMG27781.jpg"
Fastrack Unisex Round Sunglasses,Rs. 1440,https://www.myntra.com/sunglasses/fastrack/fastrack-unisex-round-sunglasses-with-uv-protected-lens-p467bu1v/30439323/buy,"https://assets.myntassets.com/dpr_2,q_60,w_210,c_limit,fl_progressive/assets/images/30439323/2024/8/12/6e19822b-a576-4786-8453-94a12c5983de1723460216534-Blue-Colored-Round-Sunglasses-for-Men-and-Women-From-Fastrac-1.jpg"
Fastrack Unisex Wayfarer Sunglasses,Rs. 1440,https://www.myntra.com/sunglasses/fastrack/fastrack-unisex-wayfarer-sunglasses-with-uv-protected-lens-p468gy6v/32968493/buy,"https://assets.myntassets.com/dpr_2,q_60,w_210,c_limit,fl_progressive/assets/images/32968493/2025/3/26/bcecb058-5389-421c-93c0-a4a277653cce1742982825178-Fastrack-Unisex-Sunglasses-5491742982824923-1.jpg"
Fastrack Women Oval Sunglasses,Rs. 1440,https://www.myntra.com/sunglasses/fastrack/fastrack-women-oval-sunglasses-with-uv-protected-lens-p180pr2fv/30439229/buy,"https://assets.myntassets.com/dpr_2,q_60,w_210,c_limit,fl_progressive/assets/images/2024/AUGUST/12/z42304Lu_b6011c646a4c4db8b91063ebbf439071.jpg"
Vincent Chase Women Cateye Sunglasses with Polarised and UV Protected,Rs. 749,https://www.myntra.com/sunglasses/vincent+chase/vincent-chase-by-lenskart-women-cateye-sunglasses-with-polarised-and-uv-protected-lens-139364/22431570/buy,"https://assets.myntassets.com/dpr_2,q_60,w_210,c_limit,fl_progressive/assets/images/22431570/2023/3/20/dc2aecbf-ecf6-4f1f-a771-384ce8ebb4571679305116820WomenGreyCateyeSunglassesMedium-VCS114705.jpg"
Fastrack Unisex Aviator Sunglasses,Rs. 1440,https://www.myntra.com/sunglasses/fastrack/fastrack-unisex-aviator-sunglasses-with-uv-protected-lens-m258bu6v/30439376/buy,"https://assets.myntassets.com/dpr_2,q_60,w_210,c_limit,fl_progressive/assets/images/30439376/2024/8/12/23871d95-a2a5-49f5-8f26-c2e6e766963a1723453329315-Blue-Colored-Aviator-Sunglasses-for-Men-and-Women-From-Fastr-1.jpg"
Fastrack Unisex Round Sunglasses,Rs. 1259,https://www.myntra.com/sunglasses/fastrack/fastrack-unisex-round-sunglasses-with-uv-protected-lens-m255bk1v/30439386/buy,"https://assets.myntassets.com/dpr_2,q_60,w_210,c_limit,fl_progressive/assets/images/30439386/2024/8/12/bb254a01-99cd-4481-afff-f6e9987a1a151723453419028-Black-Colored-Round-Sunglasses-for-Men-and-Women-From-Fastra-1.jpg"
Fastrack Men Square Sunglasses,Rs. 1080,https://www.myntra.com/sunglasses/fastrack/fastrack-men-square-sunglasses-with-uv-protected-lens-p428br9v/32968467/buy,"https://assets.myntassets.com/dpr_2,q_60,w_210,c_limit,fl_progressive/assets/images/2025/MARCH/26/BCf3J4zp_2ef324a8d46840f4aec3dc61b349ef62.jpg"
Vincent Chase Women Oval Sunglasses,Rs. 749,https://www.myntra.com/sunglasses/vincent+chase/vincent-chase-by-lenskart-women-grey-lens--gunmetal-toned-oval-sunglasses-with-uv-protected-lens/17614258/buy,"https://assets.myntassets.com/dpr_2,q_60,w_210,c_limit,fl_progressive/assets/images/17614258/2024/11/20/ba066ced-3f78-4c29-ad12-516ce4e0e5cd1732104112461-Vincent-Chase-by-Lenskart-Women-Grey-Lens--Gunmetal-Toned-Ov-1.jpg"
Fastrack Men Square Sunglasses,Rs. 899,https://www.myntra.com/sunglasses/fastrack/fastrack-men-square-sunglasses-with-uv-protected-lens-p448bk3tv/30439256/buy,"https://assets.myntassets.com/dpr_2,q_60,w_210,c_limit,fl_progressive/assets/images/2024/AUGUST/8/RxaZeVyo_0944158b05a54710bf52f09b4f929760.jpg"
Fastrack Men Rectangle Sunglasses,Rs. 855,https://www.myntra.com/sunglasses/fastrack/fastrack-men-rectangle-sunglasses-with-uv-protected-lens-p357bk11v/32968495/buy,"https://assets.myntassets.com/dpr_2,q_60,w_210,c_limit,fl_progressive/assets/images/2025/MARCH/26/xuKfD7hN_73b61b44a6444f03841fb9cf17fe238f.jpg"
Fastrack Unisex Aviator Sunglasses,Rs. 1440,https://www.myntra.com/sunglasses/fastrack/fastrack-unisex-aviator-sunglasses-with-uv-protected-lens-m258bk3v/30439260/buy,"https://assets.myntassets.com/dpr_2,q_60,w_210,c_limit,fl_progressive/assets/images/2024/AUGUST/12/kQvew14m_9c80761fec464f9691e27f82a8561e5a.jpg"
Voyage Oval Sunglass UV Protection,Rs. 720,https://www.myntra.com/sunglasses/voyage/voyage-unisex-black-lens-oval-sunglasses-with-uv-protected-lens-2038mg3051c/14582818/buy,"https://assets.myntassets.com/dpr_2,q_60,w_210,c_limit,fl_progressive/assets/images/14582818/2024/6/8/ddf8646d-b33b-4cfc-8c47-b00d7a002a221717819948985-Voyage-Unisex-Black-Lens-Oval-Sunglasses-with-UV-Protected-L-1.jpg"
Fastrack Men Square Sunglasses,Rs. 1440,https://www.myntra.com/sunglasses/fastrack/fastrack-men-uv-protected-lens-square-sunglasses---m243br4tv/30439365/buy,"https://assets.myntassets.com/dpr_2,q_60,w_210,c_limit,fl_progressive/assets/images/2024/AUGUST/8/8cIvZuLS_613f4391c02845e29f4b40fde6c61769.jpg"
Fastrack Unisex Round Sunglasses,Rs. 1440,https://www.myntra.com/sunglasses/fastrack/fastrack-unisex-round-sunglasses-with-uv-protected-lens-m255gr11v/32968445/buy,"https://assets.myntassets.com/dpr_2,q_60,w_210,c_limit,fl_progressive/assets/images/32968445/2025/3/26/0d6092b6-4e91-4d3c-a8c7-a23f674d83291742967711155-Fastrack-Unisex-Sunglasses-5391742967710928-1.jpg"
Fastrack Men Square Sunglasses,Rs. 1440,https://www.myntra.com/sunglasses/fastrack/fastrack-men-square-sunglasses-with-uv-protected-lens-m243bk3tv/30439252/buy,"https://assets.myntassets.com/dpr_2,q_60,w_210,c_limit,fl_progressive/assets/images/2024/AUGUST/8/DWhGg3VI_1b4c8fd64d28465dab0a8af53f002811.jpg"
Voyage Women Wayfarer Sunglasses,Rs. 666,https://www.myntra.com/sunglasses/voyage/voyage-women-black-uv-protected-wayfarer-sunglasses-a3046mg3182/11392274/buy,"https://assets.myntassets.com/dpr_2,q_60,w_210,c_limit,fl_progressive/assets/images/11392274/2024/7/29/7f9d354d-9e39-45c8-9e68-c20b2efcba1d1722245745423-Voyage-Women-Black-UV-Protected-Wayfarer-Sunglasses-A3046MG3-1.jpg"
Fastrack Men Sports Sunglasses,Rs. 899,https://www.myntra.com/sunglasses/fastrack/fastrack-men-sports-sunglasses-with-uv-protected-lens-p089gr3v-/30439205/buy,"https://assets.myntassets.com/dpr_2,q_60,w_210,c_limit,fl_progressive/assets/images/2024/SEPTEMBER/23/7zhbr92f_2bd6622b46934251816ab2d8a1b75625.jpg"
Fastrack Men Wayfarer Sunglasses,Rs. 1080,https://www.myntra.com/sunglasses/fastrack/fastrack-men-wayfarer-sunglasses-with-uv-protected-lens-p429bu11v/32968514/buy,"https://assets.myntassets.com/dpr_2,q_60,w_210,c_limit,fl_progressive/assets/images/32968514/2025/3/26/fd811934-5daa-4697-9e34-7c4bb0b2693b1742973138359-Fastrack-Men-Sunglasses-611742973138125-1.jpg"
Fastrack Men Wayfarer Sunglasses,Rs. 1080,https://www.myntra.com/sunglasses/fastrack/fastrack-men-wayfarer-sunglasses-with-uv-protected-lens-p428bu10v/32968466/buy,"https://assets.myntassets.com/dpr_2,q_60,w_210,c_limit,fl_progressive/assets/images/32968466/2025/3/26/edfa1655-b3c5-4794-99fe-f4c5a1ad93f91742973126176-Fastrack-Men-Sunglasses-2961742973125933-1.jpg"
Vincent Chase Unisex Wayfarer Sunglasses with UV Protected Lens,Rs. 849,https://www.myntra.com/sunglasses/vincent+chase/vincent-chase-by-lenskart-unisex-grey-lens--black-wayfarer-sunglasses-with-uv-protected-lens/19062052/buy,"https://assets.myntassets.com/dpr_2,q_60,w_210,c_limit,fl_progressive/assets/images/19062052/2024/11/23/9c6dd705-68a8-418c-b9ff-454820fa98a01732336038856-Vincent-Chase-by-Lenskart-Unisex-Grey-Lens--Black-Wayfarer-S-1.jpg"
Fastrack Unisex Aviator Sunglasses,Rs. 1440,https://www.myntra.com/sunglasses/fastrack/fastrack-unisex-aviator-sunglasses-with-uv-protected-lens-m255bu3v/30439265/buy,"https://assets.myntassets.com/dpr_2,q_60,w_210,c_limit,fl_progressive/assets/images/30439265/2024/9/16/b6c6a21d-277f-43e9-8a9e-853ed65e9b2b1726481169058-Fastrack-Unisex-Aviator-Sunglasses-with-UV-Protected-Lens-M2-1.jpg"
Fastrack Men Square Sunglasses,Rs. 989,https://www.myntra.com/sunglasses/fastrack/fastrack-men-square-sunglasses-with-uv-protected-lens-p418br2v-/30439335/buy,"https://assets.myntassets.com/dpr_2,q_60,w_210,c_limit,fl_progressive/assets/images/2024/AUGUST/8/XlacgQhM_88c9632946a54e2a967c959fe6d857bf.jpg"
Fastrack Men Square Sunglasses,Rs. 989,https://www.myntra.com/sunglasses/fastrack/fastrack-men-square-sunglasses-with-uv-protected-lens-p418br2v-/30439335/buy,"https://assets.myntassets.com/dpr_2,q_60,w_210,c_limit,fl_progressive/assets/images/2024/AUGUST/8/XlacgQhM_88c9632946a54e2a967c959fe6d857bf.jpg"
Fastrack Men Square Sunglasses,Rs. 809,https://www.myntra.com/sunglasses/fastrack/fastrack-men-square-sunglasses-with-uv-protected-lens-p449yl5tv/30439311/buy,"https://assets.myntassets.com/dpr_2,q_60,w_210,c_limit,fl_progressive/assets/images/2024/AUGUST/8/YxWAQLXm_6361886314ed44b69471fba1682fed2a.jpg"
Voyage Unisex Wayfarer Sunglasses,Rs. 720,https://www.myntra.com/sunglasses/voyage/voyage-unisex-black-lens--black-wayfarer-sunglasses-with-uv-protected-lens/19037770/buy,"https://assets.myntassets.com/dpr_2,q_60,w_210,c_limit,fl_progressive/assets/images/19037770/2024/7/29/b2514960-fa5d-4098-ad41-7dd4b2a529f41722246000006-Voyage-Unisex-Black-Lens--Black-Wayfarer-Sunglasses-with-UV--1.jpg"
Fastrack Men Sports Sunglasses,Rs. 1440,https://www.myntra.com/sunglasses/fastrack/fastrack-men-sports-sunglasses-with-uv-protected-lens-p351bk1v/30439334/buy,"https://assets.myntassets.com/dpr_2,q_60,w_210,c_limit,fl_progressive/assets/images/2024/AUGUST/8/1xRq19hC_fbe4cbae11714ed3a66a9e7e047ec8e6.jpg"
Fastrack Men Rectangle Sunglasses,Rs. 1440,https://www.myntra.com/sunglasses/fastrack/fastrack-men-rectangle-sunglasses-with-uv-protected-lens-p222br2v-/30439221/buy,"https://assets.myntassets.com/dpr_2,q_60,w_210,c_limit,fl_progressive/assets/images/2024/AUGUST/8/qfp79DHd_c0eddabd58af4e6db980cf558a5d0512.jpg"
Fastrack Men Rectangle Sunglasses,Rs. 1080,https://www.myntra.com/sunglasses/fastrack/fastrack-men-rectangle-sunglasses-with-uv-protected-lens-p419bk2v/30439196/buy,"https://assets.myntassets.com/dpr_2,q_60,w_210,c_limit,fl_progressive/assets/images/2024/AUGUST/12/rKWkc8L6_ec86600485644c21944686afa119216a.jpg"
Voyage Women Oval Sunglasses,Rs. 648,https://www.myntra.com/sunglasses/voyage/voyage-women-oval-uv-protected-sunglasses-b6101mg3175/11392336/buy,"https://assets.myntassets.com/dpr_2,q_60,w_210,c_limit,fl_progressive/assets/images/11392336/2024/3/22/421edab8-663c-4b6e-99fe-1e57a0d08d2b1711099507854-Voyage-Women-Oval-UV-Protected-Sunglasses-B6101MG3175-584171-1.jpg"
Fastrack Men Square Sunglasses,Rs. 809,https://www.myntra.com/sunglasses/fastrack/fastrack-men-uv-protected-lens-square-sunglasses---m243br4tv/30439379/buy,"https://assets.myntassets.com/dpr_2,q_60,w_210,c_limit,fl_progressive/assets/images/2024/AUGUST/8/VOm3YvnW_20060aa0187647f88809a418c7365bde.jpg"
Fastrack Men Sports Sunglasses,Rs. 1440,https://www.myntra.com/sunglasses/fastrack/fastrack-men-sports-sunglasses-with-uv-protected-lens-p222bu7v/32968535/buy,"https://assets.myntassets.com/dpr_2,q_60,w_210,c_limit,fl_progressive/assets/images/32968535/2025/3/26/6914173c-f7f7-4244-92da-851a17329c7a1742979254494-Fastrack-Men-Sunglasses-9241742979254232-1.jpg"
Voyage Women Cateye Sunglasses,Rs. 648,https://www.myntra.com/sunglasses/voyage/voyage-women-uv-protected-cateye-sunglasses-b6101mg3176/11392288/buy,"https://assets.myntassets.com/dpr_2,q_60,w_210,c_limit,fl_progressive/assets/images/11392288/2024/3/22/7db347f9-bece-4458-9f5b-fa8f56cfc2ce1711099478962-Voyage-Women-UV-Protected-Cateye-Sunglasses-B6101MG3176-7881-1.jpg"
Fastrack Men Sports Sunglasses,Rs. 1080,https://www.myntra.com/sunglasses/fastrack/fastrack-men-sports-sunglasses-with-uv-protected-lens-p089yl6v/32968442/buy,"https://assets.myntassets.com/dpr_2,q_60,w_210,c_limit,fl_progressive/assets/images/32968442/2025/3/26/754215a7-4fa0-4e5a-a61c-591a8e1148711742973114982-Fastrack-Men-Sunglasses-6801742973114779-1.jpg"
Fastrack Men Square Sunglasses,Rs. 899,https://www.myntra.com/sunglasses/fastrack/fastrack-men-square-sunglasses-with-uv-protected-lens-p446br2v/30439326/buy,"https://assets.myntassets.com/dpr_2,q_60,w_210,c_limit,fl_progressive/assets/images/2024/AUGUST/8/cLEiDIRS_0a8e41b0833a411389bc3a2ba1f89e9b.jpg"
Fastrack Men Sports Sunglasses,Rs. 1440,https://www.myntra.com/sunglasses/fastrack/fastrack-men-sports-sunglasses-with-uv-protected-lens-p222bk6v/32968519/buy,"https://assets.myntassets.com/dpr_2,q_60,w_210,c_limit,fl_progressive/assets/images/32968519/2025/3/26/a5c26d84-7137-42a3-a48a-b66ea2eae7391742979248933-Fastrack-Men-Sunglasses-8641742979248716-1.jpg"
Voyage Women Round Sunglasses,Rs. 720,https://www.myntra.com/sunglasses/voyage/voyage-women-round-sunglasses-with-uv-protected-lens-2038wmg3051/29775366/buy,"https://assets.myntassets.com/dpr_2,q_60,w_210,c_limit,fl_progressive/assets/images/29775366/2024/5/27/f1d1a4f4-32e0-41ae-8dd7-7e30e13042251716780771626VoyageWomenRoundSunglasseswithUVProtectedLens1.jpg"
Fastrack Men Rectangle Sunglasses,Rs. 1080,https://www.myntra.com/sunglasses/fastrack/fastrack-men-rectangle-sunglasses-with-uv-protected-lens-p429br9v/32968555/buy,"https://assets.myntassets.com/dpr_2,q_60,w_210,c_limit,fl_progressive/assets/images/32968555/2025/3/26/2dfb40c7-6636-4107-a5f8-89afbff7b7511742973193524-Fastrack-Men-Sunglasses-8861742973193296-1.jpg"
Fastrack Men Wayfarer Sunglasses,Rs. 1080,https://www.myntra.com/sunglasses/fastrack/fastrack-men-wayfarer-sunglasses-with-uv-protected-lens-p418yl5v/32968526/buy,"https://assets.myntassets.com/dpr_2,q_60,w_210,c_limit,fl_progressive/assets/images/32968526/2025/3/26/a2b090b6-bbad-4073-8162-0bda0fa13ab51742973182307-Fastrack-Men-Sunglasses-6611742973182058-1.jpg"
Voyage ,Rs. 750,https://www.myntra.com/sunglasses/voyage/voyage-women-grey-lens--gunmetal-toned-square-sunglasses-with-uv-protected-lens/24054980/buy,"https://assets.myntassets.com/dpr_2,q_60,w_210,c_limit,fl_progressive/assets/images/24054980/2023/11/16/256c88a7-f93b-485e-9275-6e4254f2c27c1700125957081VoyageWomenGreyLensGunmetal-TonedSquareSunglassesWithUVProte1.jpg"
Fastrack Men Rectangle Sunglasses,Rs. 1080,https://www.myntra.com/sunglasses/fastrack/fastrack-men-rectangle-sunglasses-with-uv-protected-lens-p420yl5v/32968474/buy,"https://assets.myntassets.com/dpr_2,q_60,w_210,c_limit,fl_progressive/assets/images/2025/MARCH/26/X6LbA0Gp_7ff5631b6c1443e5b25b2cda3bd1257c.jpg"
Voyage Women Cateye Sunglasses,Rs. 666,https://www.myntra.com/sunglasses/voyage/voyage-women-cateye-sunglasses-with-uv-protected-lens-b8725mg3186z/29775402/buy,"https://assets.myntassets.com/dpr_2,q_60,w_210,c_limit,fl_progressive/assets/images/29775402/2024/5/27/b094f233-06cd-4b33-99f3-9b69cb8f46741716780762928VoyageWomenCateyeSunglasseswithUVProtectedLens1.jpg"
Fastrack Men Square Sunglasses,Rs. 1889,https://www.myntra.com/sunglasses/fastrack/fastrack-men-square-sunglasses-with-uv-protected-lens-m183br1v/30439277/buy,"https://assets.myntassets.com/dpr_2,q_60,w_210,c_limit,fl_progressive/assets/images/2024/AUGUST/12/OcB6EWCn_dffb062ef2f340f7949b02fd7561bc0e.jpg"
Fastrack Men Aviator Sunglasses,Rs. 809,https://www.myntra.com/sunglasses/fastrack/fastrack-men-aviator-sunglasses-with-uv-protected-lens-p358bk2v/30439338/buy,"https://assets.myntassets.com/dpr_2,q_60,w_210,c_limit,fl_progressive/assets/images/2024/AUGUST/8/iLiGI1cr_cb21633e87ea4a0287c1aafe97fc560b.jpg"
Fastrack Men Aviator Sunglasses,Rs. 2970,https://www.myntra.com/sunglasses/fastrack/fastrack-men-aviator-sunglasses-with-uv-protected-lens-m165gy19gv-/30439371/buy,"https://assets.myntassets.com/dpr_2,q_60,w_210,c_limit,fl_progressive/assets/images/30439371/2024/8/12/9faf5c5f-e2cd-4d35-908d-d44b6637e20e1723453200139-Blue-Colored-Aviator-Sunglasses-for-Men-From-Fastrack-826172-1.jpg"
Voyage Women Round Sunglasses,Rs. 750,https://www.myntra.com/sunglasses/voyage/voyage-women-lens--round-sunglasses-with-polarised--uv-protected-lens/24054926/buy,"https://assets.myntassets.com/dpr_2,q_60,w_210,c_limit,fl_progressive/assets/images/24054926/2023/11/16/f21f9b9a-ec38-4ee1-bda8-e3618d1c92571700125940529VoyageWomenLensRoundSunglassesWithPolarisedUVProtectedLens1.jpg"
Fastrack Men Aviator Sunglasses,Rs. 2070,https://www.myntra.com/sunglasses/fastrack/fastrack-men-uv-protected-lens-aviator-sunglasses-m138bk1v/30439190/buy,"https://assets.myntassets.com/dpr_2,q_60,w_210,c_limit,fl_progressive/assets/images/2024/AUGUST/8/pkI0TMa6_b57171cf32b444acafb5149fe50333a8.jpg"
Fastrack Men Round Sunglasses,Rs. 1529,https://www.myntra.com/sunglasses/fastrack/fastrack-men-round-sunglasses-with-polarised-and-uv-protected-lens-p383gr8pv/30439397/buy,"https://assets.myntassets.com/dpr_2,q_60,w_210,c_limit,fl_progressive/assets/images/30439397/2024/9/27/3c5bd308-9695-44ed-9643-27adb4dd83161727427672549-Fastrack-Men-Polarised-and-UV-Protected-Lens-Round-Sunglasse-1.jpg"
Fastrack Men Aviator Sunglasses,Rs. 2070,https://www.myntra.com/sunglasses/fastrack/fastrack-men-aviator-sunglasses-with-uv-protected-lens-m198br2v-/30439325/buy,"https://assets.myntassets.com/dpr_2,q_60,w_210,c_limit,fl_progressive/assets/images/2024/AUGUST/8/pxZBMG7X_55395d64151b4948a88b9ccd0d75a8e6.jpg"
Fastrack Unisex Square Sunglasses,Rs. 1710,https://www.myntra.com/sunglasses/fastrack/fastrack-unisex-square-sunglasses-with-polarised-lens-p467gy11pv/32968443/buy,"https://assets.myntassets.com/dpr_2,q_60,w_210,c_limit,fl_progressive/assets/images/32968443/2025/3/26/eb30e4b2-892d-4720-833d-28c52479fa5d1742982792147-Fastrack-Unisex-Sunglasses-2771742982791917-1.jpg"
ROYAL SON Women Oversized Sunglasses,Rs. 679,https://www.myntra.com/sunglasses/royal+son/royal-son-women-uv-protected-oversized-sunglasses-chi0096-c8-r1/13752082/buy,"https://assets.myntassets.com/dpr_2,q_60,w_210,c_limit,fl_progressive/assets/images/13752082/2025/2/17/17732a47-ab80-4f38-ae0d-466ef55cd7211739793378012-ROYAL-SON-Women-UV-Protected-Oversized-Sunglasses-CHI0096-C8-1.jpg"
Fastrack Unisex Square Sunglasses,Rs. 1440,https://www.myntra.com/sunglasses/fastrack/fastrack-unisex-square-sunglasses-with-uv-protected-lens-p467bu6v/32968459/buy,"https://assets.myntassets.com/dpr_2,q_60,w_210,c_limit,fl_progressive/assets/images/32968459/2025/3/26/ec8a08ce-2c2b-4f8d-bc94-de4007f4c6dc1742982820528-Fastrack-Unisex-Sunglasses-5841742982820285-1.jpg"
Fastrack Men Aviator Sunglasses,Rs. 2970,https://www.myntra.com/sunglasses/fastrack/fastrack-men-aviator-sunglasses-with-uv-protected-lens-m165gr39gv/32968450/buy,"https://assets.myntassets.com/dpr_2,q_60,w_210,c_limit,fl_progressive/assets/images/32968450/2025/3/26/6d8dfec2-9e7e-4ff5-be12-2a9d8d5f4d6c1742979226861-Fastrack-Men-Sunglasses-9671742979226672-1.jpg"
Vincent Chase UV Protected Sunglasses,Rs. 789,https://www.myntra.com/sunglasses/vincent+chase/vincent-chase-by-lenskart-lens--wayfarer-sunglasses-with-polarised-and-uv-protected-lens-148065/22460260/buy,"https://assets.myntassets.com/dpr_2,q_60,w_210,c_limit,fl_progressive/assets/images/22460260/2023/3/22/5055b4b6-50c6-43f1-b5f8-ac82945f10b21679428891734UnisexGreenWayfarerSunglassesLarge-VCS139805.jpg"
Fastrack Women Round Sunglasses,Rs. 1890,https://www.myntra.com/sunglasses/fastrack/fastrack-women-round-sunglasses-with-uv-protected-lens-m274bl1v/32968550/buy,"https://assets.myntassets.com/dpr_2,q_60,w_210,c_limit,fl_progressive/assets/images/32968550/2025/3/26/3c6b76f6-2b26-4641-baf7-1a552a5e60c51742968550549-Fastrack-Women-Sunglasses-8481742968550296-1.jpg"
DressBerry Women Oval Sunglasses,Rs. 539,https://www.myntra.com/sunglasses/dressberry/dressberry-women-uv-protected-lens-oval-sunglasses-/30835326/buy,"https://assets.myntassets.com/dpr_2,q_60,w_210,c_limit,fl_progressive/assets/images/2024/SEPTEMBER/4/GNhQIKrz_2d7ffcfdf9654e669c32ea76a3f57065.jpg"
Fastrack Men Aviator Sunglasses,Rs. 2970,https://www.myntra.com/sunglasses/fastrack/fastrack-men-aviator-sunglasses-with-uv-protected-lens-m165br23gv/30439282/buy,"https://assets.myntassets.com/dpr_2,q_60,w_210,c_limit,fl_progressive/assets/images/2024/AUGUST/12/TyZgokVj_91fead07a81641ab972301264c22a11e.jpg"
Voyage Women Oval Sunglasses,Rs. 666,https://www.myntra.com/sunglasses/voyage/voyage-women-oval-sunglasses-b8725mg3186/11392294/buy,"https://assets.myntassets.com/dpr_2,q_60,w_210,c_limit,fl_progressive/assets/images/11392294/2024/3/22/ba982a56-4e27-4519-8429-17d3ecd83ead1711099489444-Voyage-Women-Oval-Sunglasses-B8725MG3186-2631711099489224-1.jpg"
Fastrack Women Round Sunglasses,Rs. 2070,https://www.myntra.com/sunglasses/fastrack/fastrack-women-round-sunglasses-with-uv-protected-lens-c085pk6v/32968446/buy,"https://assets.myntassets.com/dpr_2,q_60,w_210,c_limit,fl_progressive/assets/images/32968446/2025/3/26/94f76b5e-39c0-4f4e-9f07-59a76bbffcf21742970969197-Fastrack-Women-Sunglasses-1271742970968946-1.jpg"
Fastrack Women Oval Sunglasses,Rs. 1440,https://www.myntra.com/sunglasses/fastrack/fastrack-women-oval-sunglasses-with-uv-protected-lens-p188br1fv/30439185/buy,"https://assets.myntassets.com/dpr_2,q_60,w_210,c_limit,fl_progressive/assets/images/2024/AUGUST/8/wKJ4JI6P_b3d7b733e62d4578b7d46bfbb58bdb5d.jpg"
ROYAL SON Women Oversized Sunglasses,Rs. 679,https://www.myntra.com/sunglasses/royal+son/royal-son-women-oversized-uv-protected-sunglasses-chi0096-c2/11627276/buy,"https://assets.myntassets.com/dpr_2,q_60,w_210,c_limit,fl_progressive/assets/images/11627276/2025/2/17/5d120c1b-94bb-4473-a73d-4b1292f84f461739793344333-ROYAL-SON-Women-Oversized-UV-Protected-Sunglasses-CHI0096-C2-1.jpg"
Vincent Chase Unisex Wayfarer Sunglasses,Rs. 749,https://www.myntra.com/sunglasses/vincent+chase/vincent-chase-by-lenskart-unisex-grey-lens--black-sunglasses-with-polarised-and-uv-protected-lens/19061784/buy,"https://assets.myntassets.com/dpr_2,q_60,w_210,c_limit,fl_progressive/assets/images/19061784/2024/11/20/50f2c8f7-a99c-4a21-97d2-a9279e73fbd01732104486661-Vincent-Chase-by-Lenskart-Unisex-Grey-Lens--Black-Sunglasses-1.jpg"
Voyage Unisex Oval Sunglasses,Rs. 959,https://www.myntra.com/sunglasses/voyage/voyage-unisex-oval-sunglasses-with-uv-protected-lens-b80580mg5182/26883092/buy,"https://assets.myntassets.com/dpr_2,q_60,w_210,c_limit,fl_progressive/assets/images/26883092/2024/1/11/2c6b004e-56b5-498c-a790-552c87906f1a1704980658351VoyageUnisexBlackLensGold-TonedOvalSunglasseswithUVProtected1.jpg"
Roadster Women Aviator Sunglasses,Rs. 559,https://www.myntra.com/sunglasses/roadster/roadster-women-aviator-sunglasses-with-uv-protected-lens-rock-sqaure-silver-blue-rd-1/25027042/buy,"https://assets.myntassets.com/dpr_2,q_60,w_210,c_limit,fl_progressive/assets/images/25027042/2023/9/18/1049e3a6-6b51-4828-916d-b7fef99fb2e11695015567175Sunglasses1.jpg"
HASHTAG EYEWEAR Women Oversized Sunglasses,Rs. 749,https://www.myntra.com/sunglasses/hashtag+eyewear/hashtag-eyewear-women-oversized-sunglasses-with-uv-protected-lens-g-15065-pink/27997614/buy,"https://assets.myntassets.com/dpr_2,q_60,w_210,c_limit,fl_progressive/assets/images/27997614/2024/10/28/4f4676f3-a216-455d-9fa1-c4a913c98fe51730097724584-HASHTAG-EYEWEAR-Women-Oversized-Sunglasses-With-UV-Protected-1.jpg"
Vincent Chase Unisex Round Sunglasses with Polarised and UV Protected,Rs. 749,https://www.myntra.com/sunglasses/vincent+chase/vincent-chase-by-lenskart-unisex-green-lens--silver-toned-round-sunglasses-with-polarised-and-uv-protected-lens/19062324/buy,"https://assets.myntassets.com/dpr_2,q_60,w_210,c_limit,fl_progressive/assets/images/19062324/2024/11/20/4f3645ae-6a0e-41a8-89de-20d88c7a66a51732105331742-Vincent-Chase-by-Lenskart-Unisex-Green-Lens--Silver-Toned-Ro-1.jpg"
Fastrack Women Round Sunglasses,Rs. 2970,https://www.myntra.com/sunglasses/fastrack/fastrack-women-round-sunglasses-with-uv-protected-lens-m234pr1fv/32968463/buy,"https://assets.myntassets.com/dpr_2,q_60,w_210,c_limit,fl_progressive/assets/images/32968463/2025/3/26/7c4fbc9c-abda-4930-8904-b945ec1072821742968536102-Fastrack-Women-Sunglasses-5831742968535880-1.jpg"
Voyage Unisex Round Sunglasses,Rs. 1290,https://www.myntra.com/sunglasses/voyage/voyage-unisex-round-sunglasses-with-polarised-and-uv-protected-lens/31157617/buy,"https://assets.myntassets.com/dpr_2,q_60,w_210,c_limit,fl_progressive/assets/images/2024/SEPTEMBER/28/2pAIfAiY_cd33444e42a343a79f3f736aac805115.jpg"
Snitch Men Rectangle Sunglasses,Rs. 999,https://www.myntra.com/sunglasses/snitch/snitch-men-rectangle-sunglasses-sn0063/32693949/buy,"https://assets.myntassets.com/dpr_2,q_60,w_210,c_limit,fl_progressive/assets/images/2025/FEBRUARY/7/rvitYTmE_dc2ef0e08b5d4b409c9c4dfefd798c63.jpg"
Fastrack Women Round Sunglasses,Rs. 2250,https://www.myntra.com/sunglasses/fastrack/fastrack-women-round-sunglasses-with-uv-protected-lens-p370bk1fv/32968517/buy,"https://assets.myntassets.com/dpr_2,q_60,w_210,c_limit,fl_progressive/assets/images/32968517/2025/3/26/8e90d428-ff32-4fbb-b1b5-f17b5d3504ac1742968541773-Fastrack-Women-Sunglasses-9981742968541551-1.jpg"
Vincent Chase Unisex Wayfarer Sunglasses with Polarised and UV Protected,Rs. 659,https://www.myntra.com/sunglasses/vincent+chase/vincent-chase-by-lenskart-unisex-green-wayfarer-sunglasses-with-polarised-and-uv-protected-lens-130814/17844970/buy,"https://assets.myntassets.com/dpr_2,q_60,w_210,c_limit,fl_progressive/assets/images/17844970/2024/11/23/34a3546a-9fed-402a-b457-9612678405fd1732335929871-Vincent-Chase-by-Lenskart-Unisex-Green-Wayfarer-Sunglasses-w-1.jpg"
Roadster Rimless Rectangular Sunglasses,Rs. 499,https://www.myntra.com/sunglasses/roadster/the-roadster-lifestyle-co-rimless-rectangular-sunglasses/32595207/buy,"https://assets.myntassets.com/dpr_2,q_60,w_210,c_limit,fl_progressive/assets/images/2025/JANUARY/31/XyvEi9ox_94d3b86b0b934cdbb4faeb1278ceda4c.jpg"
Voyage Women Cateye Sunglasses with UV Protected Lens,Rs. 666,https://www.myntra.com/sunglasses/voyage/voyage-women-brown-lens-cateye-sunglasses-with-uv-protected-lens-5852mg2858c/14583000/buy,"https://assets.myntassets.com/dpr_2,q_60,w_210,c_limit,fl_progressive/assets/images/14583000/2023/11/16/12486cdb-291f-4db7-9c5a-9af3bd2dda4e1700134094815VoyageWomenBrownLensCateyeSunglasseswithUVProtectedLens5852M1.jpg"
Fastrack Men Wayfarer Sunglasses,Rs. 1710,https://www.myntra.com/sunglasses/fastrack/fastrack-men-wayfarer-sunglasses-with-uv-protected-lens-p415br3v/32968531/buy,"https://assets.myntassets.com/dpr_2,q_60,w_210,c_limit,fl_progressive/assets/images/32968531/2025/3/26/eefaa449-2ce2-49e8-bb54-1b888f45bf571742973142973-Fastrack-Men-Sunglasses-761742973142737-1.jpg"
Voyage Women Cateye Sunglasses,Rs. 516,https://www.myntra.com/sunglasses/voyage/voyage-women-cateye-uv-protected-sunglasses-1020mg3296/11606596/buy,"https://assets.myntassets.com/dpr_2,q_60,w_210,c_limit,fl_progressive/assets/images/11606596/2024/3/22/2d651e5a-ab61-4a62-9214-873eb777d1f91711099542708-Voyage-Women-Cateye-UV-Protected-Sunglasses-1020MG3296-67417-1.jpg"
Fastrack Women Oval Sunglasses,Rs. 2970,https://www.myntra.com/sunglasses/fastrack/fastrack-women-oval-sunglasses-with-uv-protected-lens-c056pr2fv/30439294/buy,"https://assets.myntassets.com/dpr_2,q_60,w_210,c_limit,fl_progressive/assets/images/2024/AUGUST/8/ZVOLzmUm_a9d87b4b5bae4e23aa532a219bdee076.jpg"
Voyage Women Cateye Sunglasses,Rs. 666,https://www.myntra.com/sunglasses/voyage/voyage-women-cateye-sunglasses-with-uv-protected-lens-b8725mg3188z/29775408/buy,"https://assets.myntassets.com/dpr_2,q_60,w_210,c_limit,fl_progressive/assets/images/29775408/2024/11/22/079ce6a0-e9f3-48cf-bf59-f2be064f9f121732269301999-Voyage-Women-Cateye-Sunglasses-with-UV-Protected-Lens-B8725M-1.jpg"
Vincent Chase UV Protected Sunglasses,Rs. 789,https://www.myntra.com/sunglasses/vincent+chase/vincent-chase-by-lenskart-lens--wayfarer-sunglasses-with-polarised-and-uv-protected-lens-148039/22460250/buy,"https://assets.myntassets.com/dpr_2,q_60,w_210,c_limit,fl_progressive/assets/images/22460250/2023/3/22/6c143c55-5c92-415e-a3e0-7c0f5f2210141679428894541UnisexGreyWayfarerSunglassesLarge-VCS139735.jpg"
Fastrack Men Aviator Sunglasses,Rs. 1710,https://www.myntra.com/sunglasses/fastrack/fastrack-men-aviator-sunglasses-with-polarised-and-uv-protected-lens-p358bk4pv-/30439341/buy,"https://assets.myntassets.com/dpr_2,q_60,w_210,c_limit,fl_progressive/assets/images/30439341/2024/8/12/412dffd9-b7ab-4656-80dc-e3413b43a7411723460272039-Green-Colored-Aviator-Sunglasses-for-Men-From-Fastrack-54172-1.jpg"
Voyage Women Cateye Sunglasses with UV Protected Lens,Rs. 666,https://www.myntra.com/sunglasses/voyage/voyage-women-black-lens--black-cateye-sunglasses-with-uv-protected-lens/15814580/buy,"https://assets.myntassets.com/dpr_2,q_60,w_210,c_limit,fl_progressive/assets/images/15814580/2023/9/5/ca452b9f-48fe-4fe7-8384-c2a087bb58cd1693887041516-Voyage-Women-Black-Lens--Black-Cateye-Sunglasses-with-UV-Pro-1.jpg"
Voyage Women UV Protected Sunglasses,Rs. 750,https://www.myntra.com/sunglasses/voyage/voyage-women-oval-uv-protected-sunglasses-g15059mg4224/24054804/buy,"https://assets.myntassets.com/dpr_2,q_60,w_210,c_limit,fl_progressive/assets/images/24054804/2023/11/16/f9e77a15-2501-49f6-bc5d-e0ae58a278ca1700125952947VoyageWomenOvalUVProtectedSunglassesG15059MG42241.jpg"
